Timestamp,Action,Case #,Auction Date,Property Address,Final Judgment,Assessed Value,Plaintiff Max Bid,Parcel ID
2026-04-15T07:48:33,NEW,2025-CA-002264-O,04/16/2026 11:00 AM ET,"19 W PRINCETON ST ORLANDO, 32804","$901,960.11","$911,520.00",Hidden,292213774004110
2026-04-15T07:48:33,NEW,2024-CC-022231-O,04/20/2026 11:00 AM ET,"2032 CANOPY CIR UNIT 148 ZELLWOOD, 32798","$15,787.43","$173,120.00",Hidden,272025982500148
2026-04-15T07:48:33,NEW,2025-CA-005937-O,04/20/2026 11:00 AM ET,"11056 CLIPPER CT WINDERMERE, 34786","$1,251,782.68","$1,060,792.00","$1,272,634.26",282305550200140
2026-04-15T07:48:33,NEW,2022-CA-000948-O,04/21/2026 11:00 AM ET,"11824 GREAT COMMISSION WAY ORLANDO, 32832","$338,821.76","$343,740.00",Hidden,312410266602720
2026-04-15T07:48:33,NEW,2022-CC-014013-O,04/21/2026 11:00 AM ET,"2045 EL MARRA DR OCOEE, 34761","$19,305.16","$388,620.00","$407,549.76",Property
2026-04-15T07:48:33,NEW,2024-CA-005721-O,04/21/2026 11:00 AM ET,"3408 N WESTMORELAND DR ORLANDO, 32804","$343,567.22","$187,430.00",Hidden,292210242204050
2026-04-15T07:48:33,NEW,2024-CA-006356-O,04/21/2026 11:00 AM ET,"5550 E MICHIGAN ST UNIT 2325 ORLANDO, 32822","$129,481.16","$110,673.00",Hidden,302304734602325
2026-04-15T07:48:33,NEW,2024-CA-010490-O,04/21/2026 11:00 AM ET,"6451 OLD PARK LN UNIT 407 ORLANDO, 32835","$204,793.55","$177,900.00","$204,793.55",282301819004407
2026-04-15T07:48:33,NEW,2024-CA-010493-O,04/21/2026 11:00 AM ET,"5566 METROWEST BLVD UNIT 2-103 ORLANDO, 32811","$149,466.65","$180,496.00","$160,226.59",292306660302103
2026-04-15T07:48:33,NEW,2025-CA-000214-O,04/21/2026 11:00 AM ET,"3611 WESTWOOD RD ORLANDO, 32808","$225,430.72","$123,429.00",Hidden,282212705107140
2026-04-15T07:48:33,NEW,2025-CA-000455-O,04/21/2026 11:00 AM ET,"5528 MINUTE MAN CT ORLANDO, 32821","$5,882.78","$294,040.00",Hidden,TIMESHARE
2026-04-15T07:48:33,NEW,2018-CA-013612-O,04/22/2026 11:00 AM ET,"1401 YATES ST ORLANDO, 32804","$158,872.04","$177,149.00",Hidden,292222177601400
2026-04-15T07:48:33,NEW,2023-CA-017015-O,04/22/2026 11:00 AM ET,"531 RUFFEL ST MAITLAND, 32751","$47,485.25","$244,320.00","$62,175.19",292136000000096
2026-04-15T07:48:33,NEW,2024-CA-009153-O,04/23/2026 11:00 AM ET,"5710 JOYCE ST ORLANDO, 32839","$270,142.46","$228,620.00",Hidden,292324541602060
2026-04-15T07:48:33,NEW,2024-CA-010448-O,04/23/2026 11:00 AM ET,"4409 WATCH HILL RD ORLANDO, 32808","$224,549.92","$128,637.00",Hidden,292206889400900
2026-04-15T07:48:33,NEW,2025-CA-007586-O,04/23/2026 11:00 AM ET,"1944 BRIDGEVIEW CIR ORLANDO, 32824","$8,260.55","$366,015.00",Hidden,302430946789280
2026-04-15T07:48:33,NEW,2025-CA-008403-O,04/23/2026 11:00 AM ET,"101 S GLENWOOD AVE ORLANDO, 32803","$382,804.67","$292,670.00",Hidden,302230358400460
2026-04-15T07:48:33,NEW,2025-CA-005085-O,04/24/2026 11:00 AM ET,"4204 COLUMBIA ST ORLANDO, 32811-4170","$40,406.69","$279,290.00","$222,388.82",TIMESHARE
2026-04-15T07:48:33,NEW,2025-CA-010318-O,04/24/2026 11:00 AM ET,"5765 ST CHRISTOPHER DR UNIT 56 ORLANDO, 32822","$133,397.76","$95,259.00","$135,200.00",302315793207560
2026-04-15T07:48:33,NEW,2025-CA-007146-O,04/27/2026 11:00 AM ET,"10436 JANE EYRE DR ORLANDO, 32825","$233,018.61","$303,087.00",Hidden,312229668802200
2026-04-15T07:48:33,NEW,2025-CA-010076-O,04/27/2026 11:00 AM ET,"2707 GRASSMERE LN ORLANDO, 32808","$353,453.90","$348,790.00",Hidden,282213923802040
2026-04-15T07:48:33,NEW,2024-CA-011315-O,04/28/2026 11:00 AM ET,"2943 WOOLRIDGE DR ORLANDO, 32837","$3,545.71","$112,760.00",Hidden,TIMESHARE
2026-04-15T07:48:33,NEW,2025-CA-006362-O,04/28/2026 11:00 AM ET,"101 W GRANT ST ORLANDO, 32806","$6,705.78","$501,950.00",Hidden,TIMESHARE
2026-04-15T07:48:33,NEW,2024-CA-006165-O,05/01/2026 11:00 AM ET,"2533 BRAMPTON CT ORLANDO, 32817","$184,647.91","$222,099.00",Hidden,312218022401890
2026-04-15T07:48:33,NEW,2025-CA-005675-O,05/01/2026 11:00 AM ET,"9925 RED CLOVER AVE ORLANDO, 32824","$207,893.12","$88,379.00",Hidden,302406555901010
2026-04-15T07:48:33,NEW,2015-CA-010814-O,05/05/2026 11:00 AM ET,"7101 WHITE TRILLIUM CIR ORLANDO, 32818","$740,905.16","$340,660.00",Hidden,282202243100410
2026-04-15T07:48:33,NEW,2017-CA-002998-O,05/05/2026 11:00 AM ET,"7866 BARDMOOR HILL CIR ORLANDO, 32835","$527,527.95","$331,673.00",Hidden,282303566201490
2026-04-15T07:48:33,NEW,2023-CA-011611-O,05/05/2026 11:00 AM ET,"4025 SHORECREST DR ORLANDO, 32804","$215,315.97","$258,801.00",Hidden,292211069206150
2026-04-15T07:48:33,NEW,2023-CA-011632-O,05/05/2026 11:00 AM ET,"10244 SANDY MARSH LN ORLANDO, 32832","$354,853.35","$540,558.00",Hidden,312409512901190
2026-04-15T07:48:33,NEW,2022-CA-003757-O,05/06/2026 11:00 AM ET,"9923 CASTLETON ST ORLANDO, 32817","$270,746.51","$217,416.00",Hidden,312207380001620
2026-04-15T07:48:33,NEW,2023-CC-009899-O,05/06/2026 11:00 AM ET,"5317 INDIAN CREEK DRIVE # F-02 ORLANDO, 32811","$54,932.02","$566,290.00",Hidden,Property
2026-04-15T07:48:33,NEW,2025-CA-008451-O,05/06/2026 11:00 AM ET,"5263 CORAL CT UNIT 632 ORLANDO, 32811","$123,031.31","$207,300.00",Hidden,TIMESHARE
2026-04-15T07:48:33,NEW,2022-CA-005715-O,05/07/2026 11:00 AM ET,"2213 BONNEVILLE DR ORLANDO, 32826","$128,775.10","$189,750.00",Hidden,312214653910053
2026-04-15T07:48:33,NEW,2023-CA-014748-O,05/07/2026 11:00 AM ET,"7133 TALLOWTREE LN ORLANDO, 32835","$318,677.53","$393,800.00",Hidden,282226393000110
2026-04-15T07:48:33,NEW,2024-CA-001014-O,05/07/2026 11:00 AM ET,"1504 ST LAWRENCE ST ORLANDO, 32818","$377,470.74","$302,470.00",Hidden,282222889200430
2026-04-15T07:48:33,NEW,2024-CA-005626-O,05/07/2026 11:00 AM ET,"1984 CASABA COVE AVE OCOEE, 34761","$33,263.02","$401,900.00",Hidden,282204627400500
2026-04-15T07:48:33,NEW,2024-CA-010848-O,05/07/2026 11:00 AM ET,"10633 WATERTOWN CT ORLANDO, 32821","$349,142.59","$294,100.00",Hidden,292407935903090
2026-04-15T07:48:33,NEW,2024-CC-017891-O,05/07/2026 11:00 AM ET,"5313 INDIAN CREEK DRIVE ORLANDO, 32811","$19,034.42","$594,160.00",Hidden,Property
2026-04-15T07:48:33,NEW,2025-CA-003935-O,05/07/2026 11:00 AM ET,"430 ASHLEY BROOKE CT APOPKA, 32712","$303,364.43","$229,776.00",Hidden,282105646149020
2026-04-15T07:48:33,NEW,2025-CA-009407-O,05/07/2026 11:00 AM ET,"449 LAKE VIEW DR APOPKA, 32703","$241,942.74","$275,110.00",Hidden,282106718802020
2026-04-15T07:48:33,NEW,2025-CA-004691-O,05/11/2026 11:00 AM ET,"4860 HOPESPRING DR ORLANDO, 32829","$73,169.83","$286,865.00",Hidden,TIMESHARE
2026-04-15T07:48:33,NEW,2022-CA-002022-O,05/12/2026 11:00 AM ET,"632 LOST GROVE CIR WINTER GARDEN, 34787","$347,446.92","$424,114.00",Hidden,272235323100370
2026-04-15T07:48:33,NEW,2024-CA-005708-O,05/12/2026 11:00 AM ET,"11419 BRINDLE ST ORLANDO, 32824","$204,280.55","$125,267.00",Hidden,302418887300550
2026-04-15T07:48:33,NEW,2024-CA-008033-O,05/12/2026 11:00 AM ET,"1211 FLOWERS POINTE LN ORLANDO, 32825","$238,395.47","$212,316.00",Hidden,312220280200130
2026-04-15T07:48:33,NEW,2024-CA-011067-O,05/12/2026 11:00 AM ET,"1406 SPRING FEST LN ORLANDO, 32828","$7,209.49","$562,790.00",Hidden,TIMESHARE
2026-04-15T07:48:33,NEW,2022-CA-007038-O,05/13/2026 11:00 AM ET,"13008 GRAND BANK LN ORLANDO, 32825","$329,078.13","$186,683.00",Hidden,312309020600290
2026-04-15T07:48:33,NEW,2024-CA-010048-O,05/14/2026 11:00 AM ET,"3142 TIMUCUA CIR ORLANDO, 32837","$546,965.83","$495,130.00",Hidden,292433310901080
2026-04-15T07:48:33,NEW,2025-CC-016191-O,05/14/2026 11:00 AM ET,"4066 FEATHER TREE DR APOPKA, 32712","$7,802.88","$370,900.00",Hidden,272013933501070
2026-04-15T07:48:33,NEW,2023-CC-001916-O,05/18/2026 11:00 AM ET,"2743 OSPREY CREEK LN ORLANDO, 32825","$3,439.37","$411,060.00",Hidden,312305197301100
2026-04-15T07:48:33,NEW,2025-CA-004151-O,05/18/2026 11:00 AM ET,"121 PROSPER DR APOPKA, 32703","$210,563.99","$48,086.00",Hidden,282111284000020
2026-04-15T07:48:33,NEW,2022-CA-005532-O,05/19/2026 11:00 AM ET,"5302 BURNING TREE ORLANDO, 32811","$110,469.33","$157,645.00",Hidden,Property
2026-04-15T07:48:33,NEW,2024-CA-009079-O,05/19/2026 11:00 AM ET,"5237 ISLEWORTH COUNTRY CLUB DR WINDERMERE, 34786","$3,249,265.57","$2,770,580.00",Hidden,282316389902320
2026-04-15T07:48:33,NEW,2024-CA-010374-O,05/19/2026 11:00 AM ET,"4010 OLD WINTER GARDEN RD ORLANDO, 32805","$452,364.74","$980,027.00",Hidden,292229459203030
2026-04-15T07:48:33,NEW,2025-CA-006161-O,05/19/2026 11:00 AM ET,"1407 KENNY CT WINTER GARDEN, 34787","$2,236.36","$77,437.00",Hidden,TIMESHARE
2026-04-15T07:48:33,NEW,2023-CA-004589-O,05/21/2026 11:00 AM ET,"5627 MASTERS BLVD ORLANDO, 32819","$587,486.99","$560,370.00",Hidden,282321055404260
2026-04-15T07:48:33,NEW,2024-CA-010876-O,05/21/2026 11:00 AM ET,"1547 PRIORY CIR WINTER GARDEN, 34787-5566","$378,380.92","$228,654.00",Hidden,272233829300330
2026-04-15T07:48:33,NEW,2025-CA-009690-O,05/21/2026 11:00 AM ET,"4705 STONY BROOK LN ORLANDO, 32808","$217,701.45","$206,249.00",Hidden,292207803207010
2026-04-15T07:48:33,NEW,2025-CC-014548-O,05/21/2026 11:00 AM ET,"6192 TIVOLI GARDENS BLVD ORLANDO, 32829","$11,638.10","$300,140.00",Hidden,312319200601410
2026-04-15T07:48:33,NEW,2025-CC-022894-O,05/21/2026 11:00 AM ET,"2242 J LAWSON BLVD ORLANDO, 32824","$5,866.20","$280,038.00",Hidden,302429033100410
2026-04-15T07:48:33,NEW,2017-CA-000599-O,05/26/2026 11:00 AM ET,"8503 SAN MARINO BLVD ORLANDO, 32836","$1,461,521.40","$38,779.00",Hidden,Property
2026-04-15T07:48:33,NEW,2024-CA-008721-O,05/26/2026 11:00 AM ET,"2902 CALUMET DR ORLANDO, 32810","$339,726.01","$267,844.00",Hidden,292128368300520
2026-04-15T07:48:33,NEW,2024-CC-014122-O,05/26/2026 11:00 AM ET,"5705 OXFORD MOOR BLVD WINDERMERE, 34786","$9,867.58","$1,156,020.00",Hidden,272314584700200
2026-04-15T07:48:33,NEW,2025-CA-000605-O,05/26/2026 11:00 AM ET,"903 DOREEN AVE OCOEE, 34761","$77,189.73","$197,890.00",Hidden,282208676704400
2026-04-15T07:48:33,NEW,2025-CA-007684-O,05/26/2026 11:00 AM ET,"9651 BISCOTTI AVE ORLANDO, 32829","$10,842.54","$304,850.00",Hidden,312318177600680
2026-04-15T07:48:33,NEW,2025-CA-011000-O,05/26/2026 11:00 AM ET,"12144 BRUCETON WAY UNIT 101 ORLANDO, 32828","$8,007.79","$297,600.00",Hidden,312234863306101
2026-04-15T07:48:33,NEW,2024-CA-000164-O,05/27/2026 11:00 AM ET,"211 S ULYSSES DR APOPKA, 32703",$0.00,"$184,100.00",Hidden,Property
2026-04-15T07:48:33,NEW,2024-CA-009940-O,05/27/2026 11:00 AM ET,"1803 BALSAWOOD CT ORLANDO, 32818","$2,194.17","$292,491.00",Hidden,TIMESHARE
2026-04-15T07:48:33,NEW,2025-CA-010149-O,05/27/2026 11:00 AM ET,"8040 TIBET BUTLER DR WINDERMERE, 34786","$1,385,228.03","$1,602,200.00",Hidden,282329407504130
2026-04-15T07:48:33,NEW,2025-CA-011175-O,05/27/2026 11:00 AM ET,"9362 WOODCRANE DR WINTER GARDEN, 34787","$570,194.23","$446,550.00",Hidden,272404755101710
2026-04-15T07:48:33,NEW,2025-CA-003389-O,05/28/2026 11:00 AM ET,"1154 SUMMER LAKES DR ORLANDO, 32835","$380,544.36","$238,600.00",Hidden,282226289401165
2026-04-15T07:48:33,NEW,2025-CA-006710-O,05/28/2026 11:00 AM ET,"609 FORTANINI CIR OCOEE, 34761",$0.00,"$211,000.00",Hidden,Property
2026-04-15T07:48:33,NEW,2024-CA-006414-O,06/02/2026 11:00 AM ET,"646 OLYMPIC DR UNIT 14-2 OCOEE, 34761","$36,278.75","$148,239.00",Hidden,TIMESHARE
2026-04-15T07:48:33,NEW,2025-CA-000604-O,06/02/2026 11:00 AM ET,"14061 TURNING LEAF DR ORLANDO, 32828","$10,352.39","$271,648.00",Hidden,TIMESHARE
2026-04-15T07:48:33,NEW,2025-CA-004562-O,06/02/2026 11:00 AM ET,"6109 ZONNA AVE ORLANDO, 32808","$16,051.90","$177,544.00",Hidden,TIMESHARE
2026-04-15T07:48:33,NEW,2023-CA-016936-O,06/03/2026 11:00 AM ET,"7029 CARNA CT ORLANDO, 32807","$163,220.60","$110,579.00",Hidden,302226797300210
2026-04-15T07:48:33,NEW,2023-CC-022155-O,06/04/2026 11:00 AM ET,"6326 ABBEYDALE CT ORLANDO, 32818","$10,098.02","$186,857.00",Hidden,282125813300520
2026-04-15T07:48:33,NEW,2024-CA-006297-O,06/05/2026 11:00 AM ET,"5800 LACONIA RD ORLANDO, 32808","$162,879.08","$184,573.00",Hidden,282213756813030
2026-04-15T07:48:33,NEW,2024-CC-007089-O,06/05/2026 11:00 AM ET,"4749 HOPESPRING DR ORLANDO, 32829","$7,509.81","$314,330.00",Hidden,302313129600640
2026-04-15T07:48:33,NEW,2024-CA-008746-O,06/09/2026 11:00 AM ET,"7348 SPARKLING LAKE RD ORLANDO, 32819","$96,302.88","$390,276.00",Hidden,282323629400300
2026-04-15T07:48:33,NEW,2024-CA-005953-O,06/10/2026 11:00 AM ET,"4238 WATERMILL AVE ORLANDO, 32817","$223,409.39","$322,498.00",Hidden,312206906600960
2026-04-15T07:48:33,NEW,2025-CA-003076-O,06/10/2026 11:00 AM ET,"13807 ORANGE CREST DR WINDERMERE, 34786","$941,828.97","$446,540.00",Hidden,272322152701370
2026-04-15T07:48:33,NEW,2024-CC-021780-O,06/15/2026 11:00 AM ET,"540 NICOLE MARIE ST APOPKA, 32712",$0.00,"$359,060.00",Hidden,Property
2026-04-15T07:48:33,NEW,2023-CA-017151-O,06/16/2026 11:00 AM ET,"13203 ASHINGTON POINTE DR ORLANDO, 32824",$0.00,"$225,722.00",Hidden,Property
2026-04-15T07:48:33,NEW,2023-CA-010984-O,06/17/2026 11:00 AM ET,"9001 WOODBREEZE BLVD WINDERMERE, 34786","$419,489.14","$445,529.00",Hidden,282316805900580
2026-04-15T07:48:33,NEW,2016-CA-004877-O,06/24/2026 11:00 AM ET,"12872 LAKE SAWYER LN WINDERMERE, 34786","$1,059,474.58","$661,612.00",Hidden,272324000000019
2026-04-15T07:48:33,NEW,2024-CA-009114-O,06/25/2026 11:00 AM ET,"2321 HOME AGAIN RD APOPKA, 32712","$297,135.02","$430,560.00",Hidden,282029602901730
2026-04-15T07:48:33,NEW,2025-CA-007640-O,06/25/2026 11:00 AM ET,"1242 SHELTER ROCK RD ORLANDO, 32835","$323,496.11","$248,735.00",Hidden,282234331300430
2026-04-15T07:48:33,NEW,2025-CA-009097-O,06/30/2026 11:00 AM ET,"3126 KELVINGTON DR ORLANDO, 32810","$304,541.96","$218,062.00",Hidden,292133748800140
2026-04-15T07:48:33,NEW,2023-CA-016874-O,07/02/2026 11:00 AM ET,"5 N FORSYTH RD ORLANDO, 32807","$280,131.43","$210,310.00",Hidden,302226000000077
2026-04-15T07:48:33,NEW,2024-CC-017097-O,07/07/2026 11:00 AM ET,"6677 CORAL BERRY DR MOUNT DORA, 32757","$5,374.92","$278,094.00",Hidden,272016369101620
2026-04-15T07:48:33,NEW,2024-CA-001450-O,07/08/2026 11:00 AM ET,"762 KINGS COVE CT ORLANDO, 32807","$210,436.69","$53,262.00",Hidden,302222419800061
2026-04-15T07:48:33,NEW,2024-CA-009540-O,08/31/2026 11:00 AM ET,"9941 GROSVENOR POINTE CIR WINDERMERE, 34786","$1,095,209.39","$3,402,476.00",Hidden,282329408309840
2026-04-16T04:21:34,NEW,2024-CA-001315-O,04/29/2026 11:00 AM ET,"5001 LATROBE DR WINDERMERE, 34786","$208,841.27","$1,971,063.00",Hidden,MULTIPLE
2026-04-16T04:21:34,NEW,2024-CA-005904-O,04/29/2026 11:00 AM ET,"7921 RIFFLE LN ORLANDO, 32818","$12,238.62","$282,021.00",Hidden,282202755701060
2026-04-16T04:21:34,NEW,2024-CA-006502-O,04/29/2026 11:00 AM ET,"143 BRIGADOON PT ORLANDO, 32835","$272,579.73","$132,860.00",Hidden,282226922400560
2026-04-16T04:21:34,NEW,2019-CA-013607-O,04/30/2026 11:00 AM ET,"8228 SOMMERVILLE DR ORLANDO, 32829","$318,270.43","$282,379.00",Hidden,302324898000970
2026-04-16T04:21:34,NEW,2025-CA-003624-O,04/30/2026 11:00 AM ET,"1348 WHITNEY ISLES DR WINDERMERE, 34786","$466,898.49","$536,957.00",Hidden,282231926000050
2026-04-16T04:21:34,NEW,2025-CA-011322-O,04/30/2026 11:00 AM ET,"12043 WHITE WAVE PT ORLANDO, 32828","$46,107.48","$258,315.00",Hidden,MULTIPLE
2026-04-16T04:21:34,NEW,2023-CA-012700-O,05/04/2026 11:00 AM ET,"962 GRAND HILLTOP DR APOPKA, 32703","$318,282.84","$367,270.00",Hidden,282121363201490
2026-04-16T04:21:34,NEW,2017-CA-003909-O,05/08/2026 11:00 AM ET,"6201 DARTMOOR CT ORLANDO, 32819","$980,836.75","$522,061.00",Hidden,282327052700150
2026-04-16T04:21:34,NEW,2025-CC-011967-O,05/08/2026 11:00 AM ET,"2487 LAKEWAY BRANCH DR UNIT 21 ORLANDO, 32839","$23,168.73","$65,102.00",Hidden,292309499822107
2026-04-16T04:21:34,NEW,2019-CA-006693-O,05/20/2026 11:00 AM ET,"1148 GRAND HILLTOP DR APOPKA, 32703","$240,485.89","$235,038.00",Hidden,282121363000090
2026-04-16T04:21:34,NEW,2023-CA-013464-O,05/20/2026 11:00 AM ET,"1268 DEGRAW DR APOPKA, 32712","$387,636.58","$327,171.00",Hidden,282017743101098
2026-04-16T04:21:34,NEW,2025-CA-003080-O,05/20/2026 11:00 AM ET,"1225 LAKE SHADOW CIR UNIT 1410 MAITLAND, 32751","$157,276.44","$176,925.00",Hidden,292127892514102
2026-04-16T04:21:34,NEW,2025-CA-004286-O,05/20/2026 11:00 AM ET,"7001 BLAIR DR ORLANDO, 32818","$212,620.82","$80,122.00",Hidden,282223540300140
2026-04-16T04:21:34,NEW,2025-CA-008520-O,05/20/2026 11:00 AM ET,"3243 STONEWYCK ST ORLANDO, 32824","$211,398.21","$566,290.00",Hidden,302433495701190
2026-04-16T04:21:34,NEW,2025-CA-011780-O,05/20/2026 11:00 AM ET,"10330 POINTVIEW CT ORLANDO, 32836","$14,846.84","$334,567.00",Hidden,282402786102940
2026-04-16T04:21:34,NEW,2025-CC-021189-O,05/20/2026 11:00 AM ET,"3705 CONNOR AVE ORLANDO, 32808","$87,263.75","$132,436.00",Hidden,292207517414120
2026-04-16T04:21:34,NEW,2024-CA-000674-O,05/27/2026 11:00 AM ET,"4218 CROSSEN DR ORLANDO, 32822","$251,267.57","$175,580.00",Hidden,302313233201780
2026-04-16T04:21:34,NEW,2024-CA-003029-O,05/27/2026 11:00 AM ET,"211 S ULYSSES DR APOPKA, 32703","$242,985.77","$184,100.00",Hidden,282112911805130
2026-04-16T04:21:34,NEW,2024-CA-001095-O,05/28/2026 11:00 AM ET,"1154 SUMMER LAKES DR ORLANDO, 32835","$19,711.52","$238,600.00",Hidden,TIMESHARE
2026-04-16T04:21:34,NEW,2025-CA-004896-O,05/28/2026 11:00 AM ET,"1475 LAKE SHADOW CIR UNIT 6308 MAITLAND, 32751","$204,662.77","$176,925.00",Hidden,292127892506308
2026-04-16T04:21:34,NEW,2018-CA-007877-O,06/01/2026 11:00 AM ET,"2408 MAYER ST ORLANDO, 32806","$224,462.82","$247,338.00",Hidden,Property
2026-04-16T04:21:34,NEW,2025-CA-008554-O,06/09/2026 11:00 AM ET,"1835 ALBERT LEE PKWY WINTER PARK, 32789",$0.00,"$326,020.00",Hidden,Property
2026-04-16T04:21:34,NEW,2024-CC-022302-O,06/15/2026 11:00 AM ET,"540 NICOLE MARIE ST APOPKA, 32712","$9,990.62","$359,060.00",Hidden,282104137200670
2026-04-16T04:21:34,NEW,2025-CA-004211-O,06/16/2026 11:00 AM ET,"13203 ASHINGTON POINTE DR ORLANDO, 32824","$60,840.38","$225,722.00",Hidden,302430351001230
2026-04-16T04:21:34,NEW,2026-CA-000137-O,06/17/2026 11:00 AM ET,"2507 RED BERRY WAY OCOEE, 34761","$614,156.12","$524,856.00",Hidden,282204016001100
2026-04-16T04:21:34,NEW,2025-CC-005115-O,07/16/2026 11:00 AM ET,"10514 LINGER LN ORLANDO, 32821","$9,457.31","$259,110.00",Hidden,292407472001360
2026-04-16T04:21:34,NEW,2024-CA-007298-O,08/12/2026 11:00 AM ET,"2025 RIBBON FALLS PKWY ORLANDO, 32824","$239,078.08","$400,420.00",Hidden,302429394501830
2026-04-16T04:21:34,CLOSED,2025-CA-003389-O,05/28/2026 11:00 AM ET,"1154 SUMMER LAKES DR ORLANDO, 32835","$380,544.36","$238,600.00",Hidden,282226289401165
2026-04-16T08:19:53,CLOSED,2022-CA-002022-O,05/12/2026 11:00 AM ET,"632 LOST GROVE CIR WINTER GARDEN, 34787","$347,446.92","$424,114.00",Hidden,272235323100370
2026-04-16T08:19:53,CLOSED,2024-CA-005708-O,05/12/2026 11:00 AM ET,"11419 BRINDLE ST ORLANDO, 32824","$204,280.55","$125,267.00",Hidden,302418887300550
2026-04-16T08:19:53,CLOSED,2024-CA-008033-O,05/12/2026 11:00 AM ET,"1211 FLOWERS POINTE LN ORLANDO, 32825","$238,395.47","$212,316.00",Hidden,312220280200130
2026-04-16T08:19:53,CLOSED,2024-CA-011067-O,05/12/2026 11:00 AM ET,"1406 SPRING FEST LN ORLANDO, 32828","$7,209.49","$562,790.00",Hidden,TIMESHARE
2026-04-16T08:53:14,NEW,2023CA006939000000,04/16/2026 10:00 AM ET,"830 N 8TH ST EAGLE LAKE, FL- 33839","$315,401.80","$239,035.00",Hidden,262907677000000507
2026-04-16T08:53:14,NEW,2024CA004254000000,04/16/2026 10:00 AM ET,"2912 LAKE ALFRED RD WINTER HAVEN, FL- 33880","$274,344.24","$152,621.00","$274,344.24",262817544500050100
2026-04-16T08:53:14,NEW,2024CC010228000000,04/17/2026 10:00 AM ET,"243 MINNIEHAHA CIR HAINES CITY, FL- 33845","$10,103.10","$375,348.00","$10,103.10",272717741010001630
2026-04-16T08:53:14,NEW,2025CA002306A000BA,04/17/2026 10:00 AM ET,"105 REBECCA DR WINTER HAVEN, FL- 33881","$196,150.29","$56,153.00","$176,769.80",262822588313000280
2026-04-16T08:53:14,NEW,2025CA002977A000BA,04/17/2026 10:00 AM ET,"311 MICHIGAN LN POINCIANA, FL- 34759","$380,314.83","$260,915.00",Hidden,282803934760011280
2026-04-16T08:53:14,NEW,2025CA004293A000BA,04/17/2026 10:00 AM ET,"1609 ITCHEPACKESASSA DR LAKELAND, FL- 33810","$209,818.57","$189,289.00",Hidden,232808024510000090
2026-04-16T08:53:14,NEW,2025CC002581A000BA,04/17/2026 10:00 AM ET,"259 KINGS POND AVE WINTER HAVEN, FL- 33880","$6,191.71","$162,706.00","$6,191.71",262831641446000670
2026-04-16T08:53:14,NEW,2025CC009396A000BA,04/17/2026 10:00 AM ET,"7103 TWELVE OAKS DR LAKELAND, FL- 33813","$11,261.29","$741,295.00","$11,586.29",242930290809000060
2026-04-16T08:53:14,NEW,2024CA002119000000,04/21/2026 10:00 AM ET,"140 KRENSON BAY LOOP WINTER HAVEN, FL- 33881","$371,295.81","$228,716.00",Hidden,262821585012000100
2026-04-16T08:53:14,NEW,2024CA003298000000,04/21/2026 10:00 AM ET,"1432 THOUSAND ROSES DR LAKE WALES, FL- 33853","$70,908.41","$55,987.00","$71,908.59",283006939399000112
2026-04-16T08:53:14,NEW,2024CC006907000000,04/21/2026 10:00 AM ET,"4341 TROTTERS WAY LAKELAND, FL- 33801","$8,211.32","$245,993.00","$8,211.32",242812178758003850
2026-04-16T08:53:14,NEW,2025CA000265000000,04/21/2026 10:00 AM ET,"326 N SCENIC HWY FROSTPROOF, FL- 33843","$131,047.05","$218,785.00","$131,047.05",283128964200001090
2026-04-16T08:53:14,NEW,2025CA002110A000BA,04/21/2026 10:00 AM ET,"1431 BUTTERFLY MILKWEED CT DAVENPORT, FL- 33837","$1,422,410.90","$800,239.00","$1,422,410.90",272624706192002580
2026-04-16T08:53:14,NEW,2025CA002658A000BA,04/21/2026 10:00 AM ET,"920 PARADISE DR DAVENPORT, FL- 33897","$541,645.44","$422,000.00",Hidden,262513998011000980
2026-04-16T08:53:14,NEW,2025CA002870A000BA,04/21/2026 10:00 AM ET,"537 MADISON DR DAVENPORT, FL- 33837","$358,860.84","$240,000.00","$358,860.84",272629707043002100
2026-04-16T08:53:14,NEW,2025CA003106A000BA,04/21/2026 10:00 AM ET,"1026 LAKE DAVENPORT BLVD DAVENPORT, FL- 33837","$349,392.41","$318,259.00","$349,392.41",262501488037001820
2026-04-16T08:53:14,NEW,2025CA003243A000BA,04/21/2026 10:00 AM ET,"200 SUMMERLIN LOOP HAINES CITY, FL- 33844","$442,319.05","$351,993.00",Hidden,272726758513000240
2026-04-16T08:53:14,NEW,2025CA003416A000BA,04/21/2026 10:00 AM ET,"411 AQUA VISTA DR HAINES CITY, FL- 33844","$391,413.17","$327,839.00","$391,413.17",272732797500000160
2026-04-16T08:53:14,NEW,2024CA004377000000,04/22/2026 10:00 AM ET,"2498 SILVER VIEW DR LAKELAND, FL- 33811","$10,579.15","$317,055.00","$10,579.15",232828138014000680
2026-04-16T08:53:14,NEW,2025CA004555A000BA,04/22/2026 10:00 AM ET,"1275 BUTTERFLY ORCHID RD DAVENPORT, FL- 33837","$1,230,462.78","$642,016.00",Hidden,272624706192002460
2026-04-16T08:53:14,NEW,2022CA002010000000,04/23/2026 10:00 AM ET,"900 NW AVENUE X WINTER HAVEN, FL- 33881","$155,422.51","$174,083.00","$155,422.51",262817542500000980
2026-04-16T08:53:14,NEW,2024CA002763000000,04/24/2026 10:00 AM ET,"1207 NE 6TH ST MULBERRY, FL- 33860","$140,481.18","$115,321.00","$140,481.18",233001142490002020
2026-04-16T08:53:14,NEW,2025CA000648000000,04/24/2026 10:00 AM ET,"2442 LILLY ST LAKE WALES, FL- 33898","$224,809.78","$154,427.00","$224,809.78",283018947200001150
2026-04-16T08:53:14,NEW,2025CA001014000000,04/24/2026 10:00 AM ET,"6437 JENNY DR LAKE WALES, FL- 33898","$326,168.54","$255,514.00","$326,168.54",282905936590006030
2026-04-16T08:53:14,NEW,2025CC003144A000BA,04/24/2026 10:00 AM ET,"205 DINNER LAKE LOOP LAKE WALES, FL- 33859","$8,396.63","$297,009.00","$8,396.63",272915864501000130
2026-04-16T08:53:14,NEW,2017CA001901000000,04/27/2026 10:00 AM ET,"244 BALLYSHANNON DR DAVENPORT, FL- 33897","$370,376.02","$208,295.00","$370,376.02",262524488065001350
2026-04-16T08:53:14,NEW,2023CA006606000000,04/27/2026 10:00 AM ET,"205 TRACY WAY LAKELAND, FL- 33809","$255,111.60","$237,562.00","$255,111.60",232713000000012310
2026-04-16T08:53:14,NEW,2025CA000177000000,04/27/2026 10:00 AM ET,"204 BOBBIE CIR LAKELAND, FL- 33813","$278,239.50","$200,078.00","$278,239.50",232901139300000350
2026-04-16T08:53:14,NEW,2025CA000253000000,04/27/2026 10:00 AM ET,"10202 QUINN RD POLK CITY, FL- 33868","$67,541.43","$137,394.00","$67,541.43",252631000000033020
2026-04-16T08:53:14,NEW,2025CA002887A000BA,04/27/2026 10:00 AM ET,"1021 KETTLES AVE LAKELAND, FL- 33805","$299,456.70","$232,585.00","$299,456.70",232812051000001130
2026-04-16T08:53:14,NEW,2025CA003346A000BA,04/27/2026 10:00 AM ET,"5557 ORO VALLEY RD AUBURNDALE, FL- 33823","$229,371.03","$222,618.00","$229,371.03",252709298384001090
2026-04-16T08:53:14,NEW,2025CA004263A000BA,04/27/2026 10:00 AM ET,"219 DELANCEY DR DAVENPORT, FL- 33837","$57,824.68","$103,583.00","$57,824.68",272706726505001860
2026-04-16T08:53:14,NEW,2021CA001661000000,04/28/2026 10:00 AM ET,"502 CANAL DR LAKE WALES, FL- 33859","$187,070.64","$288,043.00","$187,070.64",273035928400022050
2026-04-16T08:53:14,NEW,2024CA000822000000,04/29/2026 10:00 AM ET,"2217 KNIGHTS RD WINTER HAVEN, FL- 33880","$166,125.52","$137,500.00","$166,125.52",262831000000013440
2026-04-16T08:53:14,NEW,2024CA002574000000,04/29/2026 10:00 AM ET,"359 ACADIA DR POINCIANA, FL- 34759","$278,787.46","$231,058.00","$278,787.46",282722933910000410
2026-04-16T08:53:14,NEW,2025CA000645000000,04/29/2026 10:00 AM ET,"268 FIDDLEWOOD CT DAVENPORT, FL- 33837","$322,249.96","$252,154.00","$322,249.96",272710733519000770
2026-04-16T08:53:14,NEW,2024CA004307000000,04/30/2026 10:00 AM ET,"672 CHELSEA DR DAVENPORT, FL- 33897","$9,538.70","$178,767.00","$9,538.70",262512999952001620
2026-04-16T08:53:14,NEW,2025CA001849A000BA,04/30/2026 10:00 AM ET,"3281 ROYAL TERN DR WINTER HAVEN, FL- 33881","$10,214.74","$230,726.00","$10,214.74",262812531504000400
2026-04-16T08:53:14,NEW,2025CA002761A000BA,04/30/2026 10:00 AM ET,"40 HALL ST FROSTPROOF, FL- 33843","$233,301.67","$153,985.00","$233,301.67",283128964200004070
2026-04-16T08:53:14,NEW,2024CA000954000000,05/01/2026 10:00 AM ET,"279 WAVERLY LOOP LAKE WALES, FL- 33859","$112,085.36","$154,297.00","$112,085.36",272910859001000270
2026-04-16T08:53:14,NEW,2024CA004860000000,05/01/2026 10:00 AM ET,"125 RUDY ST AUBURNDALE, FL- 33823","$19,779.90","$410,507.00","$19,779.90",252735305252002000
2026-04-16T08:53:14,NEW,2025CA001123A000BA,05/01/2026 10:00 AM ET,"131 SONJA CIR DAVENPORT, FL- 33897","$327,609.38","$246,904.00","$327,609.38",262536488060000470
2026-04-16T08:53:14,NEW,2025CA001821A000BA,05/01/2026 10:00 AM ET,"4027 ROLLING OAKS DR WINTER HAVEN, FL- 33880","$62,833.04","$98,229.00","$62,833.04",252902356710000140
2026-04-16T08:53:14,NEW,2025CC002893A000BA,05/01/2026 10:00 AM ET,"3117 ST KITTS CT HAINES CITY, FL- 33844",$0.00,"$280,158.00",$0.00,272717741005002050
2026-04-16T08:53:14,NEW,2022CC005863000000,05/05/2026 10:00 AM ET,"349 LAKE DAVENPORT CIR DAVENPORT, FL- 33837","$38,550.88","$261,225.00","$38,550.88",272704725005001280
2026-04-16T08:53:14,NEW,2024CA000965000000,05/05/2026 10:00 AM ET,"2252 SWEET BAY DR LAKELAND, FL- 33811","$322,208.23","$190,361.00","$322,208.23",232910139700000040
2026-04-16T08:53:14,NEW,2024CA001307000000,05/05/2026 10:00 AM ET,"3417 YARIAN DR HAINES CITY, FL- 33844","$351,621.79","$277,441.00","$351,621.79",272719744118000250
2026-04-16T08:53:14,NEW,2024CA003336000000,05/05/2026 10:00 AM ET,"1612 FOREST HILLS LN HAINES CITY, FL- 33844","$467,624.45","$371,159.00","$467,624.45",272720749020000070
2026-04-16T08:53:14,NEW,2024CA004402000000,05/05/2026 10:00 AM ET,"123 KENTUCKY AVE N LAKELAND, FL- 33801","$456,671.50","$578,802.00","$456,671.50",242818201000015060
2026-04-16T08:53:14,NEW,2025CA001653A000BA,05/05/2026 10:00 AM ET,"830 N LINCOLN AVE LAKELAND, FL- 33815","$59,145.34","$51,332.00","$59,145.34",232813063500000261
2026-04-16T08:53:14,NEW,2025CA002948A000BA,05/05/2026 10:00 AM ET,"128 PETTEWAY DR LAKELAND, FL- 33805","$174,738.39","$67,620.00","$174,738.39",232736015500005014
2026-04-16T08:53:14,NEW,2025CA003332A000BA,05/05/2026 10:00 AM ET,"2190 GREENTREE CT BARTOW, FL- 33830","$193,136.77","$159,638.00","$193,136.77",253009426820000180
2026-04-16T08:53:14,NEW,2025CC003371A000BA,05/05/2026 10:00 AM ET,"778 CHELSEA WAY LAKE WALES, FL- 33853","$8,705.16","$117,279.00","$8,705.16",272936880205000830
2026-04-16T08:53:14,NEW,2025CC004804A000BA,05/05/2026 10:00 AM ET,"515 RUM RUN DAVENPORT, FL- 33837","$19,599.24","$186,000.00","$19,599.24",262512999967333030
2026-04-16T08:53:14,NEW,2023CA005560000000,05/06/2026 10:00 AM ET,"2315 1ST ST MULBERRY, FL- 33860","$85,442.91","$110,207.00","$85,442.91",233003000000013140
2026-04-16T08:53:14,NEW,2024CA002312000000,05/06/2026 10:00 AM ET,"1060 30TH ST NW WINTER HAVEN, FL- 33881","$70,191.59","$131,673.00","$70,191.59",252824350800000460
2026-04-16T08:53:14,NEW,2025CA002577A000BA,05/06/2026 10:00 AM ET,"2536 OLIVE AVE LAKE WALES, FL- 33898","$60,022.52","$200,653.00","$60,022.52",283005939200002030
2026-04-16T08:53:14,NEW,2025CC008558A000BA,05/06/2026 10:00 AM ET,"3050 WOODMONT AVE WINTER HAVEN, FL- 33880","$25,345.05","$1,613,401.00","$25,345.05",262902663640003491
2026-04-16T08:53:14,NEW,2025CA002308A000BA,05/07/2026 10:00 AM ET,"2027 RIO GRANDE CANYON LOOP POINCIANA, FL- 34759","$14,201.23","$195,890.00","$14,201.23",282815935360129050
2026-04-16T08:53:14,NEW,2025CC003860A000BA,05/07/2026 10:00 AM ET,"414 HONEY BELL RD WINTER HAVEN, FL- 33880","$8,687.80","$192,087.00","$8,687.80",262908686701001610
2026-04-16T08:53:14,NEW,2025CC006877A000BA,05/07/2026 10:00 AM ET,"168 WILLIAMSON DR DAVENPORT, FL- 33897","$6,163.47","$283,528.00","$6,163.47",262536999937000110
2026-04-16T08:53:14,NEW,2024CA003897000000,05/08/2026 10:00 AM ET,"671 WATERFERN TRAIL DR AUBURNDALE, FL- 33823","$277,870.83","$165,000.00","$277,870.83",252736305501000210
2026-04-16T08:53:14,NEW,2025CA003345A000BA,05/08/2026 10:00 AM ET,"1123 WALNUT ST W LAKELAND, FL- 33815","$179,799.01","$243,968.00","$179,799.01",232824113000008160
2026-04-16T08:53:14,NEW,2025CA004862A000BA,05/08/2026 10:00 AM ET,"679 AVENUE L SE WINTER HAVEN, FL- 33880","$153,615.45","$66,624.00","$153,615.45",262833651800000110
2026-04-16T08:53:14,NEW,2018CA003775000000,05/11/2026 10:00 AM ET,"857 SHEEN CIR HAINES CITY, FL- 33844","$361,074.54","$226,082.00","$361,074.54",272717741011003000
2026-04-16T08:53:14,NEW,2022CA001956000000,05/11/2026 10:00 AM ET,"9040 HAMMOCK LOOP POLK CITY, FL- 33868","$93,144.81","$59,897.00","$93,144.81",242701160954000370
2026-04-16T08:53:14,NEW,2023CA004265000000,05/11/2026 10:00 AM ET,"100 EMERALD ISLE RD HAINES CITY, FL- 33844","$425,048.89","$119,369.00","$425,048.89",282805000000033030
2026-04-16T08:53:14,NEW,2025CA001156A000BA,05/11/2026 10:00 AM ET,"130 D ST 1,2,3,4 LAKE WALES, FL- 33853","$328,355.08","$201,960.00","$328,355.08",272935880000001080
2026-04-16T08:53:14,NEW,2025CA001666A000BA,05/11/2026 10:00 AM ET,"38016 HWY 27 DAVENPORT, FL- 33837","$74,563.62","$475,666.00","$74,563.62",272707727000010250
2026-04-16T08:53:14,NEW,2025CA002441A000BA,05/11/2026 10:00 AM ET,"4035 CARTERET DR WINTER HAVEN, FL- 33884","$340,303.86","$229,391.00","$340,303.86",262913687552000770
2026-04-16T08:53:14,NEW,2025CA002674A000BA,05/11/2026 10:00 AM ET,"211 LA CASA BLDG 3 LAKE WALES, FL- 33898","$93,894.74","$111,000.00","$93,894.74",273013927010032110
2026-04-16T08:53:14,NEW,2025CA002777A000BA,05/11/2026 10:00 AM ET,"5463 KNIGHTS LANDING DR LAKELAND, FL- 33810","$444,926.93","$343,618.00","$444,926.93",232728011021000320
2026-04-16T08:53:14,NEW,2025CA003071A000BA,05/11/2026 10:00 AM ET,"315 VILLA SORRENTO CIR HAINES CITY, FL- 33844","$474,901.95","$359,380.00","$474,901.95",272717741007000080
2026-04-16T08:53:14,NEW,2022CA003270000000,05/12/2026 10:00 AM ET,"3105 SCENIC HWY S LAKE WALES, FL- 33898","$432,262.60","$331,812.00","$432,262.60",273024927072000030
2026-04-16T08:53:14,NEW,2024CA003504000000,05/12/2026 10:00 AM ET,"547 BIG SIOUX CT POINCIANA, FL- 34759","$309,259.18","$234,378.00","$309,259.18",282815935360023060
2026-04-16T08:53:14,NEW,2025CA000332000000,05/12/2026 10:00 AM ET,"551 EMERALD AVE LAKE WALES, FL- 33853","$52,907.55","$94,709.00","$52,907.55",273011917510005210
2026-04-16T08:53:14,NEW,2025CA004848A000BA,05/12/2026 10:00 AM ET,"1125 BRITTS LN BARTOW, FL- 33830","$228,698.36","$159,706.00","$228,698.36",253006392000000080
2026-04-16T08:53:14,NEW,2025CA000677000000,05/14/2026 10:00 AM ET,"1548 MATTIE POINTE PL AUBURNDALE, FL- 33823","$522,066.36","$332,181.00","$522,066.36",252723300012001260
2026-04-16T08:53:14,NEW,2025CA000991000000,05/14/2026 10:00 AM ET,"2586 SAN MARCO WAY WINTER HAVEN, FL- 33884","$403,293.09","$234,874.00","$403,293.09",262923690584000310
2026-04-16T08:53:14,NEW,2025CA001566A000BA,05/14/2026 10:00 AM ET,"1704 SNOOK PL POINCIANA, FL- 34759","$82,592.28","$106,237.00","$82,592.28",282802934710049020
2026-04-16T08:53:14,NEW,2025CA002154A000BA,05/14/2026 10:00 AM ET,"585 RIDGE AVE N LAKE ALFRED, FL- 33850","$396,637.53","$181,743.00","$396,637.53",262732513620005010
2026-04-16T08:53:14,NEW,2025CA004485A000BA,05/14/2026 10:00 AM ET,"3225 OAKLAND RD N LAKELAND, FL- 33801","$347,562.48","$245,450.00","$347,562.48",242810000000011150
2026-04-16T08:53:14,CLOSED,2025-CA-002264-O,04/16/2026 11:00 AM ET,"19 W PRINCETON ST ORLANDO, 32804","$901,960.11","$911,520.00","$925,782.98",292213774004110
2026-04-16T08:53:14,CLOSED,2024-CC-022231-O,04/20/2026 11:00 AM ET,"2032 CANOPY CIR UNIT 148 ZELLWOOD, 32798","$15,787.43","$173,120.00",Hidden,272025982500148
2026-04-16T08:53:14,CLOSED,2025-CA-005937-O,04/20/2026 11:00 AM ET,"11056 CLIPPER CT WINDERMERE, 34786","$1,251,782.68","$1,060,792.00","$1,272,634.26",282305550200140
2026-04-16T08:53:14,CLOSED,2022-CA-000948-O,04/21/2026 11:00 AM ET,"11824 GREAT COMMISSION WAY ORLANDO, 32832","$338,821.76","$343,740.00",Hidden,312410266602720
2026-04-16T08:53:14,CLOSED,2022-CC-014013-O,04/21/2026 11:00 AM ET,"2045 EL MARRA DR OCOEE, 34761","$19,305.16","$388,620.00","$407,549.76",Property
2026-04-16T08:53:14,CLOSED,2024-CA-005721-O,04/21/2026 11:00 AM ET,"3408 N WESTMORELAND DR ORLANDO, 32804","$343,567.22","$187,430.00",Hidden,292210242204050
2026-04-16T08:53:14,CLOSED,2024-CA-006356-O,04/21/2026 11:00 AM ET,"5550 E MICHIGAN ST UNIT 2325 ORLANDO, 32822","$129,481.16","$110,673.00",Hidden,302304734602325
2026-04-16T08:53:14,CLOSED,2024-CA-010490-O,04/21/2026 11:00 AM ET,"6451 OLD PARK LN UNIT 407 ORLANDO, 32835","$204,793.55","$177,900.00","$200,000.00",282301819004407
2026-04-16T08:53:14,CLOSED,2024-CA-010493-O,04/21/2026 11:00 AM ET,"5566 METROWEST BLVD UNIT 2-103 ORLANDO, 32811","$149,466.65","$180,496.00","$160,226.59",292306660302103
2026-04-16T08:53:14,CLOSED,2025-CA-000214-O,04/21/2026 11:00 AM ET,"3611 WESTWOOD RD ORLANDO, 32808","$225,430.72","$123,429.00",Hidden,282212705107140
2026-04-16T08:53:14,CLOSED,2025-CA-000455-O,04/21/2026 11:00 AM ET,"5528 MINUTE MAN CT ORLANDO, 32821","$5,882.78","$294,040.00",Hidden,TIMESHARE
2026-04-16T08:53:14,CLOSED,2018-CA-013612-O,04/22/2026 11:00 AM ET,"1401 YATES ST ORLANDO, 32804","$158,872.04","$177,149.00",Hidden,292222177601400
2026-04-16T08:53:14,CLOSED,2023-CA-017015-O,04/22/2026 11:00 AM ET,"531 RUFFEL ST MAITLAND, 32751","$47,485.25","$244,320.00","$62,175.19",292136000000096
2026-04-16T08:53:14,CLOSED,2024-CA-009153-O,04/23/2026 11:00 AM ET,"5710 JOYCE ST ORLANDO, 32839","$270,142.46","$228,620.00",Hidden,292324541602060
2026-04-16T08:53:14,CLOSED,2024-CA-010448-O,04/23/2026 11:00 AM ET,"4409 WATCH HILL RD ORLANDO, 32808","$224,549.92","$128,637.00",Hidden,292206889400900
2026-04-16T08:53:14,CLOSED,2025-CA-007586-O,04/23/2026 11:00 AM ET,"1944 BRIDGEVIEW CIR ORLANDO, 32824","$8,260.55","$366,015.00",Hidden,302430946789280
2026-04-16T08:53:14,CLOSED,2025-CA-008403-O,04/23/2026 11:00 AM ET,"101 S GLENWOOD AVE ORLANDO, 32803","$382,804.67","$292,670.00","$365,000.00",302230358400460
2026-04-16T08:53:14,CLOSED,2025-CA-005085-O,04/24/2026 11:00 AM ET,"4204 COLUMBIA ST ORLANDO, 32811-4170","$40,406.69","$279,290.00","$222,388.82",TIMESHARE
2026-04-16T08:53:14,CLOSED,2025-CA-010318-O,04/24/2026 11:00 AM ET,"5765 ST CHRISTOPHER DR UNIT 56 ORLANDO, 32822","$133,397.76","$95,259.00","$135,200.00",302315793207560
2026-04-16T08:53:14,CLOSED,2025-CA-007146-O,04/27/2026 11:00 AM ET,"10436 JANE EYRE DR ORLANDO, 32825","$233,018.61","$303,087.00",Hidden,312229668802200
2026-04-16T08:53:14,CLOSED,2025-CA-010076-O,04/27/2026 11:00 AM ET,"2707 GRASSMERE LN ORLANDO, 32808","$353,453.90","$348,790.00",Hidden,282213923802040
2026-04-16T08:53:14,CLOSED,2024-CA-011315-O,04/28/2026 11:00 AM ET,"2943 WOOLRIDGE DR ORLANDO, 32837","$3,545.71","$112,760.00",Hidden,TIMESHARE
2026-04-16T08:53:14,CLOSED,2025-CA-006362-O,04/28/2026 11:00 AM ET,"101 W GRANT ST ORLANDO, 32806","$6,705.78","$501,950.00",Hidden,TIMESHARE
2026-04-16T08:53:14,CLOSED,2024-CA-001315-O,04/29/2026 11:00 AM ET,"5001 LATROBE DR WINDERMERE, 34786","$208,841.27","$1,971,063.00",Hidden,MULTIPLE
2026-04-16T08:53:14,CLOSED,2024-CA-005904-O,04/29/2026 11:00 AM ET,"7921 RIFFLE LN ORLANDO, 32818","$12,238.62","$282,021.00",Hidden,282202755701060
2026-04-16T08:53:14,CLOSED,2024-CA-006502-O,04/29/2026 11:00 AM ET,"143 BRIGADOON PT ORLANDO, 32835","$272,579.73","$132,860.00",Hidden,282226922400560
2026-04-16T08:53:14,CLOSED,2019-CA-013607-O,04/30/2026 11:00 AM ET,"8228 SOMMERVILLE DR ORLANDO, 32829","$318,270.43","$282,379.00",Hidden,302324898000970
2026-04-16T08:53:14,CLOSED,2025-CA-003624-O,04/30/2026 11:00 AM ET,"1348 WHITNEY ISLES DR WINDERMERE, 34786","$466,898.49","$536,957.00",Hidden,282231926000050
2026-04-16T08:53:14,CLOSED,2025-CA-011322-O,04/30/2026 11:00 AM ET,"12043 WHITE WAVE PT ORLANDO, 32828","$46,107.48","$258,315.00",Hidden,MULTIPLE
2026-04-16T08:53:14,CLOSED,2024-CA-006165-O,05/01/2026 11:00 AM ET,"2533 BRAMPTON CT ORLANDO, 32817","$184,647.91","$222,099.00",Hidden,312218022401890
2026-04-16T08:53:14,CLOSED,2025-CA-005675-O,05/01/2026 11:00 AM ET,"9925 RED CLOVER AVE ORLANDO, 32824","$207,893.12","$88,379.00",Hidden,302406555901010
2026-04-16T08:53:14,CLOSED,2023-CA-012700-O,05/04/2026 11:00 AM ET,"962 GRAND HILLTOP DR APOPKA, 32703","$318,282.84","$367,270.00",Hidden,282121363201490
2026-04-16T08:53:14,CLOSED,2015-CA-010814-O,05/05/2026 11:00 AM ET,"7101 WHITE TRILLIUM CIR ORLANDO, 32818","$740,905.16","$340,660.00",Hidden,282202243100410
2026-04-16T08:53:14,CLOSED,2017-CA-002998-O,05/05/2026 11:00 AM ET,"7866 BARDMOOR HILL CIR ORLANDO, 32835","$527,527.95","$331,673.00",Hidden,282303566201490
2026-04-16T08:53:14,CLOSED,2023-CA-011611-O,05/05/2026 11:00 AM ET,"4025 SHORECREST DR ORLANDO, 32804","$215,315.97","$258,801.00",Hidden,292211069206150
2026-04-16T08:53:14,CLOSED,2023-CA-011632-O,05/05/2026 11:00 AM ET,"10244 SANDY MARSH LN ORLANDO, 32832","$354,853.35","$540,558.00",Hidden,312409512901190
2026-04-16T08:53:14,CLOSED,2022-CA-003757-O,05/06/2026 11:00 AM ET,"9923 CASTLETON ST ORLANDO, 32817","$270,746.51","$217,416.00",Hidden,312207380001620
2026-04-16T08:53:14,CLOSED,2023-CC-009899-O,05/06/2026 11:00 AM ET,"5317 INDIAN CREEK DRIVE # F-02 ORLANDO, 32811","$54,932.02","$566,290.00",Hidden,Property
2026-04-16T08:53:14,CLOSED,2025-CA-008451-O,05/06/2026 11:00 AM ET,"5263 CORAL CT UNIT 632 ORLANDO, 32811","$123,031.31","$207,300.00",Hidden,TIMESHARE
2026-04-16T08:53:14,CLOSED,2022-CA-005715-O,05/07/2026 11:00 AM ET,"2213 BONNEVILLE DR ORLANDO, 32826","$128,775.10","$189,750.00",Hidden,312214653910053
2026-04-16T08:53:14,CLOSED,2023-CA-014748-O,05/07/2026 11:00 AM ET,"7133 TALLOWTREE LN ORLANDO, 32835","$318,677.53","$393,800.00",Hidden,282226393000110
2026-04-16T08:53:14,CLOSED,2024-CA-001014-O,05/07/2026 11:00 AM ET,"1504 ST LAWRENCE ST ORLANDO, 32818","$377,470.74","$302,470.00",Hidden,282222889200430
2026-04-16T08:53:14,CLOSED,2024-CA-005626-O,05/07/2026 11:00 AM ET,"1984 CASABA COVE AVE OCOEE, 34761","$33,263.02","$401,900.00",Hidden,282204627400500
2026-04-16T08:53:14,CLOSED,2024-CA-010848-O,05/07/2026 11:00 AM ET,"10633 WATERTOWN CT ORLANDO, 32821","$349,142.59","$294,100.00",Hidden,292407935903090
2026-04-16T08:53:14,CLOSED,2024-CC-017891-O,05/07/2026 11:00 AM ET,"5313 INDIAN CREEK DRIVE ORLANDO, 32811","$19,034.42","$594,160.00",Hidden,Property
2026-04-16T08:53:14,CLOSED,2025-CA-003935-O,05/07/2026 11:00 AM ET,"430 ASHLEY BROOKE CT APOPKA, 32712","$303,364.43","$229,776.00",Hidden,282105646149020
2026-04-16T08:53:14,CLOSED,2025-CA-009407-O,05/07/2026 11:00 AM ET,"449 LAKE VIEW DR APOPKA, 32703","$241,942.74","$275,110.00",Hidden,282106718802020
2026-04-16T08:53:14,CLOSED,2017-CA-003909-O,05/08/2026 11:00 AM ET,"6201 DARTMOOR CT ORLANDO, 32819","$980,836.75","$522,061.00",Hidden,282327052700150
2026-04-16T08:53:14,CLOSED,2025-CC-011967-O,05/08/2026 11:00 AM ET,"2487 LAKEWAY BRANCH DR UNIT 21 ORLANDO, 32839","$23,168.73","$65,102.00",Hidden,292309499822107
2026-04-16T08:53:14,CLOSED,2025-CA-004691-O,05/11/2026 11:00 AM ET,"4860 HOPESPRING DR ORLANDO, 32829","$73,169.83","$286,865.00",Hidden,TIMESHARE
2026-04-16T08:53:14,CLOSED,2022-CA-007038-O,05/13/2026 11:00 AM ET,"13008 GRAND BANK LN ORLANDO, 32825","$329,078.13","$186,683.00",Hidden,312309020600290
2026-04-16T08:53:14,CLOSED,2024-CA-010048-O,05/14/2026 11:00 AM ET,"3142 TIMUCUA CIR ORLANDO, 32837","$546,965.83","$495,130.00",Hidden,292433310901080
2026-04-16T08:53:14,CLOSED,2025-CC-016191-O,05/14/2026 11:00 AM ET,"4066 FEATHER TREE DR APOPKA, 32712","$7,802.88","$370,900.00",Hidden,272013933501070
2026-04-16T08:53:14,CLOSED,2023-CC-001916-O,05/18/2026 11:00 AM ET,"2743 OSPREY CREEK LN ORLANDO, 32825","$3,439.37","$411,060.00",Hidden,312305197301100
2026-04-16T08:53:14,CLOSED,2025-CA-004151-O,05/18/2026 11:00 AM ET,"121 PROSPER DR APOPKA, 32703","$210,563.99","$48,086.00",Hidden,282111284000020
2026-04-16T08:53:14,CLOSED,2022-CA-005532-O,05/19/2026 11:00 AM ET,"5302 BURNING TREE ORLANDO, 32811","$110,469.33","$157,645.00",Hidden,Property
2026-04-16T08:53:14,CLOSED,2024-CA-009079-O,05/19/2026 11:00 AM ET,"5237 ISLEWORTH COUNTRY CLUB DR WINDERMERE, 34786","$3,249,265.57","$2,770,580.00",Hidden,282316389902320
2026-04-16T08:53:14,CLOSED,2024-CA-010374-O,05/19/2026 11:00 AM ET,"4010 OLD WINTER GARDEN RD ORLANDO, 32805","$452,364.74","$980,027.00",Hidden,292229459203030
2026-04-16T08:53:14,CLOSED,2025-CA-006161-O,05/19/2026 11:00 AM ET,"1407 KENNY CT WINTER GARDEN, 34787","$2,236.36","$77,437.00",Hidden,TIMESHARE
2026-04-16T08:53:14,CLOSED,2019-CA-006693-O,05/20/2026 11:00 AM ET,"1148 GRAND HILLTOP DR APOPKA, 32703","$240,485.89","$235,038.00",Hidden,282121363000090
2026-04-16T08:53:14,CLOSED,2023-CA-013464-O,05/20/2026 11:00 AM ET,"1268 DEGRAW DR APOPKA, 32712","$387,636.58","$327,171.00",Hidden,282017743101098
2026-04-16T08:53:14,CLOSED,2025-CA-003080-O,05/20/2026 11:00 AM ET,"1225 LAKE SHADOW CIR UNIT 1410 MAITLAND, 32751","$157,276.44","$176,925.00",Hidden,292127892514102
2026-04-16T08:53:14,CLOSED,2025-CA-004286-O,05/20/2026 11:00 AM ET,"7001 BLAIR DR ORLANDO, 32818","$212,620.82","$80,122.00",Hidden,282223540300140
2026-04-16T08:53:14,CLOSED,2025-CA-008520-O,05/20/2026 11:00 AM ET,"3243 STONEWYCK ST ORLANDO, 32824","$211,398.21","$566,290.00",Hidden,302433495701190
2026-04-16T08:53:14,CLOSED,2025-CA-011780-O,05/20/2026 11:00 AM ET,"10330 POINTVIEW CT ORLANDO, 32836","$14,846.84","$334,567.00",Hidden,282402786102940
2026-04-16T08:53:14,CLOSED,2025-CC-021189-O,05/20/2026 11:00 AM ET,"3705 CONNOR AVE ORLANDO, 32808","$87,263.75","$132,436.00",Hidden,292207517414120
2026-04-16T08:53:14,CLOSED,2023-CA-004589-O,05/21/2026 11:00 AM ET,"5627 MASTERS BLVD ORLANDO, 32819","$587,486.99","$560,370.00",Hidden,282321055404260
2026-04-16T08:53:14,CLOSED,2024-CA-010876-O,05/21/2026 11:00 AM ET,"1547 PRIORY CIR WINTER GARDEN, 34787-5566","$378,380.92","$228,654.00",Hidden,272233829300330
2026-04-16T08:53:14,CLOSED,2025-CA-009690-O,05/21/2026 11:00 AM ET,"4705 STONY BROOK LN ORLANDO, 32808","$217,701.45","$206,249.00",Hidden,292207803207010
2026-04-16T08:53:14,CLOSED,2025-CC-014548-O,05/21/2026 11:00 AM ET,"6192 TIVOLI GARDENS BLVD ORLANDO, 32829","$11,638.10","$300,140.00",Hidden,312319200601410
2026-04-16T08:53:14,CLOSED,2025-CC-022894-O,05/21/2026 11:00 AM ET,"2242 J LAWSON BLVD ORLANDO, 32824","$5,866.20","$280,038.00",Hidden,302429033100410
2026-04-16T08:53:14,CLOSED,2017-CA-000599-O,05/26/2026 11:00 AM ET,"8503 SAN MARINO BLVD ORLANDO, 32836","$1,461,521.40","$38,779.00",Hidden,Property
2026-04-16T08:53:14,CLOSED,2024-CA-008721-O,05/26/2026 11:00 AM ET,"2902 CALUMET DR ORLANDO, 32810","$339,726.01","$267,844.00",Hidden,292128368300520
2026-04-16T08:53:14,CLOSED,2024-CC-014122-O,05/26/2026 11:00 AM ET,"5705 OXFORD MOOR BLVD WINDERMERE, 34786","$9,867.58","$1,156,020.00",Hidden,272314584700200
2026-04-16T08:53:14,CLOSED,2025-CA-000605-O,05/26/2026 11:00 AM ET,"903 DOREEN AVE OCOEE, 34761","$77,189.73","$197,890.00",Hidden,282208676704400
2026-04-16T08:53:14,CLOSED,2025-CA-007684-O,05/26/2026 11:00 AM ET,"9651 BISCOTTI AVE ORLANDO, 32829","$10,842.54","$304,850.00",Hidden,312318177600680
2026-04-16T08:53:14,CLOSED,2025-CA-011000-O,05/26/2026 11:00 AM ET,"12144 BRUCETON WAY UNIT 101 ORLANDO, 32828","$8,007.79","$297,600.00",Hidden,312234863306101
2026-04-16T08:53:14,CLOSED,2024-CA-000164-O,05/27/2026 11:00 AM ET,"202 S ORANGE BLOSSOM TRL ORLANDO, 32805","$1,110,860.91","$1,174,034.00",Hidden,292227000000084
2026-04-16T08:53:14,CLOSED,2024-CA-000674-O,05/27/2026 11:00 AM ET,"4218 CROSSEN DR ORLANDO, 32822","$251,267.57","$175,580.00",Hidden,302313233201780
2026-04-16T08:53:14,CLOSED,2024-CA-003029-O,05/27/2026 11:00 AM ET,"211 S ULYSSES DR APOPKA, 32703","$242,985.77","$184,100.00",Hidden,282112911805130
2026-04-16T08:53:14,CLOSED,2024-CA-009940-O,05/27/2026 11:00 AM ET,"1803 BALSAWOOD CT ORLANDO, 32818","$2,194.17","$292,491.00",Hidden,TIMESHARE
2026-04-16T08:53:14,CLOSED,2025-CA-010149-O,05/27/2026 11:00 AM ET,"8040 TIBET BUTLER DR WINDERMERE, 34786","$1,385,228.03","$1,602,200.00",Hidden,282329407504130
2026-04-16T08:53:14,CLOSED,2025-CA-011175-O,05/27/2026 11:00 AM ET,"9362 WOODCRANE DR WINTER GARDEN, 34787","$570,194.23","$446,550.00",Hidden,272404755101710
2026-04-16T08:53:14,CLOSED,2024-CA-001095-O,05/28/2026 11:00 AM ET,"1154 SUMMER LAKES DR ORLANDO, 32835","$19,711.52","$238,600.00",Hidden,TIMESHARE
2026-04-16T08:53:14,CLOSED,2025-CA-004896-O,05/28/2026 11:00 AM ET,"1475 LAKE SHADOW CIR UNIT 6308 MAITLAND, 32751","$204,662.77","$176,925.00",Hidden,292127892506308
2026-04-16T08:53:14,CLOSED,2025-CA-006710-O,05/28/2026 11:00 AM ET,"4177 N ORANGE BLOSSOM TRL UNIT ORLANDO, 32804","$322,816.80","$284,900.00",Hidden,292210261301208
2026-04-16T08:53:14,CLOSED,2018-CA-007877-O,06/01/2026 11:00 AM ET,"2408 MAYER ST ORLANDO, 32806","$224,462.82","$247,338.00",Hidden,Property
2026-04-16T08:53:14,CLOSED,2024-CA-006414-O,06/02/2026 11:00 AM ET,"646 OLYMPIC DR UNIT 14-2 OCOEE, 34761","$36,278.75","$148,239.00",Hidden,TIMESHARE
2026-04-16T08:53:14,CLOSED,2025-CA-000604-O,06/02/2026 11:00 AM ET,"14061 TURNING LEAF DR ORLANDO, 32828","$10,352.39","$271,648.00",Hidden,TIMESHARE
2026-04-16T08:53:14,CLOSED,2025-CA-004562-O,06/02/2026 11:00 AM ET,"6109 ZONNA AVE ORLANDO, 32808","$16,051.90","$177,544.00",Hidden,TIMESHARE
2026-04-16T08:53:14,CLOSED,2023-CA-016936-O,06/03/2026 11:00 AM ET,"7029 CARNA CT ORLANDO, 32807","$163,220.60","$110,579.00",Hidden,302226797300210
2026-04-16T08:53:14,CLOSED,2023-CC-022155-O,06/04/2026 11:00 AM ET,"6326 ABBEYDALE CT ORLANDO, 32818","$10,098.02","$186,857.00",Hidden,282125813300520
2026-04-16T08:53:14,CLOSED,2024-CA-006297-O,06/05/2026 11:00 AM ET,"5800 LACONIA RD ORLANDO, 32808","$162,879.08","$184,573.00",Hidden,282213756813030
2026-04-16T08:53:14,CLOSED,2024-CC-007089-O,06/05/2026 11:00 AM ET,"4749 HOPESPRING DR ORLANDO, 32829","$7,509.81","$314,330.00",Hidden,302313129600640
2026-04-16T08:53:14,CLOSED,2024-CA-008746-O,06/09/2026 11:00 AM ET,"7348 SPARKLING LAKE RD ORLANDO, 32819","$96,302.88","$390,276.00",Hidden,282323629400300
2026-04-16T08:53:14,CLOSED,2025-CA-008554-O,06/09/2026 11:00 AM ET,"1835 ALBERT LEE PKWY WINTER PARK, 32789",$0.00,"$326,020.00",Hidden,Property
2026-04-16T08:53:14,CLOSED,2024-CA-005953-O,06/10/2026 11:00 AM ET,"4238 WATERMILL AVE ORLANDO, 32817","$223,409.39","$322,498.00",Hidden,312206906600960
2026-04-16T08:53:14,CLOSED,2025-CA-003076-O,06/10/2026 11:00 AM ET,"13807 ORANGE CREST DR WINDERMERE, 34786","$941,828.97","$446,540.00",Hidden,272322152701370
2026-04-16T08:53:14,CLOSED,2024-CC-021780-O,06/15/2026 11:00 AM ET,"7712 MINUTEMEN LOOP WINTER GARDEN, 34787","$17,230.19","$1,415,642.00",Hidden,272328914900340
2026-04-16T08:53:14,CLOSED,2024-CC-022302-O,06/15/2026 11:00 AM ET,"540 NICOLE MARIE ST APOPKA, 32712","$9,990.62","$359,060.00",Hidden,282104137200670
2026-04-16T08:53:14,CLOSED,2023-CA-017151-O,06/16/2026 11:00 AM ET,"600 MADISON AVE ORLANDO, 32805","$343,757.28","$297,130.00",Hidden,292227824405051
2026-04-16T08:53:14,CLOSED,2025-CA-004211-O,06/16/2026 11:00 AM ET,"13203 ASHINGTON POINTE DR ORLANDO, 32824","$60,840.38","$225,722.00",Hidden,302430351001230
2026-04-16T08:53:14,CLOSED,2023-CA-010984-O,06/17/2026 11:00 AM ET,"9001 WOODBREEZE BLVD WINDERMERE, 34786","$419,489.14","$445,529.00",Hidden,282316805900580
2026-04-16T08:53:14,CLOSED,2026-CA-000137-O,06/17/2026 11:00 AM ET,"2507 RED BERRY WAY OCOEE, 34761","$614,156.12","$524,856.00",Hidden,282204016001100
2026-04-16T08:53:14,CLOSED,2016-CA-004877-O,06/24/2026 11:00 AM ET,"12872 LAKE SAWYER LN WINDERMERE, 34786","$1,059,474.58","$661,612.00",Hidden,272324000000019
2026-04-16T08:53:14,CLOSED,2024-CA-009114-O,06/25/2026 11:00 AM ET,"2321 HOME AGAIN RD APOPKA, 32712","$297,135.02","$430,560.00",Hidden,282029602901730
2026-04-16T08:53:14,CLOSED,2025-CA-007640-O,06/25/2026 11:00 AM ET,"1242 SHELTER ROCK RD ORLANDO, 32835","$323,496.11","$248,735.00",Hidden,282234331300430
2026-04-16T08:53:14,CLOSED,2025-CA-009097-O,06/30/2026 11:00 AM ET,"3126 KELVINGTON DR ORLANDO, 32810","$304,541.96","$218,062.00",Hidden,292133748800140
2026-04-16T08:53:14,CLOSED,2023-CA-016874-O,07/02/2026 11:00 AM ET,"5 N FORSYTH RD ORLANDO, 32807","$280,131.43","$210,310.00",Hidden,302226000000077
2026-04-16T08:53:14,CLOSED,2024-CC-017097-O,07/07/2026 11:00 AM ET,"6677 CORAL BERRY DR MOUNT DORA, 32757","$5,374.92","$278,094.00",Hidden,272016369101620
2026-04-16T08:53:14,CLOSED,2024-CA-001450-O,07/08/2026 11:00 AM ET,"762 KINGS COVE CT ORLANDO, 32807","$210,436.69","$53,262.00",Hidden,302222419800061
2026-04-16T08:53:14,CLOSED,2025-CC-005115-O,07/16/2026 11:00 AM ET,"10514 LINGER LN ORLANDO, 32821","$9,457.31","$259,110.00",Hidden,292407472001360
2026-04-16T08:53:14,CLOSED,2024-CA-007298-O,08/12/2026 11:00 AM ET,"2025 RIBBON FALLS PKWY ORLANDO, 32824","$239,078.08","$400,420.00",Hidden,302429394501830
2026-04-16T08:53:14,CLOSED,2024-CA-009540-O,08/31/2026 11:00 AM ET,"9941 GROSVENOR POINTE CIR WINDERMERE, 34786","$1,095,209.39","$3,402,476.00",Hidden,282329408309840
2026-04-16T09:02:16,NEW,2025-CA-002264-O,04/16/2026 11:00 AM ET,"19 W PRINCETON ST ORLANDO, 32804","$901,960.11","$911,520.00","$925,782.98",292213774004110
2026-04-16T09:02:16,NEW,2024-CC-022231-O,04/20/2026 11:00 AM ET,"2032 CANOPY CIR UNIT 148 ZELLWOOD, 32798","$15,787.43","$173,120.00",Hidden,272025982500148
2026-04-16T09:02:16,NEW,2025-CA-005937-O,04/20/2026 11:00 AM ET,"11056 CLIPPER CT WINDERMERE, 34786","$1,251,782.68","$1,060,792.00","$1,272,634.26",282305550200140
2026-04-16T09:02:16,NEW,2022-CA-000948-O,04/21/2026 11:00 AM ET,"11824 GREAT COMMISSION WAY ORLANDO, 32832","$338,821.76","$343,740.00",Hidden,312410266602720
2026-04-16T09:02:16,NEW,2022-CC-014013-O,04/21/2026 11:00 AM ET,"2045 EL MARRA DR OCOEE, 34761","$19,305.16","$388,620.00","$407,549.76",Property
2026-04-16T09:02:16,NEW,2024-CA-005721-O,04/21/2026 11:00 AM ET,"3408 N WESTMORELAND DR ORLANDO, 32804","$343,567.22","$187,430.00",Hidden,292210242204050
2026-04-16T09:02:16,NEW,2024-CA-006356-O,04/21/2026 11:00 AM ET,"5550 E MICHIGAN ST UNIT 2325 ORLANDO, 32822","$129,481.16","$110,673.00",Hidden,302304734602325
2026-04-16T09:02:16,NEW,2024-CA-010490-O,04/21/2026 11:00 AM ET,"6451 OLD PARK LN UNIT 407 ORLANDO, 32835","$204,793.55","$177,900.00","$200,000.00",282301819004407
2026-04-16T09:02:16,NEW,2024-CA-010493-O,04/21/2026 11:00 AM ET,"5566 METROWEST BLVD UNIT 2-103 ORLANDO, 32811","$149,466.65","$180,496.00","$160,226.59",292306660302103
2026-04-16T09:02:16,NEW,2025-CA-000214-O,04/21/2026 11:00 AM ET,"3611 WESTWOOD RD ORLANDO, 32808","$225,430.72","$123,429.00",Hidden,282212705107140
2026-04-16T09:02:16,NEW,2025-CA-000455-O,04/21/2026 11:00 AM ET,"5528 MINUTE MAN CT ORLANDO, 32821","$5,882.78","$294,040.00",Hidden,TIMESHARE
2026-04-16T09:02:16,NEW,2018-CA-013612-O,04/22/2026 11:00 AM ET,"1401 YATES ST ORLANDO, 32804","$158,872.04","$177,149.00",Hidden,292222177601400
2026-04-16T09:02:16,NEW,2023-CA-017015-O,04/22/2026 11:00 AM ET,"531 RUFFEL ST MAITLAND, 32751","$47,485.25","$244,320.00","$62,175.19",292136000000096
2026-04-16T09:02:16,NEW,2024-CA-009153-O,04/23/2026 11:00 AM ET,"5710 JOYCE ST ORLANDO, 32839","$270,142.46","$228,620.00",Hidden,292324541602060
2026-04-16T09:02:16,NEW,2024-CA-010448-O,04/23/2026 11:00 AM ET,"4409 WATCH HILL RD ORLANDO, 32808","$224,549.92","$128,637.00",Hidden,292206889400900
2026-04-16T09:02:16,NEW,2025-CA-007586-O,04/23/2026 11:00 AM ET,"1944 BRIDGEVIEW CIR ORLANDO, 32824","$8,260.55","$366,015.00",Hidden,302430946789280
2026-04-16T09:02:16,NEW,2025-CA-008403-O,04/23/2026 11:00 AM ET,"101 S GLENWOOD AVE ORLANDO, 32803","$382,804.67","$292,670.00","$365,000.00",302230358400460
2026-04-16T09:02:16,NEW,2025-CA-005085-O,04/24/2026 11:00 AM ET,"4204 COLUMBIA ST ORLANDO, 32811-4170","$40,406.69","$279,290.00","$222,388.82",TIMESHARE
2026-04-16T09:02:16,NEW,2025-CA-010318-O,04/24/2026 11:00 AM ET,"5765 ST CHRISTOPHER DR UNIT 56 ORLANDO, 32822","$133,397.76","$95,259.00","$135,200.00",302315793207560
2026-04-16T09:02:16,NEW,2025-CA-007146-O,04/27/2026 11:00 AM ET,"10436 JANE EYRE DR ORLANDO, 32825","$233,018.61","$303,087.00",Hidden,312229668802200
2026-04-16T09:02:16,NEW,2025-CA-010076-O,04/27/2026 11:00 AM ET,"2707 GRASSMERE LN ORLANDO, 32808","$353,453.90","$348,790.00",Hidden,282213923802040
2026-04-16T09:02:16,NEW,2024-CA-011315-O,04/28/2026 11:00 AM ET,"2943 WOOLRIDGE DR ORLANDO, 32837","$3,545.71","$112,760.00",Hidden,TIMESHARE
2026-04-16T09:02:16,NEW,2025-CA-006362-O,04/28/2026 11:00 AM ET,"101 W GRANT ST ORLANDO, 32806","$6,705.78","$501,950.00",Hidden,TIMESHARE
2026-04-16T09:02:16,NEW,2024-CA-001315-O,04/29/2026 11:00 AM ET,"5001 LATROBE DR WINDERMERE, 34786","$208,841.27","$1,971,063.00",Hidden,MULTIPLE
2026-04-16T09:02:16,NEW,2024-CA-005904-O,04/29/2026 11:00 AM ET,"7921 RIFFLE LN ORLANDO, 32818","$12,238.62","$282,021.00",Hidden,282202755701060
2026-04-16T09:02:16,NEW,2024-CA-006502-O,04/29/2026 11:00 AM ET,"143 BRIGADOON PT ORLANDO, 32835","$272,579.73","$132,860.00",Hidden,282226922400560
2026-04-16T09:02:16,NEW,2019-CA-013607-O,04/30/2026 11:00 AM ET,"8228 SOMMERVILLE DR ORLANDO, 32829","$318,270.43","$282,379.00",Hidden,302324898000970
2026-04-16T09:02:16,NEW,2025-CA-003624-O,04/30/2026 11:00 AM ET,"1348 WHITNEY ISLES DR WINDERMERE, 34786","$466,898.49","$536,957.00",Hidden,282231926000050
2026-04-16T09:02:16,NEW,2025-CA-011322-O,04/30/2026 11:00 AM ET,"12043 WHITE WAVE PT ORLANDO, 32828","$46,107.48","$258,315.00",Hidden,MULTIPLE
2026-04-16T09:02:16,NEW,2024-CA-006165-O,05/01/2026 11:00 AM ET,"2533 BRAMPTON CT ORLANDO, 32817","$184,647.91","$222,099.00",Hidden,312218022401890
2026-04-16T09:02:16,NEW,2025-CA-005675-O,05/01/2026 11:00 AM ET,"9925 RED CLOVER AVE ORLANDO, 32824","$207,893.12","$88,379.00",Hidden,302406555901010
2026-04-16T09:02:16,NEW,2023-CA-012700-O,05/04/2026 11:00 AM ET,"962 GRAND HILLTOP DR APOPKA, 32703","$318,282.84","$367,270.00",Hidden,282121363201490
2026-04-16T09:02:16,NEW,2015-CA-010814-O,05/05/2026 11:00 AM ET,"7101 WHITE TRILLIUM CIR ORLANDO, 32818","$740,905.16","$340,660.00",Hidden,282202243100410
2026-04-16T09:02:16,NEW,2017-CA-002998-O,05/05/2026 11:00 AM ET,"7866 BARDMOOR HILL CIR ORLANDO, 32835","$527,527.95","$331,673.00",Hidden,282303566201490
2026-04-16T09:02:16,NEW,2023-CA-011611-O,05/05/2026 11:00 AM ET,"4025 SHORECREST DR ORLANDO, 32804","$215,315.97","$258,801.00",Hidden,292211069206150
2026-04-16T09:02:16,NEW,2023-CA-011632-O,05/05/2026 11:00 AM ET,"10244 SANDY MARSH LN ORLANDO, 32832","$354,853.35","$540,558.00",Hidden,312409512901190
2026-04-16T09:02:16,NEW,2022-CA-003757-O,05/06/2026 11:00 AM ET,"9923 CASTLETON ST ORLANDO, 32817","$270,746.51","$217,416.00",Hidden,312207380001620
2026-04-16T09:02:16,NEW,2023-CC-009899-O,05/06/2026 11:00 AM ET,"5317 INDIAN CREEK DRIVE # F-02 ORLANDO, 32811","$54,932.02","$566,290.00",Hidden,Property
2026-04-16T09:02:16,NEW,2025-CA-008451-O,05/06/2026 11:00 AM ET,"5263 CORAL CT UNIT 632 ORLANDO, 32811","$123,031.31","$207,300.00",Hidden,TIMESHARE
2026-04-16T09:02:16,NEW,2022-CA-005715-O,05/07/2026 11:00 AM ET,"2213 BONNEVILLE DR ORLANDO, 32826","$128,775.10","$189,750.00",Hidden,312214653910053
2026-04-16T09:02:16,NEW,2023-CA-014748-O,05/07/2026 11:00 AM ET,"7133 TALLOWTREE LN ORLANDO, 32835","$318,677.53","$393,800.00",Hidden,282226393000110
2026-04-16T09:02:16,NEW,2024-CA-001014-O,05/07/2026 11:00 AM ET,"1504 ST LAWRENCE ST ORLANDO, 32818","$377,470.74","$302,470.00",Hidden,282222889200430
2026-04-16T09:02:16,NEW,2024-CA-005626-O,05/07/2026 11:00 AM ET,"1984 CASABA COVE AVE OCOEE, 34761","$33,263.02","$401,900.00",Hidden,282204627400500
2026-04-16T09:02:16,NEW,2024-CA-010848-O,05/07/2026 11:00 AM ET,"10633 WATERTOWN CT ORLANDO, 32821","$349,142.59","$294,100.00",Hidden,292407935903090
2026-04-16T09:02:16,NEW,2024-CC-017891-O,05/07/2026 11:00 AM ET,"5313 INDIAN CREEK DRIVE ORLANDO, 32811","$19,034.42","$594,160.00",Hidden,Property
2026-04-16T09:02:16,NEW,2025-CA-003935-O,05/07/2026 11:00 AM ET,"430 ASHLEY BROOKE CT APOPKA, 32712","$303,364.43","$229,776.00",Hidden,282105646149020
2026-04-16T09:02:16,NEW,2025-CA-009407-O,05/07/2026 11:00 AM ET,"449 LAKE VIEW DR APOPKA, 32703","$241,942.74","$275,110.00",Hidden,282106718802020
2026-04-16T09:02:16,NEW,2017-CA-003909-O,05/08/2026 11:00 AM ET,"6201 DARTMOOR CT ORLANDO, 32819","$980,836.75","$522,061.00",Hidden,282327052700150
2026-04-16T09:02:16,NEW,2025-CC-011967-O,05/08/2026 11:00 AM ET,"2487 LAKEWAY BRANCH DR UNIT 21 ORLANDO, 32839","$23,168.73","$65,102.00",Hidden,292309499822107
2026-04-16T09:02:16,NEW,2025-CA-004691-O,05/11/2026 11:00 AM ET,"4860 HOPESPRING DR ORLANDO, 32829","$73,169.83","$286,865.00",Hidden,TIMESHARE
2026-04-16T09:02:16,NEW,2022-CA-002022-O,05/12/2026 11:00 AM ET,"632 LOST GROVE CIR WINTER GARDEN, 34787","$347,446.92","$424,114.00",Hidden,272235323100370
2026-04-16T09:02:16,NEW,2024-CA-005708-O,05/12/2026 11:00 AM ET,"11419 BRINDLE ST ORLANDO, 32824","$204,280.55","$125,267.00",Hidden,302418887300550
2026-04-16T09:02:16,NEW,2024-CA-008033-O,05/12/2026 11:00 AM ET,"1211 FLOWERS POINTE LN ORLANDO, 32825","$238,395.47","$212,316.00",Hidden,312220280200130
2026-04-16T09:02:16,NEW,2024-CA-011067-O,05/12/2026 11:00 AM ET,"1406 SPRING FEST LN ORLANDO, 32828","$7,209.49","$562,790.00",Hidden,TIMESHARE
2026-04-16T09:02:16,NEW,2022-CA-007038-O,05/13/2026 11:00 AM ET,"13008 GRAND BANK LN ORLANDO, 32825","$329,078.13","$186,683.00",Hidden,312309020600290
2026-04-16T09:02:16,NEW,2024-CA-010048-O,05/14/2026 11:00 AM ET,"3142 TIMUCUA CIR ORLANDO, 32837","$546,965.83","$495,130.00",Hidden,292433310901080
2026-04-16T09:02:16,NEW,2025-CC-016191-O,05/14/2026 11:00 AM ET,"4066 FEATHER TREE DR APOPKA, 32712","$7,802.88","$370,900.00",Hidden,272013933501070
2026-04-16T09:02:16,NEW,2023-CC-001916-O,05/18/2026 11:00 AM ET,"2743 OSPREY CREEK LN ORLANDO, 32825","$3,439.37","$411,060.00",Hidden,312305197301100
2026-04-16T09:02:16,NEW,2025-CA-004151-O,05/18/2026 11:00 AM ET,"121 PROSPER DR APOPKA, 32703","$210,563.99","$48,086.00",Hidden,282111284000020
2026-04-16T09:02:16,NEW,2022-CA-005532-O,05/19/2026 11:00 AM ET,"5302 BURNING TREE ORLANDO, 32811","$110,469.33","$157,645.00",Hidden,Property
2026-04-16T09:02:16,NEW,2024-CA-009079-O,05/19/2026 11:00 AM ET,"5237 ISLEWORTH COUNTRY CLUB DR WINDERMERE, 34786","$3,249,265.57","$2,770,580.00",Hidden,282316389902320
2026-04-16T09:02:16,NEW,2024-CA-010374-O,05/19/2026 11:00 AM ET,"4010 OLD WINTER GARDEN RD ORLANDO, 32805","$452,364.74","$980,027.00",Hidden,292229459203030
2026-04-16T09:02:16,NEW,2025-CA-006161-O,05/19/2026 11:00 AM ET,"1407 KENNY CT WINTER GARDEN, 34787","$2,236.36","$77,437.00",Hidden,TIMESHARE
2026-04-16T09:02:16,NEW,2019-CA-006693-O,05/20/2026 11:00 AM ET,"1148 GRAND HILLTOP DR APOPKA, 32703","$240,485.89","$235,038.00",Hidden,282121363000090
2026-04-16T09:02:16,NEW,2023-CA-013464-O,05/20/2026 11:00 AM ET,"1268 DEGRAW DR APOPKA, 32712","$387,636.58","$327,171.00",Hidden,282017743101098
2026-04-16T09:02:16,NEW,2025-CA-003080-O,05/20/2026 11:00 AM ET,"1225 LAKE SHADOW CIR UNIT 1410 MAITLAND, 32751","$157,276.44","$176,925.00",Hidden,292127892514102
2026-04-16T09:02:16,NEW,2025-CA-004286-O,05/20/2026 11:00 AM ET,"7001 BLAIR DR ORLANDO, 32818","$212,620.82","$80,122.00",Hidden,282223540300140
2026-04-16T09:02:16,NEW,2025-CA-008520-O,05/20/2026 11:00 AM ET,"3243 STONEWYCK ST ORLANDO, 32824","$211,398.21","$566,290.00",Hidden,302433495701190
2026-04-16T09:02:16,NEW,2025-CA-009196-O,05/20/2026 11:00 AM ET,"10330 POINTVIEW CT ORLANDO, 32836",$0.00,"$334,567.00",Hidden,Property
2026-04-16T09:02:16,NEW,2025-CC-021189-O,05/20/2026 11:00 AM ET,"3705 CONNOR AVE ORLANDO, 32808","$87,263.75","$132,436.00",Hidden,292207517414120
2026-04-16T09:02:16,NEW,2023-CA-004589-O,05/21/2026 11:00 AM ET,"5627 MASTERS BLVD ORLANDO, 32819","$587,486.99","$560,370.00",Hidden,282321055404260
2026-04-16T09:02:16,NEW,2024-CA-010876-O,05/21/2026 11:00 AM ET,"1547 PRIORY CIR WINTER GARDEN, 34787-5566","$378,380.92","$228,654.00",Hidden,272233829300330
2026-04-16T09:02:16,NEW,2025-CA-009690-O,05/21/2026 11:00 AM ET,"4705 STONY BROOK LN ORLANDO, 32808","$217,701.45","$206,249.00",Hidden,292207803207010
2026-04-16T09:02:16,NEW,2025-CC-014548-O,05/21/2026 11:00 AM ET,"6192 TIVOLI GARDENS BLVD ORLANDO, 32829","$11,638.10","$300,140.00",Hidden,312319200601410
2026-04-16T09:02:16,NEW,2025-CC-022894-O,05/21/2026 11:00 AM ET,"2242 J LAWSON BLVD ORLANDO, 32824","$5,866.20","$280,038.00",Hidden,302429033100410
2026-04-16T09:02:16,NEW,2017-CA-000599-O,05/26/2026 11:00 AM ET,"8503 SAN MARINO BLVD ORLANDO, 32836","$1,461,521.40","$38,779.00",Hidden,Property
2026-04-16T09:02:16,NEW,2024-CA-008721-O,05/26/2026 11:00 AM ET,"2902 CALUMET DR ORLANDO, 32810","$339,726.01","$267,844.00",Hidden,292128368300520
2026-04-16T09:02:16,NEW,2024-CC-014122-O,05/26/2026 11:00 AM ET,"5705 OXFORD MOOR BLVD WINDERMERE, 34786","$9,867.58","$1,156,020.00",Hidden,272314584700200
2026-04-16T09:02:16,NEW,2025-CA-000605-O,05/26/2026 11:00 AM ET,"903 DOREEN AVE OCOEE, 34761","$77,189.73","$197,890.00",Hidden,282208676704400
2026-04-16T09:02:16,NEW,2025-CA-007684-O,05/26/2026 11:00 AM ET,"9651 BISCOTTI AVE ORLANDO, 32829","$10,842.54","$304,850.00",Hidden,312318177600680
2026-04-16T09:02:16,NEW,2025-CA-011000-O,05/26/2026 11:00 AM ET,"12144 BRUCETON WAY UNIT 101 ORLANDO, 32828","$8,007.79","$297,600.00",Hidden,312234863306101
2026-04-16T09:02:16,NEW,2024-CA-000164-O,05/27/2026 11:00 AM ET,"202 S ORANGE BLOSSOM TRL ORLANDO, 32805","$1,110,860.91","$1,174,034.00",Hidden,292227000000084
2026-04-16T09:02:16,NEW,2024-CA-000674-O,05/27/2026 11:00 AM ET,"4218 CROSSEN DR ORLANDO, 32822","$251,267.57","$175,580.00",Hidden,302313233201780
2026-04-16T09:02:16,NEW,2024-CA-003029-O,05/27/2026 11:00 AM ET,"211 S ULYSSES DR APOPKA, 32703","$242,985.77","$184,100.00",Hidden,282112911805130
2026-04-16T09:02:16,NEW,2024-CA-009940-O,05/27/2026 11:00 AM ET,"1803 BALSAWOOD CT ORLANDO, 32818","$2,194.17","$292,491.00",Hidden,TIMESHARE
2026-04-16T09:02:16,NEW,2025-CA-010149-O,05/27/2026 11:00 AM ET,"8040 TIBET BUTLER DR WINDERMERE, 34786","$1,385,228.03","$1,602,200.00",Hidden,282329407504130
2026-04-16T09:02:16,NEW,2025-CA-011175-O,05/27/2026 11:00 AM ET,"9362 WOODCRANE DR WINTER GARDEN, 34787","$570,194.23","$446,550.00",Hidden,272404755101710
2026-04-16T09:02:16,NEW,2024-CA-001095-O,05/28/2026 11:00 AM ET,"1154 SUMMER LAKES DR ORLANDO, 32835","$19,711.52","$238,600.00",Hidden,TIMESHARE
2026-04-16T09:02:16,NEW,2025-CA-004896-O,05/28/2026 11:00 AM ET,"1475 LAKE SHADOW CIR UNIT 6308 MAITLAND, 32751","$204,662.77","$176,925.00",Hidden,292127892506308
2026-04-16T09:02:16,NEW,2025-CA-006710-O,05/28/2026 11:00 AM ET,"4177 N ORANGE BLOSSOM TRL UNIT ORLANDO, 32804","$322,816.80","$284,900.00",Hidden,292210261301208
2026-04-16T09:02:16,NEW,2018-CA-007877-O,06/01/2026 11:00 AM ET,"2408 MAYER ST ORLANDO, 32806","$224,462.82","$247,338.00",Hidden,Property
2026-04-16T09:02:16,NEW,2024-CA-006414-O,06/02/2026 11:00 AM ET,"646 OLYMPIC DR UNIT 14-2 OCOEE, 34761","$36,278.75","$148,239.00",Hidden,TIMESHARE
2026-04-16T09:02:16,NEW,2025-CA-000604-O,06/02/2026 11:00 AM ET,"14061 TURNING LEAF DR ORLANDO, 32828","$10,352.39","$271,648.00",Hidden,TIMESHARE
2026-04-16T09:02:16,NEW,2025-CA-004562-O,06/02/2026 11:00 AM ET,"6109 ZONNA AVE ORLANDO, 32808","$16,051.90","$177,544.00",Hidden,TIMESHARE
2026-04-16T09:02:16,NEW,2023-CA-016936-O,06/03/2026 11:00 AM ET,"7029 CARNA CT ORLANDO, 32807","$163,220.60","$110,579.00",Hidden,302226797300210
2026-04-16T09:02:16,NEW,2023-CC-022155-O,06/04/2026 11:00 AM ET,"6326 ABBEYDALE CT ORLANDO, 32818","$10,098.02","$186,857.00",Hidden,282125813300520
2026-04-16T09:02:16,NEW,2024-CA-006297-O,06/05/2026 11:00 AM ET,"5800 LACONIA RD ORLANDO, 32808","$162,879.08","$184,573.00",Hidden,282213756813030
2026-04-16T09:02:16,NEW,2024-CC-007089-O,06/05/2026 11:00 AM ET,"4749 HOPESPRING DR ORLANDO, 32829","$7,509.81","$314,330.00",Hidden,302313129600640
2026-04-16T09:02:16,NEW,2024-CA-008746-O,06/09/2026 11:00 AM ET,"7348 SPARKLING LAKE RD ORLANDO, 32819","$96,302.88","$390,276.00",Hidden,282323629400300
2026-04-16T09:02:16,NEW,2025-CA-008554-O,06/09/2026 11:00 AM ET,"1835 ALBERT LEE PKWY WINTER PARK, 32789",$0.00,"$326,020.00",Hidden,Property
2026-04-16T09:02:16,NEW,2024-CA-005953-O,06/10/2026 11:00 AM ET,"4238 WATERMILL AVE ORLANDO, 32817","$223,409.39","$322,498.00",Hidden,312206906600960
2026-04-16T09:02:16,NEW,2025-CA-003076-O,06/10/2026 11:00 AM ET,"13807 ORANGE CREST DR WINDERMERE, 34786","$941,828.97","$446,540.00",Hidden,272322152701370
2026-04-16T09:02:16,NEW,2024-CC-021780-O,06/15/2026 11:00 AM ET,"7712 MINUTEMEN LOOP WINTER GARDEN, 34787","$17,230.19","$1,415,642.00",Hidden,272328914900340
2026-04-16T09:02:16,NEW,2024-CC-022302-O,06/15/2026 11:00 AM ET,"540 NICOLE MARIE ST APOPKA, 32712","$9,990.62","$359,060.00",Hidden,282104137200670
2026-04-16T09:02:16,NEW,2023-CA-017151-O,06/16/2026 11:00 AM ET,"600 MADISON AVE ORLANDO, 32805","$343,757.28","$297,130.00",Hidden,292227824405051
2026-04-16T09:02:16,NEW,2025-CA-004211-O,06/16/2026 11:00 AM ET,"13203 ASHINGTON POINTE DR ORLANDO, 32824","$60,840.38","$225,722.00",Hidden,302430351001230
2026-04-16T09:02:16,NEW,2023-CA-010984-O,06/17/2026 11:00 AM ET,"9001 WOODBREEZE BLVD WINDERMERE, 34786","$419,489.14","$445,529.00",Hidden,282316805900580
2026-04-16T09:02:16,NEW,2026-CA-000137-O,06/17/2026 11:00 AM ET,"2507 RED BERRY WAY OCOEE, 34761","$614,156.12","$524,856.00",Hidden,282204016001100
2026-04-16T09:02:16,NEW,2016-CA-004877-O,06/24/2026 11:00 AM ET,"12872 LAKE SAWYER LN WINDERMERE, 34786","$1,059,474.58","$661,612.00",Hidden,272324000000019
2026-04-16T09:02:16,NEW,2024-CA-009114-O,06/25/2026 11:00 AM ET,"2321 HOME AGAIN RD APOPKA, 32712","$297,135.02","$430,560.00",Hidden,282029602901730
2026-04-16T09:02:16,NEW,2025-CA-007640-O,06/25/2026 11:00 AM ET,"1242 SHELTER ROCK RD ORLANDO, 32835","$323,496.11","$248,735.00",Hidden,282234331300430
2026-04-16T09:02:16,NEW,2025-CA-009097-O,06/30/2026 11:00 AM ET,"3126 KELVINGTON DR ORLANDO, 32810","$304,541.96","$218,062.00",Hidden,292133748800140
2026-04-16T09:02:16,NEW,2023-CA-016874-O,07/02/2026 11:00 AM ET,"5 N FORSYTH RD ORLANDO, 32807","$280,131.43","$210,310.00",Hidden,302226000000077
2026-04-16T09:02:16,NEW,2024-CC-017097-O,07/07/2026 11:00 AM ET,"6677 CORAL BERRY DR MOUNT DORA, 32757","$5,374.92","$278,094.00",Hidden,272016369101620
2026-04-16T09:02:16,NEW,2024-CA-001450-O,07/08/2026 11:00 AM ET,"762 KINGS COVE CT ORLANDO, 32807","$210,436.69","$53,262.00",Hidden,302222419800061
2026-04-16T09:02:16,NEW,2025-CC-005115-O,07/16/2026 11:00 AM ET,"10514 LINGER LN ORLANDO, 32821","$9,457.31","$259,110.00",Hidden,292407472001360
2026-04-16T09:02:16,NEW,2024-CA-007298-O,08/12/2026 11:00 AM ET,"2025 RIBBON FALLS PKWY ORLANDO, 32824","$239,078.08","$400,420.00",Hidden,302429394501830
2026-04-16T09:02:16,NEW,2024-CA-009540-O,08/31/2026 11:00 AM ET,"9941 GROSVENOR POINTE CIR WINDERMERE, 34786","$1,095,209.39","$3,402,476.00",Hidden,282329408309840
2026-04-16T09:02:16,CLOSED,2023CA006939000000,04/16/2026 10:00 AM ET,"830 N 8TH ST EAGLE LAKE, FL- 33839","$315,401.80","$239,035.00",Hidden,262907677000000507
2026-04-16T09:02:16,CLOSED,2024CA004254000000,04/16/2026 10:00 AM ET,"2912 LAKE ALFRED RD WINTER HAVEN, FL- 33880","$274,344.24","$152,621.00","$274,344.24",262817544500050100
2026-04-16T09:02:16,CLOSED,2024CC010228000000,04/17/2026 10:00 AM ET,"243 MINNIEHAHA CIR HAINES CITY, FL- 33845","$10,103.10","$375,348.00","$10,103.10",272717741010001630
2026-04-16T09:02:16,CLOSED,2025CA002306A000BA,04/17/2026 10:00 AM ET,"105 REBECCA DR WINTER HAVEN, FL- 33881","$196,150.29","$56,153.00","$176,769.80",262822588313000280
2026-04-16T09:02:16,CLOSED,2025CA002977A000BA,04/17/2026 10:00 AM ET,"311 MICHIGAN LN POINCIANA, FL- 34759","$380,314.83","$260,915.00",Hidden,282803934760011280
2026-04-16T09:02:16,CLOSED,2025CA004293A000BA,04/17/2026 10:00 AM ET,"1609 ITCHEPACKESASSA DR LAKELAND, FL- 33810","$209,818.57","$189,289.00",Hidden,232808024510000090
2026-04-16T09:02:16,CLOSED,2025CC002581A000BA,04/17/2026 10:00 AM ET,"259 KINGS POND AVE WINTER HAVEN, FL- 33880","$6,191.71","$162,706.00","$6,191.71",262831641446000670
2026-04-16T09:02:16,CLOSED,2025CC009396A000BA,04/17/2026 10:00 AM ET,"7103 TWELVE OAKS DR LAKELAND, FL- 33813","$11,261.29","$741,295.00","$11,586.29",242930290809000060
2026-04-16T09:02:16,CLOSED,2024CA002119000000,04/21/2026 10:00 AM ET,"140 KRENSON BAY LOOP WINTER HAVEN, FL- 33881","$371,295.81","$228,716.00",Hidden,262821585012000100
2026-04-16T09:02:16,CLOSED,2024CA003298000000,04/21/2026 10:00 AM ET,"1432 THOUSAND ROSES DR LAKE WALES, FL- 33853","$70,908.41","$55,987.00","$71,908.59",283006939399000112
2026-04-16T09:02:16,CLOSED,2024CC006907000000,04/21/2026 10:00 AM ET,"4341 TROTTERS WAY LAKELAND, FL- 33801","$8,211.32","$245,993.00","$8,211.32",242812178758003850
2026-04-16T09:02:16,CLOSED,2025CA000265000000,04/21/2026 10:00 AM ET,"326 N SCENIC HWY FROSTPROOF, FL- 33843","$131,047.05","$218,785.00","$131,047.05",283128964200001090
2026-04-16T09:02:16,CLOSED,2025CA002110A000BA,04/21/2026 10:00 AM ET,"1431 BUTTERFLY MILKWEED CT DAVENPORT, FL- 33837","$1,422,410.90","$800,239.00","$1,422,410.90",272624706192002580
2026-04-16T09:02:16,CLOSED,2025CA002658A000BA,04/21/2026 10:00 AM ET,"920 PARADISE DR DAVENPORT, FL- 33897","$541,645.44","$422,000.00",Hidden,262513998011000980
2026-04-16T09:02:16,CLOSED,2025CA002870A000BA,04/21/2026 10:00 AM ET,"537 MADISON DR DAVENPORT, FL- 33837","$358,860.84","$240,000.00","$358,860.84",272629707043002100
2026-04-16T09:02:16,CLOSED,2025CA003106A000BA,04/21/2026 10:00 AM ET,"1026 LAKE DAVENPORT BLVD DAVENPORT, FL- 33837","$349,392.41","$318,259.00","$349,392.41",262501488037001820
2026-04-16T09:02:16,CLOSED,2025CA003243A000BA,04/21/2026 10:00 AM ET,"200 SUMMERLIN LOOP HAINES CITY, FL- 33844","$442,319.05","$351,993.00",Hidden,272726758513000240
2026-04-16T09:02:16,CLOSED,2025CA003416A000BA,04/21/2026 10:00 AM ET,"411 AQUA VISTA DR HAINES CITY, FL- 33844","$391,413.17","$327,839.00","$391,413.17",272732797500000160
2026-04-16T09:02:16,CLOSED,2024CA004377000000,04/22/2026 10:00 AM ET,"2498 SILVER VIEW DR LAKELAND, FL- 33811","$10,579.15","$317,055.00","$10,579.15",232828138014000680
2026-04-16T09:02:16,CLOSED,2025CA004555A000BA,04/22/2026 10:00 AM ET,"1275 BUTTERFLY ORCHID RD DAVENPORT, FL- 33837","$1,230,462.78","$642,016.00",Hidden,272624706192002460
2026-04-16T09:02:16,CLOSED,2022CA002010000000,04/23/2026 10:00 AM ET,"900 NW AVENUE X WINTER HAVEN, FL- 33881","$155,422.51","$174,083.00","$155,422.51",262817542500000980
2026-04-16T09:02:16,CLOSED,2024CA002763000000,04/24/2026 10:00 AM ET,"1207 NE 6TH ST MULBERRY, FL- 33860","$140,481.18","$115,321.00","$140,481.18",233001142490002020
2026-04-16T09:02:16,CLOSED,2025CA000648000000,04/24/2026 10:00 AM ET,"2442 LILLY ST LAKE WALES, FL- 33898","$224,809.78","$154,427.00","$224,809.78",283018947200001150
2026-04-16T09:02:16,CLOSED,2025CA001014000000,04/24/2026 10:00 AM ET,"6437 JENNY DR LAKE WALES, FL- 33898","$326,168.54","$255,514.00","$326,168.54",282905936590006030
2026-04-16T09:02:16,CLOSED,2025CC003144A000BA,04/24/2026 10:00 AM ET,"205 DINNER LAKE LOOP LAKE WALES, FL- 33859","$8,396.63","$297,009.00","$8,396.63",272915864501000130
2026-04-16T09:02:16,CLOSED,2017CA001901000000,04/27/2026 10:00 AM ET,"244 BALLYSHANNON DR DAVENPORT, FL- 33897","$370,376.02","$208,295.00","$370,376.02",262524488065001350
2026-04-16T09:02:16,CLOSED,2023CA006606000000,04/27/2026 10:00 AM ET,"205 TRACY WAY LAKELAND, FL- 33809","$255,111.60","$237,562.00","$255,111.60",232713000000012310
2026-04-16T09:02:16,CLOSED,2025CA000177000000,04/27/2026 10:00 AM ET,"204 BOBBIE CIR LAKELAND, FL- 33813","$278,239.50","$200,078.00","$278,239.50",232901139300000350
2026-04-16T09:02:16,CLOSED,2025CA000253000000,04/27/2026 10:00 AM ET,"10202 QUINN RD POLK CITY, FL- 33868","$67,541.43","$137,394.00","$67,541.43",252631000000033020
2026-04-16T09:02:16,CLOSED,2025CA002887A000BA,04/27/2026 10:00 AM ET,"1021 KETTLES AVE LAKELAND, FL- 33805","$299,456.70","$232,585.00","$299,456.70",232812051000001130
2026-04-16T09:02:16,CLOSED,2025CA003346A000BA,04/27/2026 10:00 AM ET,"5557 ORO VALLEY RD AUBURNDALE, FL- 33823","$229,371.03","$222,618.00","$229,371.03",252709298384001090
2026-04-16T09:02:16,CLOSED,2025CA004263A000BA,04/27/2026 10:00 AM ET,"219 DELANCEY DR DAVENPORT, FL- 33837","$57,824.68","$103,583.00","$57,824.68",272706726505001860
2026-04-16T09:02:16,CLOSED,2021CA001661000000,04/28/2026 10:00 AM ET,"502 CANAL DR LAKE WALES, FL- 33859","$187,070.64","$288,043.00","$187,070.64",273035928400022050
2026-04-16T09:02:16,CLOSED,2024CA000822000000,04/29/2026 10:00 AM ET,"2217 KNIGHTS RD WINTER HAVEN, FL- 33880","$166,125.52","$137,500.00","$166,125.52",262831000000013440
2026-04-16T09:02:16,CLOSED,2024CA002574000000,04/29/2026 10:00 AM ET,"359 ACADIA DR POINCIANA, FL- 34759","$278,787.46","$231,058.00","$278,787.46",282722933910000410
2026-04-16T09:02:16,CLOSED,2025CA000645000000,04/29/2026 10:00 AM ET,"268 FIDDLEWOOD CT DAVENPORT, FL- 33837","$322,249.96","$252,154.00","$322,249.96",272710733519000770
2026-04-16T09:02:16,CLOSED,2024CA004307000000,04/30/2026 10:00 AM ET,"672 CHELSEA DR DAVENPORT, FL- 33897","$9,538.70","$178,767.00","$9,538.70",262512999952001620
2026-04-16T09:02:16,CLOSED,2025CA001849A000BA,04/30/2026 10:00 AM ET,"3281 ROYAL TERN DR WINTER HAVEN, FL- 33881","$10,214.74","$230,726.00","$10,214.74",262812531504000400
2026-04-16T09:02:16,CLOSED,2025CA002761A000BA,04/30/2026 10:00 AM ET,"40 HALL ST FROSTPROOF, FL- 33843","$233,301.67","$153,985.00","$233,301.67",283128964200004070
2026-04-16T09:02:16,CLOSED,2024CA000954000000,05/01/2026 10:00 AM ET,"279 WAVERLY LOOP LAKE WALES, FL- 33859","$112,085.36","$154,297.00","$112,085.36",272910859001000270
2026-04-16T09:02:16,CLOSED,2024CA004860000000,05/01/2026 10:00 AM ET,"125 RUDY ST AUBURNDALE, FL- 33823","$19,779.90","$410,507.00","$19,779.90",252735305252002000
2026-04-16T09:02:16,CLOSED,2025CA001123A000BA,05/01/2026 10:00 AM ET,"131 SONJA CIR DAVENPORT, FL- 33897","$327,609.38","$246,904.00","$327,609.38",262536488060000470
2026-04-16T09:02:16,CLOSED,2025CA001821A000BA,05/01/2026 10:00 AM ET,"4027 ROLLING OAKS DR WINTER HAVEN, FL- 33880","$62,833.04","$98,229.00","$62,833.04",252902356710000140
2026-04-16T09:02:16,CLOSED,2025CC002893A000BA,05/01/2026 10:00 AM ET,"3117 ST KITTS CT HAINES CITY, FL- 33844",$0.00,"$280,158.00",$0.00,272717741005002050
2026-04-16T09:02:16,CLOSED,2022CC005863000000,05/05/2026 10:00 AM ET,"349 LAKE DAVENPORT CIR DAVENPORT, FL- 33837","$38,550.88","$261,225.00","$38,550.88",272704725005001280
2026-04-16T09:02:16,CLOSED,2024CA000965000000,05/05/2026 10:00 AM ET,"2252 SWEET BAY DR LAKELAND, FL- 33811","$322,208.23","$190,361.00","$322,208.23",232910139700000040
2026-04-16T09:02:16,CLOSED,2024CA001307000000,05/05/2026 10:00 AM ET,"3417 YARIAN DR HAINES CITY, FL- 33844","$351,621.79","$277,441.00","$351,621.79",272719744118000250
2026-04-16T09:02:16,CLOSED,2024CA003336000000,05/05/2026 10:00 AM ET,"1612 FOREST HILLS LN HAINES CITY, FL- 33844","$467,624.45","$371,159.00","$467,624.45",272720749020000070
2026-04-16T09:02:16,CLOSED,2024CA004402000000,05/05/2026 10:00 AM ET,"123 KENTUCKY AVE N LAKELAND, FL- 33801","$456,671.50","$578,802.00","$456,671.50",242818201000015060
2026-04-16T09:02:16,CLOSED,2025CA001653A000BA,05/05/2026 10:00 AM ET,"830 N LINCOLN AVE LAKELAND, FL- 33815","$59,145.34","$51,332.00","$59,145.34",232813063500000261
2026-04-16T09:02:16,CLOSED,2025CA002948A000BA,05/05/2026 10:00 AM ET,"128 PETTEWAY DR LAKELAND, FL- 33805","$174,738.39","$67,620.00","$174,738.39",232736015500005014
2026-04-16T09:02:16,CLOSED,2025CA003332A000BA,05/05/2026 10:00 AM ET,"2190 GREENTREE CT BARTOW, FL- 33830","$193,136.77","$159,638.00","$193,136.77",253009426820000180
2026-04-16T09:02:16,CLOSED,2025CC003371A000BA,05/05/2026 10:00 AM ET,"778 CHELSEA WAY LAKE WALES, FL- 33853","$8,705.16","$117,279.00","$8,705.16",272936880205000830
2026-04-16T09:02:16,CLOSED,2025CC004804A000BA,05/05/2026 10:00 AM ET,"515 RUM RUN DAVENPORT, FL- 33837","$19,599.24","$186,000.00","$19,599.24",262512999967333030
2026-04-16T09:02:16,CLOSED,2023CA005560000000,05/06/2026 10:00 AM ET,"2315 1ST ST MULBERRY, FL- 33860","$85,442.91","$110,207.00","$85,442.91",233003000000013140
2026-04-16T09:02:16,CLOSED,2024CA002312000000,05/06/2026 10:00 AM ET,"1060 30TH ST NW WINTER HAVEN, FL- 33881","$70,191.59","$131,673.00","$70,191.59",252824350800000460
2026-04-16T09:02:16,CLOSED,2025CA002577A000BA,05/06/2026 10:00 AM ET,"2536 OLIVE AVE LAKE WALES, FL- 33898","$60,022.52","$200,653.00","$60,022.52",283005939200002030
2026-04-16T09:02:16,CLOSED,2025CC008558A000BA,05/06/2026 10:00 AM ET,"3050 WOODMONT AVE WINTER HAVEN, FL- 33880","$25,345.05","$1,613,401.00","$25,345.05",262902663640003491
2026-04-16T09:02:16,CLOSED,2025CA002308A000BA,05/07/2026 10:00 AM ET,"2027 RIO GRANDE CANYON LOOP POINCIANA, FL- 34759","$14,201.23","$195,890.00","$14,201.23",282815935360129050
2026-04-16T09:02:16,CLOSED,2025CC003860A000BA,05/07/2026 10:00 AM ET,"414 HONEY BELL RD WINTER HAVEN, FL- 33880","$8,687.80","$192,087.00","$8,687.80",262908686701001610
2026-04-16T09:02:16,CLOSED,2025CC006877A000BA,05/07/2026 10:00 AM ET,"168 WILLIAMSON DR DAVENPORT, FL- 33897","$6,163.47","$283,528.00","$6,163.47",262536999937000110
2026-04-16T09:02:16,CLOSED,2024CA003897000000,05/08/2026 10:00 AM ET,"671 WATERFERN TRAIL DR AUBURNDALE, FL- 33823","$277,870.83","$165,000.00","$277,870.83",252736305501000210
2026-04-16T09:02:16,CLOSED,2025CA003345A000BA,05/08/2026 10:00 AM ET,"1123 WALNUT ST W LAKELAND, FL- 33815","$179,799.01","$243,968.00","$179,799.01",232824113000008160
2026-04-16T09:02:16,CLOSED,2025CA004862A000BA,05/08/2026 10:00 AM ET,"679 AVENUE L SE WINTER HAVEN, FL- 33880","$153,615.45","$66,624.00","$153,615.45",262833651800000110
2026-04-16T09:02:16,CLOSED,2018CA003775000000,05/11/2026 10:00 AM ET,"857 SHEEN CIR HAINES CITY, FL- 33844","$361,074.54","$226,082.00","$361,074.54",272717741011003000
2026-04-16T09:02:16,CLOSED,2022CA001956000000,05/11/2026 10:00 AM ET,"9040 HAMMOCK LOOP POLK CITY, FL- 33868","$93,144.81","$59,897.00","$93,144.81",242701160954000370
2026-04-16T09:02:16,CLOSED,2023CA004265000000,05/11/2026 10:00 AM ET,"100 EMERALD ISLE RD HAINES CITY, FL- 33844","$425,048.89","$119,369.00","$425,048.89",282805000000033030
2026-04-16T09:02:16,CLOSED,2025CA001156A000BA,05/11/2026 10:00 AM ET,"130 D ST 1,2,3,4 LAKE WALES, FL- 33853","$328,355.08","$201,960.00","$328,355.08",272935880000001080
2026-04-16T09:02:16,CLOSED,2025CA001666A000BA,05/11/2026 10:00 AM ET,"38016 HWY 27 DAVENPORT, FL- 33837","$74,563.62","$475,666.00","$74,563.62",272707727000010250
2026-04-16T09:02:16,CLOSED,2025CA002441A000BA,05/11/2026 10:00 AM ET,"4035 CARTERET DR WINTER HAVEN, FL- 33884","$340,303.86","$229,391.00","$340,303.86",262913687552000770
2026-04-16T09:02:16,CLOSED,2025CA002674A000BA,05/11/2026 10:00 AM ET,"211 LA CASA BLDG 3 LAKE WALES, FL- 33898","$93,894.74","$111,000.00","$93,894.74",273013927010032110
2026-04-16T09:02:16,CLOSED,2025CA002777A000BA,05/11/2026 10:00 AM ET,"5463 KNIGHTS LANDING DR LAKELAND, FL- 33810","$444,926.93","$343,618.00","$444,926.93",232728011021000320
2026-04-16T09:02:16,CLOSED,2025CA003071A000BA,05/11/2026 10:00 AM ET,"315 VILLA SORRENTO CIR HAINES CITY, FL- 33844","$474,901.95","$359,380.00","$474,901.95",272717741007000080
2026-04-16T09:02:16,CLOSED,2022CA003270000000,05/12/2026 10:00 AM ET,"3105 SCENIC HWY S LAKE WALES, FL- 33898","$432,262.60","$331,812.00","$432,262.60",273024927072000030
2026-04-16T09:02:16,CLOSED,2024CA003504000000,05/12/2026 10:00 AM ET,"547 BIG SIOUX CT POINCIANA, FL- 34759","$309,259.18","$234,378.00","$309,259.18",282815935360023060
2026-04-16T09:02:16,CLOSED,2025CA000332000000,05/12/2026 10:00 AM ET,"551 EMERALD AVE LAKE WALES, FL- 33853","$52,907.55","$94,709.00","$52,907.55",273011917510005210
2026-04-16T09:02:16,CLOSED,2025CA004848A000BA,05/12/2026 10:00 AM ET,"1125 BRITTS LN BARTOW, FL- 33830","$228,698.36","$159,706.00","$228,698.36",253006392000000080
2026-04-16T09:02:16,CLOSED,2025CA000677000000,05/14/2026 10:00 AM ET,"1548 MATTIE POINTE PL AUBURNDALE, FL- 33823","$522,066.36","$332,181.00","$522,066.36",252723300012001260
2026-04-16T09:02:16,CLOSED,2025CA000991000000,05/14/2026 10:00 AM ET,"2586 SAN MARCO WAY WINTER HAVEN, FL- 33884","$403,293.09","$234,874.00","$403,293.09",262923690584000310
2026-04-16T09:02:16,CLOSED,2025CA001566A000BA,05/14/2026 10:00 AM ET,"1704 SNOOK PL POINCIANA, FL- 34759","$82,592.28","$106,237.00","$82,592.28",282802934710049020
2026-04-16T09:02:16,CLOSED,2025CA002154A000BA,05/14/2026 10:00 AM ET,"585 RIDGE AVE N LAKE ALFRED, FL- 33850","$396,637.53","$181,743.00","$396,637.53",262732513620005010
2026-04-16T09:02:16,CLOSED,2025CA004485A000BA,05/14/2026 10:00 AM ET,"3225 OAKLAND RD N LAKELAND, FL- 33801","$347,562.48","$245,450.00","$347,562.48",242810000000011150
2026-04-17T06:39:08,NEW,2025-CA-005135-O,05/21/2026 11:00 AM ET,"4705 STONY BROOK LN ORLANDO, 32808",$0.00,"$206,249.00",Hidden,Property
2026-04-17T06:39:08,NEW,2025-CA-003444-O,05/29/2026 11:00 AM ET,"8039 SWEET ORANGE AVE WINTER GARDEN, 34787","$11,130.57","$326,582.00",Hidden,272333830101240
2026-04-17T06:39:08,NEW,2024-CA-011435-O,06/02/2026 11:00 AM ET,"646 OLYMPIC DR UNIT 14-2 OCOEE, 34761","$5,240.25","$148,239.00",Hidden,TIMESHARE
2026-04-17T06:39:08,NEW,2024-CA-009867-O,06/09/2026 11:00 AM ET,"1835 ALBERT LEE PKWY WINTER PARK, 32789","$3,729.74","$326,020.00",Hidden,TIMESHARE
2026-04-17T06:39:08,CLOSED,2025-CA-002264-O,04/16/2026 11:00 AM ET,"19 W PRINCETON ST ORLANDO, 32804","$901,960.11","$911,520.00","$925,782.98",292213774004110
2026-04-17T06:39:08,CLOSED,2025-CA-005937-O,04/20/2026 11:00 AM ET,"11056 CLIPPER CT WINDERMERE, 34786","$1,251,782.68","$1,060,792.00","$1,272,634.26",282305550200140
2026-04-17T06:39:08,CLOSED,2023-CC-001916-O,05/18/2026 11:00 AM ET,"2743 OSPREY CREEK LN ORLANDO, 32825","$3,439.37","$411,060.00",Hidden,312305197301100
2026-04-17T06:39:08,CLOSED,2025-CA-009690-O,05/21/2026 11:00 AM ET,"4705 STONY BROOK LN ORLANDO, 32808","$217,701.45","$206,249.00",Hidden,292207803207010
2026-04-17T06:39:08,CLOSED,2025-CA-008554-O,06/09/2026 11:00 AM ET,"1835 ALBERT LEE PKWY WINTER PARK, 32789",$0.00,"$326,020.00",Hidden,Property
2026-04-20T03:51:44,NEW,2025-CA-005772-O,05/20/2026 11:00 AM ET,"3243 STONEWYCK ST ORLANDO, 32824",$0.00,"$566,290.00",Hidden,Property
2026-04-20T03:51:44,NEW,2025-CA-009690-O,05/21/2026 11:00 AM ET,"4705 STONY BROOK LN ORLANDO, 32808","$217,701.45","$206,249.00",Hidden,292207803207010
2026-04-20T03:51:44,NEW,2025-CA-010299-O,05/21/2026 11:00 AM ET,"6192 TIVOLI GARDENS BLVD ORLANDO, 32829",$0.00,"$300,140.00",Hidden,Property
2026-04-20T03:51:44,CLOSED,2024-CA-005721-O,04/21/2026 11:00 AM ET,"3408 N WESTMORELAND DR ORLANDO, 32804","$343,567.22","$187,430.00",Hidden,292210242204050
2026-04-20T03:51:44,CLOSED,2025-CA-008520-O,05/20/2026 11:00 AM ET,"3243 STONEWYCK ST ORLANDO, 32824","$211,398.21","$566,290.00",Hidden,302433495701190
2026-04-20T03:51:44,CLOSED,2025-CC-014548-O,05/21/2026 11:00 AM ET,"6192 TIVOLI GARDENS BLVD ORLANDO, 32829","$11,638.10","$300,140.00",Hidden,312319200601410
2026-04-20T03:51:44,CLOSED,2025-CA-000604-O,06/02/2026 11:00 AM ET,"14061 TURNING LEAF DR ORLANDO, 32828","$10,352.39","$271,648.00",Hidden,TIMESHARE
2026-04-21T03:51:44,NEW,2022-CA-006698-O,05/28/2026 11:00 AM ET,"1154 SUMMER LAKES DR ORLANDO, 32835",$0.00,"$238,600.00",Hidden,Property
2026-04-21T03:51:44,NEW,2023-CA-017798-O,06/02/2026 11:00 AM ET,"3362 AZOLLA ST ORLANDO, 32808",$0.00,"$282,480.00",Hidden,Property
2026-04-21T03:51:44,NEW,2024-CA-010935-O,06/02/2026 11:00 AM ET,"14061 TURNING LEAF DR ORLANDO, 32828",$0.00,"$271,648.00",Hidden,Property
2026-04-21T03:51:44,CLOSED,2024-CC-022231-O,04/20/2026 11:00 AM ET,"2032 CANOPY CIR UNIT 148 ZELLWOOD, 32798","$15,787.43","$173,120.00","$15,787.43",272025982500148
2026-04-21T03:51:44,CLOSED,2024-CA-006356-O,04/21/2026 11:00 AM ET,"5550 E MICHIGAN ST UNIT 2325 ORLANDO, 32822","$129,481.16","$110,673.00",Hidden,302304734602325
2026-04-21T03:51:44,CLOSED,2024-CA-010490-O,04/21/2026 11:00 AM ET,"6451 OLD PARK LN UNIT 407 ORLANDO, 32835","$204,793.55","$177,900.00","$200,000.00",282301819004407
2026-04-21T03:51:44,CLOSED,2018-CA-013612-O,04/22/2026 11:00 AM ET,"1401 YATES ST ORLANDO, 32804","$158,872.04","$177,149.00",Hidden,292222177601400
2026-04-21T03:51:44,CLOSED,2024-CA-001095-O,05/28/2026 11:00 AM ET,"1154 SUMMER LAKES DR ORLANDO, 32835","$19,711.52","$238,600.00",Hidden,TIMESHARE
2026-04-21T03:51:44,CLOSED,2024-CA-006414-O,06/02/2026 11:00 AM ET,"3362 AZOLLA ST ORLANDO, 32808","$36,278.75","$282,480.00",Hidden,TIMESHARE
2026-04-21T03:51:44,CLOSED,2024-CA-011435-O,06/02/2026 11:00 AM ET,"14061 TURNING LEAF DR ORLANDO, 32828","$5,240.25","$271,648.00",Hidden,TIMESHARE
2026-04-21T19:49:57,NEW,2024-CA-001095-O,05/28/2026 11:00 AM ET,"1154 SUMMER LAKES DR ORLANDO, 32835","$19,711.52","$238,600.00",Hidden,TIMESHARE
2026-04-21T19:49:57,NEW,2024-CA-006356-O,06/04/2026 11:00 AM ET,"5550 E MICHIGAN ST UNIT 2325 ORLANDO, 32822","$129,481.16","$110,673.00",Hidden,302304734602325
2026-04-21T19:49:57,NEW,2025-CA-002983-O,06/10/2026 11:00 AM ET,"13807 ORANGE CREST DR WINDERMERE, 34786",$0.00,"$446,540.00",Hidden,Property
2026-04-21T19:49:57,NEW,2018-CA-008246-O,06/16/2026 11:00 AM ET,"8710 FOLEY DR ORLANDO, 32825","$214,398.14","$89,849.00",Hidden,302225892500200
2026-04-21T19:49:57,NEW,2023-CC-013712-O,06/16/2026 11:00 AM ET,"11011 SYLVAN POND CIR ORLANDO, 32825","$13,014.66","$121,494.00",Hidden,312221850701010
2026-04-21T19:49:57,NEW,2025-CA-006680-O,06/16/2026 11:00 AM ET,"3424 ALISSA CT ORLANDO, 32808-3202","$6,704.47","$413,750.00",Hidden,TIMESHARE
2026-04-21T19:49:57,NEW,2025-CC-010839-O,06/17/2026 11:00 AM ET,"2507 RED BERRY WAY OCOEE, 34761",$0.00,"$524,856.00",Hidden,Property
2026-04-21T19:49:57,NEW,2024-CA-010151-O,06/18/2026 11:00 AM ET,"7808 CLUBHOUSE ESTATES DR ORLANDO, 32819","$566,958.93","$417,530.00",Hidden,282327143400510
2026-04-21T19:49:57,NEW,2025-CA-005562-O,07/14/2026 11:00 AM ET,"5522 WESTHAVEN CT ORLANDO, 32810","$298,073.36","$85,039.00",Hidden,282136891200130
2026-04-21T19:49:57,NEW,2023-CA-011215-O,08/18/2026 11:00 AM ET,"4426 POINT LOOK OUT RD ORLANDO, 32808","$168,556.39","$317,110.00",Hidden,292205775800490
2026-04-21T19:49:57,CLOSED,2022-CA-000948-O,04/21/2026 11:00 AM ET,"11824 GREAT COMMISSION WAY ORLANDO, 32832","$338,821.76","$343,740.00",Hidden,312410266602720
2026-04-21T19:49:57,CLOSED,2022-CC-014013-O,04/21/2026 11:00 AM ET,"6451 OLD PARK LN UNIT 407 ORLANDO, 32835","$19,305.16","$177,900.00",Hidden,Property
2026-04-21T19:49:57,CLOSED,2024-CA-010493-O,04/21/2026 11:00 AM ET,"5566 METROWEST BLVD UNIT 2-103 ORLANDO, 32811","$149,466.65","$180,496.00","$160,226.59",292306660302103
2026-04-21T19:49:57,CLOSED,2025-CA-000214-O,04/21/2026 11:00 AM ET,"3611 WESTWOOD RD ORLANDO, 32808","$225,430.72","$123,429.00",Hidden,282212705107140
2026-04-21T19:49:57,CLOSED,2025-CA-000455-O,04/21/2026 11:00 AM ET,"5528 MINUTE MAN CT ORLANDO, 32821","$5,882.78","$294,040.00",Hidden,TIMESHARE
2026-04-21T19:49:57,CLOSED,2025-CA-003076-O,06/10/2026 11:00 AM ET,"13807 ORANGE CREST DR WINDERMERE, 34786","$941,828.97","$446,540.00",Hidden,272322152701370
2026-04-21T19:49:57,CLOSED,2026-CA-000137-O,06/17/2026 11:00 AM ET,"2507 RED BERRY WAY OCOEE, 34761","$614,156.12","$524,856.00",Hidden,282204016001100
2026-04-22T03:51:44,CLOSED,2024-CA-001095-O,05/28/2026 11:00 AM ET,"1154 SUMMER LAKES DR ORLANDO, 32835","$19,711.52","$238,600.00",Hidden,TIMESHARE
2026-04-22T03:51:44,CLOSED,2025-CA-004896-O,05/28/2026 11:00 AM ET,"1475 LAKE SHADOW CIR UNIT 6308 MAITLAND, 32751","$204,662.77","$176,925.00",Hidden,292127892506308
2026-04-22T03:51:44,CLOSED,2025-CA-006710-O,05/28/2026 11:00 AM ET,"4177 N ORANGE BLOSSOM TRL UNIT ORLANDO, 32804","$322,816.80","$284,900.00",Hidden,292210261301208
2026-04-23T03:51:42,NEW,2025-CA-009203-O,05/27/2026 11:00 AM ET,"8040 TIBET BUTLER DR WINDERMERE, 34786",$0.00,"$1,602,200.00",Hidden,Property
2026-04-23T03:51:42,NEW,2025-CA-010575-O,06/08/2026 11:00 AM ET,"14161 WALCOTT AVE ORLANDO, 32827","$10,105.95","$423,339.00",Hidden,302425494502950
2026-04-23T03:51:42,NEW,2025-CA-003076-O,06/10/2026 11:00 AM ET,"13807 ORANGE CREST DR WINDERMERE, 34786","$941,828.97","$446,540.00",Hidden,272322152701370
2026-04-23T03:51:42,CLOSED,2023-CA-017015-O,04/22/2026 11:00 AM ET,"531 RUFFEL ST MAITLAND, 32751","$47,485.25","$244,320.00","$62,175.19",292136000000096
2026-04-23T03:51:42,CLOSED,2025-CC-021189-O,05/20/2026 11:00 AM ET,"3705 CONNOR AVE ORLANDO, 32808","$87,263.75","$132,436.00",Hidden,292207517414120
2026-04-23T03:51:42,CLOSED,2025-CA-010149-O,05/27/2026 11:00 AM ET,"8040 TIBET BUTLER DR WINDERMERE, 34786","$1,385,228.03","$1,602,200.00",Hidden,282329407504130
2026-04-23T03:51:42,CLOSED,2025-CA-011175-O,05/27/2026 11:00 AM ET,"9362 WOODCRANE DR WINTER GARDEN, 34787","$570,194.23","$446,550.00",Hidden,272404755101710
2026-04-23T03:51:42,CLOSED,2025-CA-003444-O,05/29/2026 11:00 AM ET,"8039 SWEET ORANGE AVE WINTER GARDEN, 34787","$11,130.57","$326,582.00",Hidden,272333830101240
2026-04-24T03:51:50,NEW,2025-CA-003544-O,06/11/2026 11:00 AM ET,"225 RONNIE CIR ORLANDO, 32811","$423,783.37","$283,070.00",Hidden,292230923023070
2026-04-24T03:51:50,NEW,2026-CA-000137-O,06/17/2026 11:00 AM ET,"2507 RED BERRY WAY OCOEE, 34761","$614,156.12","$524,856.00",Hidden,282204016001100
2026-04-24T03:51:50,NEW,2025-CA-010567-O,06/18/2026 11:00 AM ET,"11108 CYPRESS TRAIL DR ORLANDO, 32825","$338,884.55","$213,193.00",Hidden,312233946800940
2026-04-24T03:51:50,NEW,2025-CA-003375-O,06/22/2026 11:00 AM ET,"10070 BRODBECK BLVD ORLANDO, 32832","$466,281.54","$482,430.00",Hidden,312406410401790
2026-04-24T03:51:50,NEW,2025-CA-010973-O,06/23/2026 11:00 AM ET,"20 OAKDALE ST WINDERMERE, 34786","$1,024,988.26","$1,275,020.00","$1,024,988.26",282308194801130
2026-04-24T03:51:50,CLOSED,2024-CA-009153-O,04/23/2026 11:00 AM ET,"5710 JOYCE ST ORLANDO, 32839","$270,142.46","$228,620.00",Hidden,292324541602060
2026-04-24T03:51:50,CLOSED,2024-CA-010448-O,04/23/2026 11:00 AM ET,"4409 WATCH HILL RD ORLANDO, 32808","$224,549.92","$128,637.00","$159,188.00",292206889400900
2026-04-24T03:51:50,CLOSED,2025-CA-007586-O,04/23/2026 11:00 AM ET,"1944 BRIDGEVIEW CIR ORLANDO, 32824","$8,260.55","$366,015.00","$8,317.85",302430946789280
2026-04-24T03:51:50,CLOSED,2025-CA-008403-O,04/23/2026 11:00 AM ET,"101 S GLENWOOD AVE ORLANDO, 32803","$382,804.67","$292,670.00","$365,000.00",302230358400460
2026-04-24T03:51:50,CLOSED,2025-CA-009203-O,05/27/2026 11:00 AM ET,"8040 TIBET BUTLER DR WINDERMERE, 34786",$0.00,"$1,602,200.00",Hidden,Property
2026-04-27T03:51:44,NEW,2025-CA-008771-O,05/27/2026 11:00 AM ET,"7627 REDWOOD COUNTRY RD ORLANDO, 32835","$122,695.86","$132,127.00",Hidden,282235289300380
2026-04-27T03:51:44,CLOSED,2025-CA-005085-O,04/24/2026 11:00 AM ET,"4204 COLUMBIA ST ORLANDO, 32811-4170","$40,406.69","$279,290.00","$222,388.82",TIMESHARE
2026-04-27T03:51:44,CLOSED,2025-CA-010318-O,04/24/2026 11:00 AM ET,"5765 ST CHRISTOPHER DR UNIT 56 ORLANDO, 32822","$133,397.76","$95,259.00","$85,100.00",302315793207560
2026-04-27T03:51:44,CLOSED,2026-CA-000137-O,06/17/2026 11:00 AM ET,"2507 RED BERRY WAY OCOEE, 34761","$614,156.12","$524,856.00",Hidden,282204016001100
2026-04-28T03:51:42,NEW,2024-CA-004652-O,05/05/2026 11:00 AM ET,"8801 WORLDQUEST BLVD # 4406 ORLAND, 32821","$4,055.20","$259,765.00",Hidden,TIMESHARE
2026-04-28T03:51:42,NEW,2025-CA-008761-O,05/20/2026 11:00 AM ET,"3705 CONNOR AVE ORLANDO, 32808","$65,947.98","$132,436.00",Hidden,TIMESHARE
2026-04-28T03:51:42,NEW,2025-CA-004179-O,06/04/2026 11:00 AM ET,"1424 CENTER ST OCOEE, 34761","$345,480.15","$397,883.00",Hidden,282216803700210
2026-04-28T03:51:42,NEW,2025-CA-000673-O,06/16/2026 11:00 AM ET,"1348 WHITNEY ISLES DR WINDERMERE, 34786","$10,514.30","$536,957.00",Hidden,TIMESHARE
2026-04-28T03:51:42,NEW,2023-CA-001994-O,06/17/2026 11:00 AM ET,"3815 BROOKMYRA DR ORLANDO, 32837","$347,043.26","$217,061.00",Hidden,292429373000110
2026-04-28T03:51:42,NEW,2025-CA-010632-O,07/15/2026 11:00 AM ET,"1756 PEACHWOOD LN ORLANDO, 32818","$137,308.05","$166,172.00",Hidden,282224059402060
2026-04-28T03:51:42,CLOSED,2025-CA-007146-O,04/27/2026 11:00 AM ET,"10436 JANE EYRE DR ORLANDO, 32825","$233,018.61","$303,087.00",Hidden,312229668802200
2026-04-28T03:51:42,CLOSED,2025-CA-010076-O,04/27/2026 11:00 AM ET,"2707 GRASSMERE LN ORLANDO, 32808","$353,453.90","$348,790.00",Hidden,282213923802040
2026-04-28T03:51:42,CLOSED,2025-CA-006362-O,04/28/2026 11:00 AM ET,"101 W GRANT ST ORLANDO, 32806","$6,705.78","$501,950.00",Hidden,TIMESHARE
2026-04-28T03:51:42,CLOSED,2023-CA-011611-O,05/05/2026 11:00 AM ET,"4025 SHORECREST DR ORLANDO, 32804","$215,315.97","$258,801.00",Hidden,292211069206150
2026-04-28T03:51:42,CLOSED,2025-CA-009196-O,05/20/2026 11:00 AM ET,"3705 CONNOR AVE ORLANDO, 32808","$210,354.30","$132,436.00",Hidden,TIMESHARE
2026-04-28T03:51:42,CLOSED,2024-CC-007089-O,06/05/2026 11:00 AM ET,"4749 HOPESPRING DR ORLANDO, 32829","$7,509.81","$314,330.00",Hidden,302313129600640
2026-04-28T03:51:42,CLOSED,2025-CA-003624-O,06/16/2026 11:00 AM ET,"1348 WHITNEY ISLES DR WINDERMERE, 34786","$466,898.49","$536,957.00",Hidden,282231926000050
2026-04-28T03:51:42,CLOSED,2025-CA-006680-O,06/16/2026 11:00 AM ET,"3424 ALISSA CT ORLANDO, 32808-3202","$6,704.47","$413,750.00",Hidden,TIMESHARE
2026-04-29T03:51:35,NEW,2025-CC-004025-O,04/30/2026 11:00 AM ET,"12043 WHITE WAVE PT ORLANDO, 32828","$9,143.67","$258,315.00",Hidden,312225873501210
2026-04-29T03:51:35,NEW,2025-CC-014548-O,05/21/2026 11:00 AM ET,"6192 TIVOLI GARDENS BLVD ORLANDO, 32829","$11,638.10","$300,140.00",Hidden,312319200601410
2026-04-29T03:51:35,NEW,2025-CA-008765-O,05/27/2026 11:00 AM ET,"7627 REDWOOD COUNTRY RD ORLANDO, 32835","$72,894.68","$132,127.00",Hidden,TIMESHARE
2026-04-29T03:51:35,NEW,2024-CA-008417-O,06/10/2026 11:00 AM ET,"309 BAY ST APOPKA, 32712",$0.00,"$265,150.00",Hidden,Property
2026-04-29T03:51:35,NEW,2025-CA-003649-O,06/16/2026 11:00 AM ET,"13203 ASHINGTON POINTE DR ORLANDO, 32824","$10,244.62","$225,722.00",Hidden,TIMESHARE
2026-04-29T03:51:35,NEW,2024-CA-009320-O,06/23/2026 11:00 AM ET,"20 OAKDALE ST WINDERMERE, 34786",$0.00,"$1,275,020.00","$1,024,988.26",Property
2026-04-29T03:51:35,CLOSED,2024-CA-011315-O,04/28/2026 11:00 AM ET,"101 W GRANT ST ORLANDO, 32806","$3,545.71","$501,950.00",Hidden,TIMESHARE
2026-04-29T03:51:35,CLOSED,2025-CA-011322-O,04/30/2026 11:00 AM ET,"12043 WHITE WAVE PT ORLANDO, 32828","$46,107.48","$258,315.00",Hidden,MULTIPLE
2026-04-29T03:51:35,CLOSED,2025-CA-008761-O,05/20/2026 11:00 AM ET,"3705 CONNOR AVE ORLANDO, 32808","$65,947.98","$132,436.00",Hidden,TIMESHARE
2026-04-29T03:51:35,CLOSED,2025-CA-008771-O,05/27/2026 11:00 AM ET,"7627 REDWOOD COUNTRY RD ORLANDO, 32835","$122,695.86","$132,127.00",Hidden,282235289300380
2026-04-29T03:51:35,CLOSED,2022-CA-006698-O,05/28/2026 11:00 AM ET,"2005 ROCKWELL RD ORLANDO, 32808","$166,314.18","$51,870.00",Hidden,282213756816150
2026-04-29T03:51:35,CLOSED,2025-CA-002983-O,06/10/2026 11:00 AM ET,"309 BAY ST APOPKA, 32712","$67,611.99","$265,150.00",Hidden,282103545700360
2026-04-29T03:51:35,CLOSED,2025-CA-004211-O,06/16/2026 11:00 AM ET,"13203 ASHINGTON POINTE DR ORLANDO, 32824","$60,840.38","$225,722.00",Hidden,302430351001230
2026-04-29T03:51:35,CLOSED,2025-CA-010973-O,06/23/2026 11:00 AM ET,"20 OAKDALE ST WINDERMERE, 34786","$1,024,988.26","$1,275,020.00","$1,024,988.26",282308194801130
2026-04-30T03:52:19,NEW,2025-CA-008520-O,06/04/2026 11:00 AM ET,"3243 STONEWYCK ST ORLANDO, 32824","$230,712.16","$566,290.00",Hidden,302433495701190
2026-04-30T03:52:19,NEW,2025-CA-002983-O,06/10/2026 11:00 AM ET,"309 BAY ST APOPKA, 32712","$67,611.99","$265,150.00",Hidden,282103545700360
2026-04-30T03:52:19,NEW,2025-CA-007945-O,06/10/2026 11:00 AM ET,"2600 SEDGE GRASS WAY ORLANDO, 32824","$24,495.89","$347,140.00",Hidden,302418759000960
2026-04-30T03:52:19,NEW,2025-CC-010916-O,06/17/2026 11:00 AM ET,"3529 SENECA CLUB LOOP UNIT 18- ORLANDO, 32808","$12,901.55","$282,900.00",Hidden,292209923618103
2026-04-30T03:52:19,NEW,2025-CA-009343-O,06/23/2026 11:00 AM ET,"20 OAKDALE ST WINDERMERE, 34786","$3,435.86","$1,275,020.00","$1,024,988.26",TIMESHARE
2026-04-30T03:52:19,NEW,2024-CC-020739-O,07/07/2026 11:00 AM ET,"1507 ASTORIA ARBOR LN ORLANDO, 32824","$11,799.66","$348,198.00",Hidden,292425008000270
2026-04-30T03:52:19,CLOSED,2024-CA-001315-O,04/29/2026 11:00 AM ET,"5001 LATROBE DR WINDERMERE, 34786","$208,841.27","$1,971,063.00",Hidden,MULTIPLE
2026-04-30T03:52:19,CLOSED,2023-CA-012700-O,05/04/2026 11:00 AM ET,"962 GRAND HILLTOP DR APOPKA, 32703","$318,282.84","$367,270.00",Hidden,282121363201490
2026-04-30T03:52:19,CLOSED,2024-CC-014122-O,05/26/2026 11:00 AM ET,"5705 OXFORD MOOR BLVD WINDERMERE, 34786","$9,867.58","$1,156,020.00",Hidden,272314584700200
2026-04-30T03:52:19,CLOSED,2025-CA-004562-O,06/02/2026 11:00 AM ET,"1825 HUGGINS DR APOPKA, 32703","$16,051.90","$186,270.00",Hidden,TIMESHARE
2026-05-01T03:51:22,NEW,2023-CA-012700-O,05/04/2026 11:00 AM ET,"962 GRAND HILLTOP DR APOPKA, 32703","$318,282.84","$367,270.00",Hidden,282121363201490
2026-05-01T03:51:22,NEW,2025-CA-003865-O,06/02/2026 11:00 AM ET,"433 CORTONA DR ORLANDO, 32828","$585,107.66","$564,680.00",Hidden,322230060600860
2026-05-01T03:51:22,NEW,2025-CA-000399-O,06/04/2026 11:00 AM ET,"1424 CENTER ST OCOEE, 34761",$0.00,"$397,883.00",Hidden,Property
2026-05-01T03:51:22,NEW,2025-CA-007518-O,06/10/2026 11:00 AM ET,"2600 SEDGE GRASS WAY ORLANDO, 32824","$8,270.46","$347,140.00",Hidden,TIMESHARE
2026-05-01T03:51:22,NEW,2025-CA-006881-O,06/23/2026 11:00 AM ET,"20 OAKDALE ST WINDERMERE, 34786","$4,524.52","$1,275,020.00","$1,024,988.26",TIMESHARE
2026-05-01T03:51:22,CLOSED,2019-CA-013607-O,04/30/2026 11:00 AM ET,"8228 SOMMERVILLE DR ORLANDO, 32829","$318,270.43","$282,379.00","$377,583.03",302324898000970
2026-05-01T03:51:22,CLOSED,2025-CC-004025-O,04/30/2026 11:00 AM ET,"12043 WHITE WAVE PT ORLANDO, 32828","$9,143.67","$258,315.00",Hidden,312225873501210
2026-05-01T03:51:22,CLOSED,2024-CA-006165-O,05/01/2026 11:00 AM ET,"2533 BRAMPTON CT ORLANDO, 32817","$184,647.91","$222,099.00",Hidden,312218022401890
2026-05-01T03:51:22,CLOSED,2025-CA-005675-O,05/01/2026 11:00 AM ET,"9925 RED CLOVER AVE ORLANDO, 32824","$207,893.12","$88,379.00",Hidden,302406555901010
2026-05-01T03:51:22,CLOSED,2025-CA-004179-O,06/04/2026 11:00 AM ET,"1424 CENTER ST OCOEE, 34761","$345,480.15","$397,883.00",Hidden,282216803700210
2026-05-01T03:51:22,CLOSED,2025-CA-007945-O,06/10/2026 11:00 AM ET,"2600 SEDGE GRASS WAY ORLANDO, 32824","$24,495.89","$347,140.00",Hidden,302418759000960
2026-05-01T03:51:22,CLOSED,2025-CA-009343-O,06/23/2026 11:00 AM ET,"20 OAKDALE ST WINDERMERE, 34786","$3,435.86","$1,275,020.00","$1,024,988.26",TIMESHARE
2026-05-04T03:52:01,NEW,2019-CA-014309-O,10/06/2026 11:00 AM ET,"2704 CERAM AVE ORLANDO, 32837","$223,193.36","$99,746.00",Hidden,292421683603720
2026-05-05T03:52:01,NEW,2025-CA-007862-O,05/05/2026 11:00 AM ET,"1321 WELSON RD ORLANDO, 32837","$285,956.33","$156,608.00",Hidden,292422815702220
2026-05-05T03:52:01,NEW,2023-CA-015775-O,05/27/2026 11:00 AM ET,"2727 CULLENS CT OCOEE, 34761","$25,833.60","$219,769.00",Hidden,282216906300140
2026-05-05T03:52:01,NEW,2025-CA-008125-O,05/27/2026 11:00 AM ET,"1803 BALSAWOOD CT ORLANDO, 32818","$355,433.99","$292,491.00",Hidden,282223797302000
2026-05-05T03:52:01,NEW,2025-CA-008467-O,06/01/2026 11:00 AM ET,"262 PLEASANT GARDENS DR APOPKA, 32703","$103,220.75","$247,338.00",Hidden,282112712400080
2026-05-05T03:52:01,NEW,2025-CA-009197-O,06/03/2026 11:00 AM ET,"2842 MYRTLE OAK LN ZELLWOOD, 32798","$409,455.00","$58,481.00",Hidden,TIMESHARE
2026-05-05T03:52:01,NEW,2024-CA-009392-O,06/04/2026 11:00 AM ET,"3243 STONEWYCK ST ORLANDO, 32824","$68,680.25","$566,290.00",Hidden,302433495701190
2026-05-05T03:52:01,NEW,2025-CC-024818-O,06/11/2026 11:00 AM ET,"2055 HAMMOCK MOSS DR ORLANDO, 32820","$7,747.72","$345,266.00",Hidden,322216142702100
2026-05-05T03:52:01,NEW,2025-CA-006502-O,06/22/2026 11:00 AM ET,"820 KENSINGTON DR ORLANDO, 32808","$139,260.92","$136,206.00",Hidden,292221914802090
2026-05-05T03:52:01,NEW,2025-CA-004167-O,08/04/2026 11:00 AM ET,"13062 LAKESHORE GROVE DR WINTER GARDEN, 34787","$100,949.75","$402,306.00",Hidden,272302920000290
2026-05-05T03:52:01,NEW,2025-CA-004940-O,08/31/2026 11:00 AM ET,"8112 POINCIANA BLVD UNIT 1706 ORLANDO, 32821","$338,918.12","$148,400.00",Hidden,282435435601706
2026-05-05T03:52:01,NEW,2024-CA-006633-O,09/01/2026 11:00 AM ET,"139 DEEPCOVE RD WINTER GARDEN, 34787","$196,094.53","$242,231.00",Hidden,272226199202110
2026-05-05T03:52:01,CLOSED,2023-CA-012700-O,05/04/2026 11:00 AM ET,"962 GRAND HILLTOP DR APOPKA, 32703","$318,282.84","$367,270.00",Hidden,282121363201490
2026-05-05T03:52:01,CLOSED,2025-CA-008451-O,05/06/2026 11:00 AM ET,"5263 CORAL CT UNIT 632 ORLANDO, 32811","$123,031.31","$207,300.00","$22,118.35",TIMESHARE
2026-05-05T03:52:01,CLOSED,2017-CA-003909-O,05/08/2026 11:00 AM ET,"6201 DARTMOOR CT ORLANDO, 32819","$980,836.75","$522,061.00",Hidden,282327052700150
2026-05-05T03:52:01,CLOSED,2024-CA-009867-O,06/09/2026 11:00 AM ET,"1835 ALBERT LEE PKWY WINTER PARK, 32789","$3,729.74","$326,020.00",Hidden,TIMESHARE
2026-05-05T03:52:01,CLOSED,2025-CA-007518-O,06/10/2026 11:00 AM ET,"2600 SEDGE GRASS WAY ORLANDO, 32824","$8,270.46","$347,140.00",Hidden,TIMESHARE
2026-05-06T03:51:53,CLOSED,2015-CA-010814-O,05/05/2026 11:00 AM ET,"7101 WHITE TRILLIUM CIR ORLANDO, 32818","$740,905.16","$340,660.00",Hidden,282202243100410
2026-05-06T03:51:53,CLOSED,2017-CA-002998-O,05/05/2026 11:00 AM ET,"7866 BARDMOOR HILL CIR ORLANDO, 32835","$527,527.95","$331,673.00",Hidden,282303566201490
2026-05-06T03:51:53,CLOSED,2023-CA-011632-O,05/05/2026 11:00 AM ET,"10244 SANDY MARSH LN ORLANDO, 32832","$354,853.35","$540,558.00",Hidden,312409512901190
2026-05-06T03:51:53,CLOSED,2024-CA-004652-O,05/05/2026 11:00 AM ET,"5055 CASPIAN CT ORLANDO, 32819","$4,055.20","$259,765.00",Hidden,TIMESHARE
2026-05-06T03:51:53,CLOSED,2025-CA-007862-O,05/05/2026 11:00 AM ET,"1321 WELSON RD ORLANDO, 32837","$285,956.33","$156,608.00",Hidden,292422815702220
2026-05-06T03:51:53,CLOSED,2024-CA-005708-O,05/12/2026 11:00 AM ET,"11419 BRINDLE ST ORLANDO, 32824","$204,280.55","$125,267.00",Hidden,302418887300550
2026-05-07T03:51:45,NEW,2019-CA-008503-O,06/18/2026 11:00 AM ET,"5742 ESSEX ISLE DR ORLANDO, 32829","$400,033.07","$367,420.00",Hidden,302324898000820
2026-05-07T03:51:45,CLOSED,2022-CA-003757-O,05/06/2026 11:00 AM ET,"9923 CASTLETON ST ORLANDO, 32817","$370,746.51","$217,416.00",Hidden,312207380001620
2026-05-07T03:51:45,CLOSED,2023-CC-009899-O,05/06/2026 11:00 AM ET,"5317 INDIAN CREEK DRIVE # F-02 ORLANDO, 32811","$54,932.02","$207,300.00","$22,118.35",Property
2026-05-07T03:51:45,CLOSED,2023-CA-014748-O,05/07/2026 11:00 AM ET,"7133 TALLOWTREE LN ORLANDO, 32835","$318,677.53","$393,800.00","$237,800.00",282226393000110
2026-05-07T03:51:45,CLOSED,2024-CA-005626-O,05/07/2026 11:00 AM ET,"1984 CASABA COVE AVE OCOEE, 34761","$33,263.02","$401,900.00",Hidden,282204627400500
2026-05-07T03:51:45,CLOSED,2025-CA-009407-O,05/07/2026 11:00 AM ET,"449 LAKE VIEW DR APOPKA, 32703","$241,942.74","$275,110.00","$246,500.00",282106718802020
2026-05-07T03:51:45,CLOSED,2025-CA-006881-O,06/23/2026 11:00 AM ET,"20 OAKDALE ST WINDERMERE, 34786","$4,524.52","$1,275,020.00","$1,024,988.26",TIMESHARE
2026-05-07T03:51:45,CLOSED,2024-CC-017097-O,07/07/2026 11:00 AM ET,"6677 CORAL BERRY DR MOUNT DORA, 32757","$5,374.92","$278,094.00",Hidden,272016369101620
2026-05-08T03:51:40,NEW,2023-CC-006558-O,05/28/2026 11:00 AM ET,"4654 COPPOLA DR MOUNT DORA, 32757","$35,681.24","$519,030.00",Hidden,272003843804980
2026-05-08T03:51:40,NEW,2025-CA-003914-O,06/08/2026 11:00 AM ET,"5675 CHARLESTON ST UNIT 58 ORLANDO, 32807","$179,740.38","$132,201.00",Hidden,302216780005580
2026-05-08T03:51:40,NEW,2025-CA-011260-O,06/11/2026 11:00 AM ET,"10843 DYLAN LOREN CIR UNIT 4 ORLANDO, 32825","$35,528.66","$706,930.00",Hidden,312228947600040
2026-05-08T03:51:40,NEW,2024-CA-007987-O,06/24/2026 11:00 AM ET,"7755 SENJILL CT ORLANDO, 32818","$5,832.76","$308,895.00",Hidden,282202755802370
2026-05-08T03:51:40,NEW,2025-CA-006710-O,06/30/2026 11:00 AM ET,"4177 N ORANGE BLOSSOM TRL UNIT ORLANDO, 32804","$322,816.80","$284,900.00",Hidden,292210261301208
2026-05-08T03:51:40,NEW,2024-CC-017097-O,07/07/2026 11:00 AM ET,"6677 CORAL BERRY DR MOUNT DORA, 32757","$5,374.92","$278,094.00",Hidden,272016369101620
2026-05-08T03:51:40,NEW,2025-CA-009398-O,07/30/2026 11:00 AM ET,"710 MARLOWE AVE ORLANDO, 32809","$225,108.90","$352,780.00",Hidden,292326808709790
2026-05-08T03:51:40,CLOSED,2022-CA-005715-O,05/07/2026 11:00 AM ET,"2213 BONNEVILLE DR ORLANDO, 32826","$128,775.10","$189,750.00","$91,450.00",312214653910053
2026-05-08T03:51:40,CLOSED,2024-CA-001014-O,05/07/2026 11:00 AM ET,"1504 ST LAWRENCE ST ORLANDO, 32818","$377,470.74","$302,470.00","$285,000.00",282222889200430
2026-05-08T03:51:40,CLOSED,2024-CA-010848-O,05/07/2026 11:00 AM ET,"10633 WATERTOWN CT ORLANDO, 32821","$349,142.59","$294,100.00",Hidden,292407935903090
2026-05-08T03:51:40,CLOSED,2024-CC-017891-O,05/07/2026 11:00 AM ET,"5313 INDIAN CREEK DRIVE ORLANDO, 32811","$19,034.42","$275,110.00","$246,500.00",Property
2026-05-08T03:51:40,CLOSED,2025-CA-008765-O,06/11/2026 11:00 AM ET,"10843 DYLAN LOREN CIR UNIT 4 ORLANDO, 32825","$72,894.68","$706,930.00",Hidden,TIMESHARE
2026-05-11T03:51:32,NEW,2025-CA-004530-O,06/02/2026 11:00 AM ET,"14322 SAPELO BEACH DR ORLANDO, 32827","$451,721.79","$429,000.00",Hidden,312432389403400
2026-05-11T03:51:32,NEW,2021-CA-003770-O,06/16/2026 11:00 AM ET,"6801 VISITORS CIR ORLANDO, 32819","$284,827.38","$9,924,704.00",Hidden,282325280400040
2026-05-11T03:51:32,NEW,2025-CA-009768-O,06/17/2026 11:00 AM ET,"3069 CAYMAN WAY ORLANDO, 32812","$120,747.09","$367,380.00",Hidden,302304587300720
2026-05-11T03:51:32,NEW,2025-CA-007969-O,06/22/2026 11:00 AM ET,"8007 MEADOWGLEN DR ORLANDO, 32810","$292,752.75","$299,800.00",Hidden,292127714004030
2026-05-11T03:51:32,CLOSED,2025-CC-011967-O,05/08/2026 11:00 AM ET,"2487 LAKEWAY BRANCH DR UNIT 21 ORLANDO, 32839","$23,168.73","$65,102.00",Hidden,292309499822107
2026-05-11T03:51:32,CLOSED,2025-CA-004691-O,05/11/2026 11:00 AM ET,"4860 HOPESPRING DR ORLANDO, 32829","$73,169.83","$286,865.00",Hidden,TIMESHARE
2026-05-11T03:51:32,CLOSED,2025-CC-014548-O,05/21/2026 11:00 AM ET,"6192 TIVOLI GARDENS BLVD ORLANDO, 32829","$11,638.10","$300,140.00",Hidden,312319200601410
2026-05-12T03:51:23,CLOSED,2024-CC-021780-O,06/15/2026 11:00 AM ET,"7712 MINUTEMEN LOOP WINTER GARDEN, 34787","$17,230.19","$1,415,642.00","$17,230.19",272328914900340
2026-05-13T03:51:32,NEW,2025-CA-005967-O,05/26/2026 11:00 AM ET,"6614 S GOLDENROD RD UNIT 105B ORLANDO, 32822","$245,809.40","$97,198.00",Hidden,302323120510502
2026-05-13T03:51:32,NEW,2019-CA-013511-O,06/24/2026 11:00 AM ET,"13326 SPROSTON PT ORLANDO, 32832","$922,794.89","$420,316.00",Hidden,312429224204600
2026-05-13T03:51:32,NEW,2025-CA-002889-O,06/25/2026 11:00 AM ET,"10613 ABINGDON CHASE ORLANDO, 32817","$365,771.53","$169,439.00",Hidden,312208884100390
2026-05-13T03:51:32,NEW,2022-CA-008094-O,06/30/2026 11:00 AM ET,"217 HORSTFIELD DR WINTER GARDEN, 34787","$9,483.74","$96,309.00",Hidden,272227665600500
2026-05-13T03:51:32,NEW,2023-CA-013917-O,06/30/2026 11:00 AM ET,"2679 BREEZY MEADOW RD APOPKA, 32712","$328,150.34","$189,047.00",Hidden,282030023303270
2026-05-13T03:51:32,NEW,2024-CA-010384-O,06/30/2026 11:00 AM ET,"1574 THETFORD CIR ORLANDO, 32824","$329,629.55","$428,790.00",Hidden,302432963100650
2026-05-13T03:51:32,NEW,2024-CA-001229-O,07/07/2026 11:00 AM ET,"6305 STOCKBRIDGE AVE ORLANDO, 32809","$330,306.61","$342,420.00",Hidden,Property
2026-05-13T03:51:32,NEW,2025-CA-011303-O,08/11/2026 11:00 AM ET,"14567 WINTER STAY DR WINTER GARDEN, 34787","$375,408.83","$652,146.00",Hidden,272404755302710
2026-05-13T03:51:32,CLOSED,2024-CA-011067-O,05/12/2026 11:00 AM ET,"1406 SPRING FEST LN ORLANDO, 32828","$7,209.49","$562,790.00",Hidden,TIMESHARE
2026-05-14T03:51:42,NEW,2025-CA-004620-O,06/03/2026 11:00 AM ET,"10142 SILMARIEN ST ORLANDO, 32825","$125,714.14","$209,979.00","$125,714.14",312305195000800
2026-05-14T03:51:42,NEW,2025-CA-002956-O,06/10/2026 11:00 AM ET,"12236 NORTHOVER LOOP ORLANDO, 32824","$604,830.53","$524,936.00",Hidden,302429763203060
2026-05-14T03:51:42,NEW,2025-CC-015680-O,06/15/2026 11:00 AM ET,"1676 CANOE CREEK FALLS DR ORLANDO, 32824","$8,416.86","$141,988.00",Hidden,302429033001300
2026-05-14T03:51:42,NEW,2026-CA-001108-O,08/11/2026 11:00 AM ET,"1273 FALCONCREST BLVD APOPKA, 32712","$8,889.90","$548,790.00",Hidden,282033710600290
2026-05-14T03:51:42,CLOSED,2022-CA-007038-O,05/13/2026 11:00 AM ET,"13008 GRAND BANK LN ORLANDO, 32825","$329,078.13","$186,683.00","$377,431.85",312309020600290
2026-05-14T03:51:42,CLOSED,2025-CA-009690-O,05/21/2026 11:00 AM ET,"4705 STONY BROOK LN ORLANDO, 32808","$217,701.45","$206,249.00",Hidden,292207803207010
2026-05-15T03:51:43,NEW,2025-CA-006492-O,06/16/2026 11:00 AM ET,"300 COUNTRY LANDING BLVD APOPKA, 32703","$90,150.78","$151,759.00",Hidden,282108180601110
2026-05-15T03:51:43,NEW,2025-CA-009800-O,06/17/2026 11:00 AM ET,"5089 ERNST CT UNIT 59 ORLANDO, 32819","$93,028.63","$140,240.00",Hidden,TIMESHARE
2026-05-15T03:51:43,NEW,2025-CA-004908-O,06/30/2026 11:00 AM ET,"4177 N ORANGE BLOSSOM TRL UNIT ORLANDO, 32804","$2,344.04","$284,900.00",Hidden,TIMESHARE
2026-05-15T03:51:43,NEW,2025-CA-009635-O,07/13/2026 11:00 AM ET,"308 HOPE CIR ORLANDO, 32811","$354,972.70","$238,660.00",Hidden,292230922605040
2026-05-15T03:51:43,NEW,2025-CA-009448-O,07/14/2026 11:00 AM ET,"4705 STONY BROOK LN ORLANDO, 32808","$3,224.35","$206,249.00",Hidden,TIMESHARE
2026-05-15T03:51:43,NEW,2025-CA-008275-O,07/16/2026 11:00 AM ET,"10514 LINGER LN ORLANDO, 32821",$0.00,"$259,110.00",Hidden,Property
2026-05-15T03:51:43,CLOSED,2024-CA-010048-O,05/14/2026 11:00 AM ET,"3142 TIMUCUA CIR ORLANDO, 32837","$546,965.83","$495,130.00",Hidden,292433310901080
2026-05-15T03:51:43,CLOSED,2025-CC-016191-O,05/14/2026 11:00 AM ET,"4066 FEATHER TREE DR APOPKA, 32712","$7,802.88","$370,900.00",Hidden,272013933501070
2026-05-15T03:51:43,CLOSED,2023-CA-013464-O,05/20/2026 11:00 AM ET,"1268 DEGRAW DR APOPKA, 32712","$387,636.58","$327,171.00",Hidden,282017743101098
2026-05-15T03:51:43,CLOSED,2025-CC-010839-O,06/17/2026 11:00 AM ET,"5089 ERNST CT UNIT 59 ORLANDO, 32819","$19,821.03","$140,240.00",Hidden,282313549412590
2026-05-15T03:51:43,CLOSED,2025-CA-006710-O,06/30/2026 11:00 AM ET,"4177 N ORANGE BLOSSOM TRL UNIT ORLANDO, 32804","$322,816.80","$284,900.00",Hidden,292210261301208
2026-05-15T03:51:43,CLOSED,2025-CC-005115-O,07/16/2026 11:00 AM ET,"10514 LINGER LN ORLANDO, 32821","$9,457.31","$259,110.00",Hidden,292407472001360
2026-05-18T03:51:40,NEW,2025-CA-002370-O,06/10/2026 11:00 AM ET,"12236 NORTHOVER LOOP ORLANDO, 32824",$0.00,"$524,936.00",Hidden,Property
2026-05-18T03:51:40,NEW,2020-CA-001965-O,06/18/2026 11:00 AM ET,"7808 CLUBHOUSE ESTATES DR ORLANDO, 32819",$0.00,"$417,530.00",Hidden,Property
2026-05-18T03:51:40,NEW,2024-CA-005058-O,07/09/2026 11:00 AM ET,"1536 DEMING DR ORLANDO, 32825","$244,497.94","$344,242.00",Hidden,302236744600800
2026-05-18T03:51:40,NEW,2025-CC-005115-O,07/16/2026 11:00 AM ET,"10514 LINGER LN ORLANDO, 32821","$9,457.31","$259,110.00",Hidden,292407472001360
2026-05-18T03:51:40,CLOSED,2025-CA-002956-O,06/10/2026 11:00 AM ET,"12236 NORTHOVER LOOP ORLANDO, 32824","$604,830.53","$524,936.00",Hidden,302429763203060
2026-05-18T03:51:40,CLOSED,2024-CA-010151-O,06/18/2026 11:00 AM ET,"7808 CLUBHOUSE ESTATES DR ORLANDO, 32819","$566,958.93","$417,530.00",Hidden,282327143400510
2026-05-19T03:51:32,NEW,2025-CA-002956-O,06/10/2026 11:00 AM ET,"12236 NORTHOVER LOOP ORLANDO, 32824","$604,830.53","$524,936.00",Hidden,302429763203060
2026-05-19T03:51:32,NEW,2025-CA-009202-O,06/17/2026 11:00 AM ET,"3069 CAYMAN WAY ORLANDO, 32812","$110,290.33","$367,380.00",Hidden,TIMESHARE
2026-05-19T03:51:32,NEW,2024-CA-005383-O,06/18/2026 11:00 AM ET,"7808 CLUBHOUSE ESTATES DR ORLANDO, 32819",$0.00,"$417,530.00",Hidden,Property
2026-05-19T03:51:32,NEW,2020-CA-000551-O,06/23/2026 11:00 AM ET,"3058 BRANDYWINE DR ORLANDO, 32806",$0.00,"$459,824.00",Hidden,Property
2026-05-19T03:51:32,NEW,2025-CA-000244-O,06/23/2026 11:00 AM ET,"364 BRIAR BAY CIR ORLANDO, 32825","$6,607.96","$329,840.00",Hidden,TIMESHARE
2026-05-19T03:51:32,NEW,2025-CA-003733-O,06/30/2026 11:00 AM ET,"4177 N ORANGE BLOSSOM TRL UNIT ORLANDO, 32804",$0.00,"$284,900.00",Hidden,Property
2026-05-19T03:51:32,NEW,2024-CC-000225-O,07/07/2026 11:00 AM ET,"6677 CORAL BERRY DR MOUNT DORA, 32757",$0.00,"$278,094.00",Hidden,Property
2026-05-19T03:51:32,NEW,2025-CA-012209-O,07/09/2026 11:00 AM ET,"8120 PLUNKETT AVE ORLANDO, 32810","$41,400.03","$183,827.00",Hidden,292127715000160
2026-05-19T03:51:32,CLOSED,2025-CA-004151-O,05/18/2026 11:00 AM ET,"121 PROSPER DR APOPKA, 32703","$210,563.99","$48,086.00",Hidden,282111284000020
2026-05-19T03:51:32,CLOSED,2024-CA-009079-O,05/19/2026 11:00 AM ET,"5237 ISLEWORTH COUNTRY CLUB DR WINDERMERE, 34786","$3,249,265.57","$2,770,580.00",Hidden,282316389902320
2026-05-19T03:51:32,CLOSED,2024-CA-010374-O,05/19/2026 11:00 AM ET,"4010 OLD WINTER GARDEN RD ORLANDO, 32805","$452,364.74","$980,027.00",Hidden,292229459203030
2026-05-19T03:51:32,CLOSED,2025-CA-004286-O,05/20/2026 11:00 AM ET,"7001 BLAIR DR ORLANDO, 32818","$212,620.82","$80,122.00","$215,750.21",282223540300140
2026-05-19T03:51:32,CLOSED,2025-CA-009768-O,06/17/2026 11:00 AM ET,"3069 CAYMAN WAY ORLANDO, 32812","$120,747.09","$367,380.00",Hidden,302304587300720
2026-05-19T03:51:32,CLOSED,2024-CA-009320-O,06/23/2026 11:00 AM ET,"3058 BRANDYWINE DR ORLANDO, 32806","$363,977.85","$459,824.00",Hidden,302307318300290
2026-05-19T03:51:32,CLOSED,2025-CA-004908-O,06/30/2026 11:00 AM ET,"4177 N ORANGE BLOSSOM TRL UNIT ORLANDO, 32804","$2,344.04","$284,900.00",Hidden,TIMESHARE
2026-05-19T03:51:32,CLOSED,2024-CC-017097-O,07/07/2026 11:00 AM ET,"6677 CORAL BERRY DR MOUNT DORA, 32757","$5,374.92","$278,094.00",Hidden,272016369101620
2026-05-20T03:51:26,NEW,2025-CA-002560-O,05/27/2026 11:00 AM ET,"717 WHITE IVEY CT APOPKA, 32712","$65,095.96","$344,456.00",Hidden,TIMESHARE
2026-05-20T03:51:26,NEW,2024-CA-010151-O,06/18/2026 11:00 AM ET,"7808 CLUBHOUSE ESTATES DR ORLANDO, 32819","$566,958.93","$417,530.00",Hidden,282327143400510
2026-05-20T03:51:26,NEW,2024-CA-009320-O,06/23/2026 11:00 AM ET,"3058 BRANDYWINE DR ORLANDO, 32806","$363,977.85","$459,824.00",Hidden,302307318300290
2026-05-20T03:51:26,NEW,2025-CA-002408-O,06/24/2026 11:00 AM ET,"14733 GLADE HILL PARK WAY WINTER GARDEN, 34787","$619,537.79","$725,536.00",Hidden,272404755302900
2026-05-20T03:51:26,NEW,2024-CA-005872-O,06/30/2026 11:00 AM ET,"1574 THETFORD CIR ORLANDO, 32824","$15,582.87","$428,790.00",Hidden,TIMESHARE
2026-05-20T03:51:26,NEW,2024-CA-001123-O,07/02/2026 11:00 AM ET,"4010 OLD WINTER GARDEN RD ORLANDO, 32805","$27,876.73","$980,027.00",Hidden,TIMESHARE
2026-05-20T03:51:26,NEW,2024-CC-017097-O,07/07/2026 11:00 AM ET,"6677 CORAL BERRY DR MOUNT DORA, 32757","$5,374.92","$278,094.00",Hidden,272016369101620
2026-05-20T03:51:26,NEW,2025-CC-012041-O,07/08/2026 11:00 AM ET,"10331 STRATFORD POINTE AVE ORLANDO, 32832","$7,354.98","$217,001.00",Hidden,312417899800410
2026-05-20T03:51:26,NEW,2025-CC-020270-O,07/16/2026 11:00 AM ET,"2670 CARDASSI DR OCOEE, 34761","$4,000.05","$251,794.00",Hidden,282131924904170
2026-05-20T03:51:26,CLOSED,2022-CA-005532-O,05/19/2026 11:00 AM ET,"5302 BURNING TREE ORLANDO, 32811","$110,469.33","$2,770,580.00",Hidden,Property
2026-05-20T03:51:26,CLOSED,2025-CA-006161-O,05/19/2026 11:00 AM ET,"5105 COCHITA DR ORLANDO, 32808","$2,236.36","$109,313.00","$139,200.00",TIMESHARE
2026-05-20T03:51:26,CLOSED,2019-CA-006693-O,05/20/2026 11:00 AM ET,"1148 GRAND HILLTOP DR APOPKA, 32703","$240,485.89","$235,038.00",Hidden,282121363000090
2026-05-20T03:51:26,CLOSED,2025-CA-005135-O,05/21/2026 11:00 AM ET,"2508 LASSEK DR ORLANDO, 32806","$207,864.37","$240,974.00",Hidden,302306217400150
2026-05-20T03:51:26,CLOSED,2025-CA-008125-O,05/27/2026 11:00 AM ET,"1803 BALSAWOOD CT ORLANDO, 32818","$355,433.99","$292,491.00",Hidden,282223797302000
2026-05-20T03:51:26,CLOSED,2021-CA-003770-O,06/16/2026 11:00 AM ET,"6801 VISITORS CIR ORLANDO, 32819","$284,827.38","$9,924,704.00",Hidden,282325280400040
2026-05-20T03:51:26,CLOSED,2025-CA-010567-O,06/18/2026 11:00 AM ET,"11108 CYPRESS TRAIL DR ORLANDO, 32825","$338,884.55","$213,193.00",Hidden,312233946800940
2026-05-20T03:51:26,CLOSED,2024-CA-010384-O,06/30/2026 11:00 AM ET,"1574 THETFORD CIR ORLANDO, 32824","$329,629.55","$428,790.00",Hidden,302432963100650
2026-05-21T03:51:33,NEW,2025-CA-005426-O,06/16/2026 11:00 AM ET,"145 SCOTTSDALE SQ WINTER PARK, 32792","$144,733.21","$96,500.00",Hidden,302210713004145
2026-05-21T03:51:33,NEW,2019-CA-006693-O,06/24/2026 11:00 AM ET,"1148 GRAND HILLTOP DR APOPKA, 32703","$240,485.89","$235,038.00",Hidden,282121363000090
2026-05-21T03:51:33,NEW,2013-CA-008322-O,06/30/2026 11:00 AM ET,"4843 NORWALK PL ORLANDO, 32808","$245,843.10","$178,514.00",Hidden,292207803204100
2026-05-21T03:51:33,NEW,2024-CA-005684-O,06/30/2026 11:00 AM ET,"1574 THETFORD CIR ORLANDO, 32824",$0.00,"$428,790.00",Hidden,Property
2026-05-21T03:51:33,NEW,2025-CA-008348-O,07/01/2026 11:00 AM ET,"939 PONDEROSA PINE CT ORLANDO, 32825","$65,443.79","$322,726.00",Hidden,302223861100400
2026-05-21T03:51:33,NEW,2024-CA-000954-O,07/08/2026 11:00 AM ET,"800 NICOLE BLVD OCOEE, 34761","$153,550.33","$157,823.00",Hidden,282208399000020
2026-05-21T03:51:33,NEW,2024-CA-003405-O,07/08/2026 11:00 AM ET,"932 CLOYD DAIRY LOOP ORLANDO, 32825","$431,874.97","$304,886.00",Hidden,312232937100610
2026-05-21T03:51:33,NEW,2025-CA-005135-O,07/21/2026 11:00 AM ET,"2508 LASSEK DR ORLANDO, 32806","$207,864.37","$240,974.00",Hidden,302306217400150
2026-05-21T03:51:33,NEW,2026-CA-000501-O,07/21/2026 11:00 AM ET,"540 NICOLE MARIE ST APOPKA, 32712","$447,226.84","$359,060.00",Hidden,282104137200670
2026-05-21T03:51:33,NEW,2025-CA-004157-O,08/19/2026 11:00 AM ET,"13349 GREENPOINTE DR ORLANDO, 32824","$153,971.34","$130,270.00",Hidden,292425320594010
2026-05-21T03:51:33,NEW,2025-CA-007600-O,08/19/2026 11:00 AM ET,"4783 PIEDMONT CT ORLANDO, 32811","$112,749.54","$94,060.00",Hidden,292232182800220
2026-05-21T03:51:33,CLOSED,2025-CA-003080-O,05/20/2026 11:00 AM ET,"1225 LAKE SHADOW CIR UNIT 1410 MAITLAND, 32751","$157,276.44","$176,925.00",Hidden,292127892514102
2026-05-21T03:51:33,CLOSED,2025-CA-005772-O,05/20/2026 11:00 AM ET,"3705 CONNOR AVE ORLANDO, 32808","$126,376.93","$132,436.00",Hidden,TIMESHARE
2026-05-21T03:51:33,CLOSED,2025-CA-007684-O,05/26/2026 11:00 AM ET,"9651 BISCOTTI AVE ORLANDO, 32829","$10,842.54","$304,850.00","$10,842.54",312318177600680
2026-05-21T03:51:33,CLOSED,2024-CA-005872-O,06/30/2026 11:00 AM ET,"1574 THETFORD CIR ORLANDO, 32824","$15,582.87","$428,790.00",Hidden,TIMESHARE
2026-05-21T03:51:33,CLOSED,2025-CA-009097-O,06/30/2026 11:00 AM ET,"3126 KELVINGTON DR ORLANDO, 32810","$304,541.96","$218,062.00",Hidden,292133748800140
2026-05-21T03:51:33,CLOSED,2024-CA-001123-O,07/02/2026 11:00 AM ET,"4010 OLD WINTER GARDEN RD ORLANDO, 32805","$27,876.73","$980,027.00",Hidden,TIMESHARE
2026-05-22T03:51:41,NEW,2025-CA-008125-O,05/27/2026 11:00 AM ET,"1803 BALSAWOOD CT ORLANDO, 32818","$355,433.99","$292,491.00",Hidden,282223797302000
2026-05-22T03:51:41,NEW,2025-CA-010780-O,06/22/2026 11:00 AM ET,"3608 TAM DR ORLANDO, 32808","$324,627.20","$229,321.00",Hidden,292207517412170
2026-05-22T03:51:41,NEW,2024-CA-005872-O,06/30/2026 11:00 AM ET,"1574 THETFORD CIR ORLANDO, 32824","$15,582.87","$428,790.00",Hidden,TIMESHARE
2026-05-22T03:51:41,NEW,2025-CA-003835-O,07/21/2026 11:00 AM ET,"2508 LASSEK DR ORLANDO, 32806",$0.00,"$240,974.00",Hidden,Property
2026-05-22T03:51:41,NEW,2025-CA-008648-O,07/21/2026 11:00 AM ET,"540 NICOLE MARIE ST APOPKA, 32712",$0.00,"$359,060.00",Hidden,Property
2026-05-22T03:51:41,CLOSED,2024-CA-010876-O,05/21/2026 11:00 AM ET,"1547 PRIORY CIR WINTER GARDEN, 34787-5566","$378,380.92","$228,654.00","$300,000.00",272233829300330
2026-05-22T03:51:41,CLOSED,2025-CA-010299-O,05/21/2026 11:00 AM ET,"1368 COUNTRYRIDGE PL ORLANDO, 32835","$450,914.18","$240,099.00","$426,893.28",LIQUOR
2026-05-22T03:51:41,CLOSED,2025-CC-022894-O,05/21/2026 11:00 AM ET,"2242 J LAWSON BLVD ORLANDO, 32824","$5,866.20","$280,038.00",Hidden,302429033100410
2026-05-22T03:51:41,CLOSED,2025-CA-011000-O,05/26/2026 11:00 AM ET,"12144 BRUCETON WAY UNIT 101 ORLANDO, 32828","$8,007.79","$297,600.00",Hidden,312234863306101
2026-05-22T03:51:41,CLOSED,2025-CA-005135-O,07/21/2026 11:00 AM ET,"2508 LASSEK DR ORLANDO, 32806","$207,864.37","$240,974.00",Hidden,302306217400150
2026-05-22T03:51:41,CLOSED,2026-CA-000501-O,07/21/2026 11:00 AM ET,"540 NICOLE MARIE ST APOPKA, 32712","$447,226.84","$359,060.00",Hidden,282104137200670
2026-05-22T03:51:41,CLOSED,2025-CA-004167-O,08/04/2026 11:00 AM ET,"13062 LAKESHORE GROVE DR WINTER GARDEN, 34787","$100,949.75","$402,306.00",Hidden,272302920000290
2026-05-25T03:51:40,NEW,2025-CA-003772-O,07/08/2026 11:00 AM ET,"8536 KESWICK POINTE DR ORLANDO, 32829","$108,654.00","$224,358.00",Hidden,302325897801210
2026-05-25T03:51:40,NEW,2025-CA-007301-O,07/14/2026 11:00 AM ET,"2334 BABBITT AVE ORLANDO, 32833",$0.00,"$264,088.00",Hidden,Property
2026-05-25T03:51:40,NEW,2025-CA-005135-O,07/21/2026 11:00 AM ET,"2508 LASSEK DR ORLANDO, 32806","$207,864.37","$240,974.00",Hidden,302306217400150
2026-05-25T03:51:40,NEW,2025-CC-016191-O,07/23/2026 11:00 AM ET,"4066 FEATHER TREE DR APOPKA, 32712","$7,802.88","$370,900.00",Hidden,272013933501070
2026-05-25T03:51:40,NEW,2025-CA-004167-O,08/04/2026 11:00 AM ET,"13062 LAKESHORE GROVE DR WINTER GARDEN, 34787","$100,949.75","$402,306.00",Hidden,272302920000290
2026-05-25T03:51:40,CLOSED,2025-CA-000605-O,05/26/2026 11:00 AM ET,"903 DOREEN AVE OCOEE, 34761","$77,189.73","$197,890.00",Hidden,282208676704400
2026-05-26T03:51:39,NEW,2016-CA-011209-O,07/23/2026 11:00 AM ET,"4066 FEATHER TREE DR APOPKA, 32712",$0.00,"$370,900.00",Hidden,Property
2026-05-26T03:51:39,CLOSED,2025-CC-016191-O,07/23/2026 11:00 AM ET,"4066 FEATHER TREE DR APOPKA, 32712","$7,802.88","$370,900.00",Hidden,272013933501070
2026-05-27T03:51:33,NEW,2025-CA-000605-O,07/07/2026 11:00 AM ET,"903 DOREEN AVE OCOEE, 34761","$77,189.73","$197,890.00",Hidden,282208676704400
2026-05-27T03:51:33,NEW,2022-CA-008959-O,07/08/2026 11:00 AM ET,"800 NICOLE BLVD OCOEE, 34761",$0.00,"$157,823.00",Hidden,Property
2026-05-27T03:51:33,NEW,2025-CA-008432-O,07/14/2026 11:00 AM ET,"2334 BABBITT AVE ORLANDO, 32833","$448,674.16","$264,088.00",Hidden,322301760233140
2026-05-27T03:51:33,NEW,2024-CA-008035-O,07/21/2026 11:00 AM ET,"817 POLK ST ORLANDO, 32805",$0.00,"$155,301.00",Hidden,Property
2026-05-27T03:51:33,NEW,2025-CC-016191-O,07/23/2026 11:00 AM ET,"4066 FEATHER TREE DR APOPKA, 32712","$7,802.88","$370,900.00",Hidden,272013933501070
2026-05-27T03:51:33,CLOSED,2017-CA-000599-O,05/26/2026 11:00 AM ET,"8503 SAN MARINO BLVD ORLANDO, 32836","$1,461,521.40","$38,779.00",Hidden,Property
2026-05-27T03:51:33,CLOSED,2024-CA-008721-O,05/26/2026 11:00 AM ET,"2902 CALUMET DR ORLANDO, 32810","$339,726.01","$267,844.00","$279,000.00",292128368300520
2026-05-27T03:51:33,CLOSED,2025-CA-005967-O,05/26/2026 11:00 AM ET,"6614 S GOLDENROD RD UNIT 105B ORLANDO, 32822","$245,809.40","$97,198.00",Hidden,302323120510502
2026-05-27T03:51:33,CLOSED,2023-CA-016936-O,06/03/2026 11:00 AM ET,"7029 CARNA CT ORLANDO, 32807","$163,220.60","$110,579.00",Hidden,302226797300210
2026-05-27T03:51:33,CLOSED,2024-CA-000954-O,07/08/2026 11:00 AM ET,"800 NICOLE BLVD OCOEE, 34761","$153,550.33","$157,823.00",Hidden,282208399000020
2026-05-27T03:51:33,CLOSED,2025-CA-003835-O,07/21/2026 11:00 AM ET,"817 POLK ST ORLANDO, 32805","$261,689.68","$155,301.00",Hidden,292226327900010
2026-05-27T03:51:33,CLOSED,2025-CA-008648-O,07/21/2026 11:00 AM ET,"540 NICOLE MARIE ST APOPKA, 32712","$3,852.10","$359,060.00",Hidden,TIMESHARE
2026-05-28T03:51:34,NEW,2025-CA-000214-O,06/16/2026 11:00 AM ET,"3611 WESTWOOD RD ORLANDO, 32808","$225,430.72","$123,429.00",Hidden,282212705107140
2026-05-28T03:51:34,NEW,2025-CA-000473-O,06/19/2026 11:00 AM ET,"8273 WILSON TER ORLANDO, 32819","$1,261,476.80","$869,400.00",Hidden,282315378600190
2026-05-28T03:51:34,NEW,2025-CC-021189-O,06/25/2026 11:00 AM ET,"3705 CONNOR AVE ORLANDO, 32808","$89,427.25","$132,436.00",Hidden,292207517414120
2026-05-28T03:51:34,NEW,2025-CA-007841-O,07/15/2026 11:00 AM ET,"1756 PEACHWOOD LN ORLANDO, 32818",$0.00,"$166,172.00",Hidden,Property
2026-05-28T03:51:34,NEW,2025-CA-003835-O,07/21/2026 11:00 AM ET,"817 POLK ST ORLANDO, 32805","$261,689.68","$155,301.00",Hidden,292226327900010
2026-05-28T03:51:34,CLOSED,2023-CA-015775-O,05/27/2026 11:00 AM ET,"2727 CULLENS CT OCOEE, 34761","$25,833.60","$219,769.00","$25,833.60",282216906300140
2026-05-28T03:51:34,CLOSED,2024-CA-003029-O,05/27/2026 11:00 AM ET,"211 S ULYSSES DR APOPKA, 32703","$242,985.77","$184,100.00",Hidden,282112911805130
2026-05-28T03:51:34,CLOSED,2024-CA-009940-O,05/27/2026 11:00 AM ET,"8126 RED STOPPER LN WINTER GARDEN, 34787","$2,194.17","$274,212.00",Hidden,TIMESHARE
2026-05-28T03:51:34,CLOSED,2025-CA-002560-O,05/27/2026 11:00 AM ET,"717 WHITE IVEY CT APOPKA, 32712","$65,095.96","$344,456.00","$10,708.61",TIMESHARE
2026-05-28T03:51:34,CLOSED,2025-CA-008125-O,05/27/2026 11:00 AM ET,"1803 BALSAWOOD CT ORLANDO, 32818","$355,433.99","$292,491.00",Hidden,282223797302000
2026-05-28T03:51:34,CLOSED,2025-CA-010632-O,07/15/2026 11:00 AM ET,"1756 PEACHWOOD LN ORLANDO, 32818","$137,308.05","$166,172.00",Hidden,282224059402060
2026-05-29T03:45:09,CLOSED,2018-CA-007877-O,06/01/2026 11:00 AM ET,"2408 MAYER ST ORLANDO, 32806","$224,462.82","$331,341.00",Hidden,Property
2026-05-29T03:45:09,CLOSED,2025-CA-008467-O,06/01/2026 11:00 AM ET,"262 PLEASANT GARDENS DR APOPKA, 32703","$103,220.75","$247,338.00","$105,885.84",282112712400080
2026-05-29T03:45:09,CLOSED,2023-CA-017798-O,06/02/2026 11:00 AM ET,"3362 AZOLLA ST ORLANDO, 32808","$2,462.22","$282,480.00",Hidden,TIMESHARE
2026-05-29T03:45:09,CLOSED,2024-CA-010935-O,06/02/2026 11:00 AM ET,"14061 TURNING LEAF DR ORLANDO, 32828","$4,447.07","$271,648.00",Hidden,TIMESHARE
2026-05-29T03:45:09,CLOSED,2025-CA-003865-O,06/02/2026 11:00 AM ET,"433 CORTONA DR ORLANDO, 32828","$585,107.66","$564,680.00",Hidden,322230060600860
2026-05-29T03:45:09,CLOSED,2025-CA-004530-O,06/02/2026 11:00 AM ET,"14322 SAPELO BEACH DR ORLANDO, 32827","$451,721.79","$429,000.00",Hidden,312432389403400
2026-05-29T03:45:09,CLOSED,2024-CA-005904-O,06/03/2026 11:00 AM ET,"7921 RIFFLE LN ORLANDO, 32818","$12,238.62","$282,021.00",Hidden,282202755701060
2026-05-29T03:45:09,CLOSED,2025-CA-004620-O,06/03/2026 11:00 AM ET,"10142 SILMARIEN ST ORLANDO, 32825","$125,714.14","$209,979.00","$125,714.14",312305195000800
2026-05-29T03:45:09,CLOSED,2025-CA-009197-O,06/03/2026 11:00 AM ET,"2842 MYRTLE OAK LN ZELLWOOD, 32798","$409,455.00","$58,481.00",Hidden,TIMESHARE
2026-05-29T03:45:09,CLOSED,2023-CC-022155-O,06/04/2026 11:00 AM ET,"6326 ABBEYDALE CT ORLANDO, 32818","$10,098.02","$186,857.00",Hidden,282125813300520
2026-05-29T03:45:09,CLOSED,2024-CA-006356-O,06/04/2026 11:00 AM ET,"5550 E MICHIGAN ST UNIT 2325 ORLANDO, 32822","$129,481.16","$110,673.00",Hidden,302304734602325
2026-05-29T03:45:09,CLOSED,2024-CA-009392-O,06/04/2026 11:00 AM ET,"3243 STONEWYCK ST ORLANDO, 32824","$68,680.25","$566,290.00",Hidden,302433495701190
2026-05-29T03:45:09,CLOSED,2025-CA-000399-O,06/04/2026 11:00 AM ET,"1204 1206 1210 41ST STREET ORLANDO, 32839","$1,668,630.91","$397,883.00",Hidden,Property
2026-05-29T03:45:09,CLOSED,2025-CA-008520-O,06/04/2026 11:00 AM ET,"3243 STONEWYCK ST ORLANDO, 32824","$230,712.16","$566,290.00","$230,712.16",302433495701190
2026-05-29T03:45:09,CLOSED,2024-CA-006297-O,06/05/2026 11:00 AM ET,"5800 LACONIA RD ORLANDO, 32808","$162,879.08","$184,573.00",Hidden,282213756813030
2026-05-29T03:45:09,CLOSED,2025-CA-003914-O,06/08/2026 11:00 AM ET,"5675 CHARLESTON ST UNIT 58 ORLANDO, 32807","$179,740.38","$132,201.00",Hidden,302216780005580
2026-05-29T03:45:09,CLOSED,2025-CA-010575-O,06/08/2026 11:00 AM ET,"14161 WALCOTT AVE ORLANDO, 32827","$10,105.95","$423,339.00","$10,105.95",302425494502950
2026-05-29T03:45:09,CLOSED,2024-CA-008746-O,06/09/2026 11:00 AM ET,"7348 SPARKLING LAKE RD ORLANDO, 32819","$96,302.88","$390,276.00",Hidden,282323629400300
2026-05-29T03:45:09,CLOSED,2024-CA-005953-O,06/10/2026 11:00 AM ET,"4238 WATERMILL AVE ORLANDO, 32817","$223,409.39","$322,498.00",Hidden,312206906600960
2026-05-29T03:45:09,CLOSED,2024-CA-008417-O,06/10/2026 11:00 AM ET,"3036 CONDEL DR ORLANDO, 32812","$320,131.79","$225,500.00",Hidden,302305162404150
2026-05-29T03:45:09,CLOSED,2025-CA-002370-O,06/10/2026 11:00 AM ET,"601 RIDGEFIELD AVE OCOEE, 34761","$199,582.08","$79,696.00",Hidden,282216089300200
2026-05-29T03:45:09,CLOSED,2025-CA-002956-O,06/10/2026 11:00 AM ET,"12236 NORTHOVER LOOP ORLANDO, 32824","$604,830.53","$524,936.00",Hidden,302429763203060
2026-05-29T03:45:09,CLOSED,2025-CA-002983-O,06/10/2026 11:00 AM ET,"309 BAY ST APOPKA, 32712","$67,611.99","$265,150.00",Hidden,282103545700360
2026-05-29T03:45:09,CLOSED,2025-CA-003076-O,06/10/2026 11:00 AM ET,"13807 ORANGE CREST DR WINDERMERE, 34786","$941,828.97","$446,540.00",Hidden,272322152701370
2026-05-29T03:45:09,CLOSED,2025-CA-003544-O,06/11/2026 11:00 AM ET,"225 RONNIE CIR ORLANDO, 32811","$423,783.37","$283,070.00",Hidden,292230923023070
2026-05-29T03:45:09,CLOSED,2025-CA-011260-O,06/11/2026 11:00 AM ET,"10843 DYLAN LOREN CIR UNIT 4 ORLANDO, 32825","$35,528.66","$706,930.00",Hidden,312228947600040
2026-05-29T03:45:09,CLOSED,2025-CC-024818-O,06/11/2026 11:00 AM ET,"2055 HAMMOCK MOSS DR ORLANDO, 32820","$7,747.72","$345,266.00",Hidden,322216142702100
2026-05-29T03:45:09,CLOSED,2024-CC-022302-O,06/15/2026 11:00 AM ET,"540 NICOLE MARIE ST APOPKA, 32712","$9,990.62","$359,060.00",Hidden,282104137200670
2026-05-29T03:45:09,CLOSED,2025-CC-015680-O,06/15/2026 11:00 AM ET,"1676 CANOE CREEK FALLS DR ORLANDO, 32824","$8,416.86","$141,988.00",Hidden,302429033001300
2026-05-29T03:45:09,CLOSED,2018-CA-008246-O,06/16/2026 11:00 AM ET,"8710 FOLEY DR ORLANDO, 32825","$214,398.14","$89,849.00",Hidden,302225892500200
2026-05-29T03:45:09,CLOSED,2023-CA-017151-O,06/16/2026 11:00 AM ET,"600 MADISON AVE ORLANDO, 32805","$343,757.28","$297,130.00",Hidden,292227824405051
2026-05-29T03:45:09,CLOSED,2023-CC-013712-O,06/16/2026 11:00 AM ET,"11011 SYLVAN POND CIR ORLANDO, 32825","$13,014.66","$121,494.00",Hidden,312221850701010
2026-05-29T03:45:09,CLOSED,2025-CA-000214-O,06/16/2026 11:00 AM ET,"3611 WESTWOOD RD ORLANDO, 32808","$225,430.72","$123,429.00",Hidden,282212705107140
2026-05-29T03:45:09,CLOSED,2025-CA-000673-O,06/16/2026 11:00 AM ET,"1348 WHITNEY ISLES DR WINDERMERE, 34786","$10,514.30","$536,957.00",Hidden,TIMESHARE
2026-05-29T03:45:09,CLOSED,2025-CA-003649-O,06/16/2026 11:00 AM ET,"13203 ASHINGTON POINTE DR ORLANDO, 32824","$10,244.62","$225,722.00",Hidden,TIMESHARE
2026-05-29T03:45:09,CLOSED,2025-CA-005426-O,06/16/2026 11:00 AM ET,"145 SCOTTSDALE SQ WINTER PARK, 32792","$144,733.21","$96,500.00",Hidden,302210713004145
2026-05-29T03:45:09,CLOSED,2025-CA-006492-O,06/16/2026 11:00 AM ET,"300 COUNTRY LANDING BLVD APOPKA, 32703","$90,150.78","$151,759.00",Hidden,282108180601110
2026-05-29T03:45:09,CLOSED,2023-CA-001994-O,06/17/2026 11:00 AM ET,"3815 BROOKMYRA DR ORLANDO, 32837","$347,043.26","$217,061.00",Hidden,292429373000110
2026-05-29T03:45:09,CLOSED,2023-CA-010984-O,06/17/2026 11:00 AM ET,"9001 WOODBREEZE BLVD WINDERMERE, 34786","$419,489.14","$445,529.00",Hidden,282316805900580
2026-05-29T03:45:09,CLOSED,2025-CA-009202-O,06/17/2026 11:00 AM ET,"3069 CAYMAN WAY ORLANDO, 32812","$110,290.33","$367,380.00",Hidden,TIMESHARE
2026-05-29T03:45:09,CLOSED,2025-CA-009800-O,06/17/2026 11:00 AM ET,"5089 ERNST CT UNIT 59 ORLANDO, 32819","$93,028.63","$140,240.00",Hidden,TIMESHARE
2026-05-29T03:45:09,CLOSED,2025-CC-010916-O,06/17/2026 11:00 AM ET,"3529 SENECA CLUB LOOP UNIT 18- ORLANDO, 32808","$12,901.55","$282,900.00",Hidden,292209923618103
2026-05-29T03:45:09,CLOSED,2019-CA-008503-O,06/18/2026 11:00 AM ET,"5742 ESSEX ISLE DR ORLANDO, 32829","$400,033.07","$367,420.00",Hidden,302324898000820
2026-05-29T03:45:09,CLOSED,2020-CA-001965-O,06/18/2026 11:00 AM ET,"3713 MITCHELL RD ORLANDO, 32808","$203,396.02","$195,334.00",Hidden,292207705003030
2026-05-29T03:45:09,CLOSED,2024-CA-005383-O,06/18/2026 11:00 AM ET,"8112 POINCIANA BLVD UNIT 1404 ORLANDO, 32821","$248,232.00","$148,400.00",Hidden,282435435601404
2026-05-29T03:45:09,CLOSED,2024-CA-010151-O,06/18/2026 11:00 AM ET,"7808 CLUBHOUSE ESTATES DR ORLANDO, 32819","$566,958.93","$417,530.00",Hidden,282327143400510
2026-05-29T03:45:09,CLOSED,2025-CA-000473-O,06/19/2026 11:00 AM ET,"8273 WILSON TER ORLANDO, 32819","$1,261,476.80","$869,400.00",Hidden,282315378600190
2026-05-29T03:45:09,CLOSED,2025-CA-003375-O,06/22/2026 11:00 AM ET,"10070 BRODBECK BLVD ORLANDO, 32832","$466,281.54","$482,430.00",Hidden,312406410401790
2026-05-29T03:45:09,CLOSED,2025-CA-006502-O,06/22/2026 11:00 AM ET,"820 KENSINGTON DR ORLANDO, 32808","$139,260.92","$136,206.00",Hidden,292221914802090
2026-05-29T03:45:09,CLOSED,2025-CA-007969-O,06/22/2026 11:00 AM ET,"8007 MEADOWGLEN DR ORLANDO, 32810","$292,752.75","$299,800.00",Hidden,292127714004030
2026-05-29T03:45:09,CLOSED,2025-CA-010780-O,06/22/2026 11:00 AM ET,"3608 TAM DR ORLANDO, 32808","$324,627.20","$229,321.00",Hidden,292207517412170
2026-05-29T03:45:09,CLOSED,2020-CA-000551-O,06/23/2026 11:00 AM ET,"314 E GULLEY AVE OAKLAND, 34760","$254,677.03","$154,240.00",Hidden,272221611600140
2026-05-29T03:45:09,CLOSED,2024-CA-009320-O,06/23/2026 11:00 AM ET,"3058 BRANDYWINE DR ORLANDO, 32806","$363,977.85","$459,824.00",Hidden,302307318300290
2026-05-29T03:45:09,CLOSED,2025-CA-000244-O,06/23/2026 11:00 AM ET,"364 BRIAR BAY CIR ORLANDO, 32825","$6,607.96","$329,840.00",Hidden,TIMESHARE
2026-05-29T03:45:09,CLOSED,2016-CA-004877-O,06/24/2026 11:00 AM ET,"12872 LAKE SAWYER LN WINDERMERE, 34786","$1,059,474.58","$661,612.00",Hidden,272324000000019
2026-05-29T03:45:09,CLOSED,2019-CA-006693-O,06/24/2026 11:00 AM ET,"1148 GRAND HILLTOP DR APOPKA, 32703","$240,485.89","$235,038.00",Hidden,282121363000090
2026-05-29T03:45:09,CLOSED,2019-CA-013511-O,06/24/2026 11:00 AM ET,"13326 SPROSTON PT ORLANDO, 32832","$922,794.89","$420,316.00",Hidden,312429224204600
2026-05-29T03:45:09,CLOSED,2024-CA-007987-O,06/24/2026 11:00 AM ET,"7755 SENJILL CT ORLANDO, 32818","$5,832.76","$308,895.00",Hidden,282202755802370
2026-05-29T03:45:09,CLOSED,2025-CA-002408-O,06/24/2026 11:00 AM ET,"14733 GLADE HILL PARK WAY WINTER GARDEN, 34787","$619,537.79","$725,536.00",Hidden,272404755302900
2026-05-29T03:45:09,CLOSED,2024-CA-009114-O,06/25/2026 11:00 AM ET,"2321 HOME AGAIN RD APOPKA, 32712","$297,135.02","$430,560.00",Hidden,282029602901730
2026-05-29T03:45:09,CLOSED,2025-CA-002889-O,06/25/2026 11:00 AM ET,"10613 ABINGDON CHASE ORLANDO, 32817","$365,771.53","$169,439.00",Hidden,312208884100390
2026-05-29T03:45:09,CLOSED,2025-CA-007640-O,06/25/2026 11:00 AM ET,"1242 SHELTER ROCK RD ORLANDO, 32835","$323,496.11","$248,735.00",Hidden,282234331300430
2026-05-29T03:45:09,CLOSED,2025-CC-021189-O,06/25/2026 11:00 AM ET,"3705 CONNOR AVE ORLANDO, 32808","$89,427.25","$132,436.00",Hidden,292207517414120
2026-05-29T03:45:09,CLOSED,2023-CA-004589-O,06/26/2026 11:00 AM ET,"5627 MASTERS BLVD ORLANDO, 32819","$587,486.99","$560,370.00",Hidden,282321055404260
2026-05-29T03:45:09,CLOSED,2013-CA-008322-O,06/30/2026 11:00 AM ET,"4843 NORWALK PL ORLANDO, 32808","$245,843.10","$178,514.00",Hidden,292207803204100
2026-05-29T03:45:09,CLOSED,2022-CA-008094-O,06/30/2026 11:00 AM ET,"217 HORSTFIELD DR WINTER GARDEN, 34787","$9,483.74","$96,309.00",Hidden,272227665600500
2026-05-29T03:45:09,CLOSED,2023-CA-013917-O,06/30/2026 11:00 AM ET,"2679 BREEZY MEADOW RD APOPKA, 32712","$328,150.34","$189,047.00","$328,150.34",282030023303270
2026-05-29T03:45:09,CLOSED,2024-CA-005684-O,06/30/2026 11:00 AM ET,"7628 MILANO DR ORLANDO, 32835","$276,528.44","$329,175.00",Hidden,282303893100470
2026-05-29T03:45:09,CLOSED,2024-CA-005872-O,06/30/2026 11:00 AM ET,"1574 THETFORD CIR ORLANDO, 32824","$15,582.87","$428,790.00",Hidden,TIMESHARE
2026-05-29T03:45:09,CLOSED,2025-CA-003733-O,06/30/2026 11:00 AM ET,"4177 N ORANGE BLOSSOM TRL UNIT ORLANDO, 32804","$19,332.91","$284,900.00",Hidden,TIMESHARE
2026-05-29T03:45:09,CLOSED,2024-CA-006502-O,07/01/2026 11:00 AM ET,"143 BRIGADOON PT ORLANDO, 32835","$272,579.73","$132,860.00",Hidden,282226922400560
2026-05-29T03:45:09,CLOSED,2025-CA-008348-O,07/01/2026 11:00 AM ET,"939 PONDEROSA PINE CT ORLANDO, 32825","$65,443.79","$322,726.00",Hidden,302223861100400
2026-05-29T03:45:09,CLOSED,2023-CA-016874-O,07/02/2026 11:00 AM ET,"5 N FORSYTH RD ORLANDO, 32807","$280,131.43","$210,310.00",Hidden,302226000000077
2026-05-29T03:45:09,CLOSED,2024-CA-001229-O,07/07/2026 11:00 AM ET,"6305 STOCKBRIDGE AVE ORLANDO, 32809","$330,306.61","$342,420.00",Hidden,Property
2026-05-29T03:45:09,CLOSED,2024-CA-008033-O,07/07/2026 11:00 AM ET,"1211 FLOWERS POINTE LN ORLANDO, 32825","$238,395.47","$212,316.00",Hidden,312220280200130
2026-05-29T03:45:09,CLOSED,2024-CC-000225-O,07/07/2026 11:00 AM ET,"1304 E 10TH ST APOPKA, 32703","$29,636.59","$291,330.00",Hidden,282114015100960
2026-05-29T03:45:09,CLOSED,2024-CC-017097-O,07/07/2026 11:00 AM ET,"6677 CORAL BERRY DR MOUNT DORA, 32757","$5,374.92","$278,094.00",Hidden,272016369101620
2026-05-29T03:45:09,CLOSED,2024-CC-020739-O,07/07/2026 11:00 AM ET,"1507 ASTORIA ARBOR LN ORLANDO, 32824","$11,799.66","$348,198.00",Hidden,292425008000270
2026-05-29T03:45:09,CLOSED,2025-CA-000605-O,07/07/2026 11:00 AM ET,"903 DOREEN AVE OCOEE, 34761","$77,189.73","$197,890.00",Hidden,282208676704400
2026-05-29T03:45:09,CLOSED,2022-CA-008959-O,07/08/2026 11:00 AM ET,"1323 AZALEA WAY WINTER GARDEN, 34787","$214,820.51","$134,859.00",Hidden,272227924122060
2026-05-29T03:45:09,CLOSED,2024-CA-000164-O,07/08/2026 11:00 AM ET,"800 NICOLE BLVD OCOEE, 34761",$0.00,"$157,823.00",Hidden,Property
2026-05-29T03:45:09,CLOSED,2024-CA-001450-O,07/08/2026 11:00 AM ET,"762 KINGS COVE CT ORLANDO, 32807","$210,436.69","$53,262.00",Hidden,302222419800061
2026-05-29T03:45:09,CLOSED,2024-CA-003405-O,07/08/2026 11:00 AM ET,"932 CLOYD DAIRY LOOP ORLANDO, 32825","$431,874.97","$304,886.00",Hidden,312232937100610
2026-05-29T03:45:09,CLOSED,2025-CA-003772-O,07/08/2026 11:00 AM ET,"8536 KESWICK POINTE DR ORLANDO, 32829","$108,654.00","$224,358.00",Hidden,302325897801210
2026-05-29T03:45:09,CLOSED,2025-CC-012041-O,07/08/2026 11:00 AM ET,"10331 STRATFORD POINTE AVE ORLANDO, 32832","$7,354.98","$217,001.00",Hidden,312417899800410
2026-05-29T03:45:09,CLOSED,2024-CA-005058-O,07/09/2026 11:00 AM ET,"1536 DEMING DR ORLANDO, 32825","$244,497.94","$344,242.00",Hidden,302236744600800
2026-05-29T03:45:09,CLOSED,2025-CA-012209-O,07/09/2026 11:00 AM ET,"8120 PLUNKETT AVE ORLANDO, 32810","$41,400.03","$183,827.00",Hidden,292127715000160
2026-05-29T03:45:09,CLOSED,2025-CA-009635-O,07/13/2026 11:00 AM ET,"308 HOPE CIR ORLANDO, 32811","$354,972.70","$238,660.00",Hidden,292230922605040
2026-05-29T03:45:09,CLOSED,2025-CA-005562-O,07/14/2026 11:00 AM ET,"5522 WESTHAVEN CT ORLANDO, 32810","$298,073.36","$85,039.00",Hidden,282136891200130
2026-05-29T03:45:09,CLOSED,2025-CA-007301-O,07/14/2026 11:00 AM ET,"29TH ST ORLANDO, 32805","$202,271.43","$80,000.00",Hidden,292303018057181
2026-05-29T03:45:09,CLOSED,2025-CA-008432-O,07/14/2026 11:00 AM ET,"2334 BABBITT AVE ORLANDO, 32833","$448,674.16","$264,088.00",Hidden,322301760233140
2026-05-29T03:45:09,CLOSED,2025-CA-009448-O,07/14/2026 11:00 AM ET,"4705 STONY BROOK LN ORLANDO, 32808","$3,224.35","$206,249.00",Hidden,TIMESHARE
2026-05-29T03:45:09,CLOSED,2025-CA-007841-O,07/15/2026 11:00 AM ET,"1756 PEACHWOOD LN ORLANDO, 32818",$0.00,"$166,172.00",Hidden,Property
2026-05-29T03:45:09,CLOSED,2025-CA-008275-O,07/16/2026 11:00 AM ET,"5633 PINEY RIDGE DR ORLANDO, 32808","$272,190.10","$183,170.00",Hidden,292218805100480
2026-05-29T03:45:09,CLOSED,2025-CC-005115-O,07/16/2026 11:00 AM ET,"10514 LINGER LN ORLANDO, 32821","$9,457.31","$259,110.00",Hidden,292407472001360
2026-05-29T03:45:09,CLOSED,2025-CC-020270-O,07/16/2026 11:00 AM ET,"2670 CARDASSI DR OCOEE, 34761","$4,000.05","$251,794.00",Hidden,282131924904170
2026-05-29T03:45:09,CLOSED,2023-CC-006558-O,07/20/2026 11:00 AM ET,"4654 COPPOLA DR MOUNT DORA, 32757","$35,681.24","$519,030.00",Hidden,272003843804980
2026-05-29T03:45:09,CLOSED,2024-CA-008035-O,07/21/2026 11:00 AM ET,"10324 MOSS ROSE WAY ORLANDO, 32832","$209,217.37","$153,662.00",Hidden,312408482501060
2026-05-29T03:45:09,CLOSED,2025-CA-003835-O,07/21/2026 11:00 AM ET,"817 POLK ST ORLANDO, 32805","$261,689.68","$155,301.00",Hidden,292226327900010
2026-05-29T03:45:09,CLOSED,2025-CA-005135-O,07/21/2026 11:00 AM ET,"2508 LASSEK DR ORLANDO, 32806","$207,864.37","$240,974.00",Hidden,302306217400150
2026-05-29T03:45:09,CLOSED,2016-CA-011209-O,07/23/2026 11:00 AM ET,"744 MALONEY LN ORLANDO, 32825","$383,883.00","$298,931.00",Hidden,312229668600720
2026-05-29T03:45:09,CLOSED,2025-CC-016191-O,07/23/2026 11:00 AM ET,"4066 FEATHER TREE DR APOPKA, 32712","$7,802.88","$370,900.00",Hidden,272013933501070
2026-05-29T03:45:09,CLOSED,2025-CA-003935-O,07/30/2026 11:00 AM ET,"430 ASHLEY BROOKE CT APOPKA, 32712","$303,364.43","$229,776.00",Hidden,282105646149020
2026-05-29T03:45:09,CLOSED,2025-CA-009398-O,07/30/2026 11:00 AM ET,"710 MARLOWE AVE ORLANDO, 32809","$225,108.90","$352,780.00",Hidden,292326808709790
2026-05-29T03:45:09,CLOSED,2024-CA-000674-O,08/04/2026 11:00 AM ET,"4218 CROSSEN DR ORLANDO, 32822","$251,267.57","$175,580.00",Hidden,302313233201780
2026-05-29T03:45:09,CLOSED,2025-CA-004167-O,08/04/2026 11:00 AM ET,"13062 LAKESHORE GROVE DR WINTER GARDEN, 34787","$100,949.75","$402,306.00",Hidden,272302920000290
2026-05-29T03:45:09,CLOSED,2025-CA-011303-O,08/11/2026 11:00 AM ET,"14567 WINTER STAY DR WINTER GARDEN, 34787","$375,408.83","$652,146.00",Hidden,272404755302710
2026-05-29T03:45:09,CLOSED,2026-CA-001108-O,08/11/2026 11:00 AM ET,"1273 FALCONCREST BLVD APOPKA, 32712","$8,889.90","$548,790.00",Hidden,282033710600290
2026-05-29T03:45:09,CLOSED,2024-CA-007298-O,08/12/2026 11:00 AM ET,"2025 RIBBON FALLS PKWY ORLANDO, 32824","$239,078.08","$400,420.00",Hidden,302429394501830
2026-05-29T03:45:09,CLOSED,2023-CA-011215-O,08/18/2026 11:00 AM ET,"4426 POINT LOOK OUT RD ORLANDO, 32808","$168,556.39","$317,110.00",Hidden,292205775800490
2026-05-29T03:45:09,CLOSED,2025-CA-004157-O,08/19/2026 11:00 AM ET,"13349 GREENPOINTE DR ORLANDO, 32824","$153,971.34","$130,270.00",Hidden,292425320594010
2026-05-29T03:45:09,CLOSED,2025-CA-007600-O,08/19/2026 11:00 AM ET,"4783 PIEDMONT CT ORLANDO, 32811","$112,749.54","$94,060.00",Hidden,292232182800220
2026-05-29T03:45:09,CLOSED,2024-CA-009540-O,08/31/2026 11:00 AM ET,"9941 GROSVENOR POINTE CIR WINDERMERE, 34786","$1,095,209.39","$3,402,476.00",Hidden,282329408309840
2026-05-29T03:45:09,CLOSED,2025-CA-004940-O,08/31/2026 11:00 AM ET,"8112 POINCIANA BLVD UNIT 1706 ORLANDO, 32821","$338,918.12","$148,400.00",Hidden,282435435601706
2026-05-29T03:45:09,CLOSED,2024-CA-006633-O,09/01/2026 11:00 AM ET,"139 DEEPCOVE RD WINTER GARDEN, 34787","$196,094.53","$242,231.00",Hidden,272226199202110
2026-05-29T03:45:09,CLOSED,2022-CA-002022-O,09/08/2026 11:00 AM ET,"632 LOST GROVE CIR WINTER GARDEN, 34787","$347,446.92","$424,114.00",Hidden,272235323100370
2026-05-29T03:45:09,CLOSED,2019-CA-014309-O,10/06/2026 11:00 AM ET,"2704 CERAM AVE ORLANDO, 32837","$223,193.36","$99,746.00",Hidden,292421683603720
2026-06-01T03:51:36,NEW,2018-CA-007877-O,06/01/2026 11:00 AM ET,"2408 MAYER ST ORLANDO, 32806","$224,462.82","$247,338.00","$105,869.16",Property
2026-06-01T03:51:36,NEW,2023-CA-017798-O,06/02/2026 11:00 AM ET,"3362 AZOLLA ST ORLANDO, 32808","$2,462.22","$282,480.00",Hidden,TIMESHARE
2026-06-01T03:51:36,NEW,2024-CA-010935-O,06/02/2026 11:00 AM ET,"14061 TURNING LEAF DR ORLANDO, 32828","$4,447.07","$271,648.00",Hidden,TIMESHARE
2026-06-01T03:51:36,NEW,2025-CA-004530-O,06/02/2026 11:00 AM ET,"14322 SAPELO BEACH DR ORLANDO, 32827","$451,721.79","$429,000.00","$451,721.79",312432389403400
2026-06-01T03:51:36,NEW,2024-CA-005904-O,06/03/2026 11:00 AM ET,"7921 RIFFLE LN ORLANDO, 32818","$12,238.62","$282,021.00",Hidden,282202755701060
2026-06-01T03:51:36,NEW,2025-CA-004620-O,06/03/2026 11:00 AM ET,"10142 SILMARIEN ST ORLANDO, 32825","$125,714.14","$209,979.00","$125,714.14",312305195000800
2026-06-01T03:51:36,NEW,2025-CA-009197-O,06/03/2026 11:00 AM ET,"2842 MYRTLE OAK LN ZELLWOOD, 32798","$409,455.00","$58,481.00",Hidden,TIMESHARE
2026-06-01T03:51:36,NEW,2023-CC-022155-O,06/04/2026 11:00 AM ET,"6326 ABBEYDALE CT ORLANDO, 32818","$10,098.02","$186,857.00",Hidden,282125813300520
2026-06-01T03:51:36,NEW,2024-CA-006356-O,06/04/2026 11:00 AM ET,"5550 E MICHIGAN ST UNIT 2325 ORLANDO, 32822","$129,481.16","$110,673.00",Hidden,302304734602325
2026-06-01T03:51:36,NEW,2024-CA-009392-O,06/04/2026 11:00 AM ET,"3243 STONEWYCK ST ORLANDO, 32824","$68,680.25","$566,290.00",Hidden,302433495701190
2026-06-01T03:51:36,NEW,2025-CA-000399-O,06/04/2026 11:00 AM ET,"1204 1206 1210 41ST STREET ORLANDO, 32839","$1,668,630.91","$397,883.00",Hidden,Property
2026-06-01T03:51:36,NEW,2025-CA-008520-O,06/04/2026 11:00 AM ET,"3243 STONEWYCK ST ORLANDO, 32824","$230,712.16","$566,290.00","$230,712.16",302433495701190
2026-06-01T03:51:36,NEW,2024-CA-006297-O,06/05/2026 11:00 AM ET,"5800 LACONIA RD ORLANDO, 32808","$162,879.08","$184,573.00",Hidden,282213756813030
2026-06-01T03:51:36,NEW,2025-CA-003914-O,06/08/2026 11:00 AM ET,"5675 CHARLESTON ST UNIT 58 ORLANDO, 32807","$179,740.38","$132,201.00",Hidden,302216780005580
2026-06-01T03:51:36,NEW,2025-CA-010575-O,06/08/2026 11:00 AM ET,"14161 WALCOTT AVE ORLANDO, 32827","$10,105.95","$423,339.00","$10,105.95",302425494502950
2026-06-01T03:51:36,NEW,2024-CA-008746-O,06/09/2026 11:00 AM ET,"7348 SPARKLING LAKE RD ORLANDO, 32819","$96,302.88","$390,276.00",Hidden,282323629400300
2026-06-01T03:51:36,NEW,2024-CA-005953-O,06/10/2026 11:00 AM ET,"4238 WATERMILL AVE ORLANDO, 32817","$223,409.39","$322,498.00",Hidden,312206906600960
2026-06-01T03:51:36,NEW,2024-CA-008417-O,06/10/2026 11:00 AM ET,"3036 CONDEL DR ORLANDO, 32812","$320,131.79","$225,500.00",Hidden,302305162404150
2026-06-01T03:51:36,NEW,2025-CA-002370-O,06/10/2026 11:00 AM ET,"601 RIDGEFIELD AVE OCOEE, 34761","$199,582.08","$79,696.00",Hidden,282216089300200
2026-06-01T03:51:36,NEW,2025-CA-002956-O,06/10/2026 11:00 AM ET,"12236 NORTHOVER LOOP ORLANDO, 32824","$604,830.53","$524,936.00",Hidden,302429763203060
2026-06-01T03:51:36,NEW,2025-CA-002983-O,06/10/2026 11:00 AM ET,"309 BAY ST APOPKA, 32712","$67,611.99","$265,150.00",Hidden,282103545700360
2026-06-01T03:51:36,NEW,2025-CA-003076-O,06/10/2026 11:00 AM ET,"13807 ORANGE CREST DR WINDERMERE, 34786","$941,828.97","$446,540.00",Hidden,272322152701370
2026-06-01T03:51:36,NEW,2025-CA-003544-O,06/11/2026 11:00 AM ET,"225 RONNIE CIR ORLANDO, 32811","$423,783.37","$283,070.00",Hidden,292230923023070
2026-06-01T03:51:36,NEW,2025-CA-011260-O,06/11/2026 11:00 AM ET,"10843 DYLAN LOREN CIR UNIT 4 ORLANDO, 32825","$35,528.66","$706,930.00",Hidden,312228947600040
2026-06-01T03:51:36,NEW,2025-CC-024818-O,06/11/2026 11:00 AM ET,"2055 HAMMOCK MOSS DR ORLANDO, 32820","$7,747.72","$345,266.00",Hidden,322216142702100
2026-06-01T03:51:36,NEW,2024-CC-022302-O,06/15/2026 11:00 AM ET,"540 NICOLE MARIE ST APOPKA, 32712","$9,990.62","$359,060.00",Hidden,282104137200670
2026-06-01T03:51:36,NEW,2025-CC-015680-O,06/15/2026 11:00 AM ET,"1676 CANOE CREEK FALLS DR ORLANDO, 32824","$8,416.86","$141,988.00",Hidden,302429033001300
2026-06-01T03:51:36,NEW,2018-CA-008246-O,06/16/2026 11:00 AM ET,"8710 FOLEY DR ORLANDO, 32825","$214,398.14","$89,849.00",Hidden,302225892500200
2026-06-01T03:51:36,NEW,2023-CA-017151-O,06/16/2026 11:00 AM ET,"600 MADISON AVE ORLANDO, 32805","$343,757.28","$297,130.00",Hidden,292227824405051
2026-06-01T03:51:36,NEW,2023-CC-013712-O,06/16/2026 11:00 AM ET,"11011 SYLVAN POND CIR ORLANDO, 32825","$13,014.66","$121,494.00",Hidden,312221850701010
2026-06-01T03:51:36,NEW,2025-CA-000214-O,06/16/2026 11:00 AM ET,"3611 WESTWOOD RD ORLANDO, 32808","$225,430.72","$123,429.00",Hidden,282212705107140
2026-06-01T03:51:36,NEW,2025-CA-000673-O,06/16/2026 11:00 AM ET,"1348 WHITNEY ISLES DR WINDERMERE, 34786","$10,514.30","$536,957.00",Hidden,TIMESHARE
2026-06-01T03:51:36,NEW,2025-CA-003649-O,06/16/2026 11:00 AM ET,"13203 ASHINGTON POINTE DR ORLANDO, 32824","$10,244.62","$225,722.00",Hidden,TIMESHARE
2026-06-01T03:51:36,NEW,2025-CA-005426-O,06/16/2026 11:00 AM ET,"145 SCOTTSDALE SQ WINTER PARK, 32792","$144,733.21","$96,500.00",Hidden,302210713004145
2026-06-01T03:51:36,NEW,2025-CA-006492-O,06/16/2026 11:00 AM ET,"300 COUNTRY LANDING BLVD APOPKA, 32703","$90,150.78","$151,759.00",Hidden,282108180601110
2026-06-01T03:51:36,NEW,2023-CA-001994-O,06/17/2026 11:00 AM ET,"3815 BROOKMYRA DR ORLANDO, 32837","$347,043.26","$217,061.00",Hidden,292429373000110
2026-06-01T03:51:36,NEW,2023-CA-010984-O,06/17/2026 11:00 AM ET,"9001 WOODBREEZE BLVD WINDERMERE, 34786","$419,489.14","$445,529.00",Hidden,282316805900580
2026-06-01T03:51:36,NEW,2025-CA-009202-O,06/17/2026 11:00 AM ET,"3069 CAYMAN WAY ORLANDO, 32812","$110,290.33","$367,380.00",Hidden,TIMESHARE
2026-06-01T03:51:36,NEW,2025-CA-009800-O,06/17/2026 11:00 AM ET,"5089 ERNST CT UNIT 59 ORLANDO, 32819","$93,028.63","$140,240.00",Hidden,TIMESHARE
2026-06-01T03:51:36,NEW,2025-CC-010916-O,06/17/2026 11:00 AM ET,"3529 SENECA CLUB LOOP UNIT 18- ORLANDO, 32808","$12,901.55","$282,900.00",Hidden,292209923618103
2026-06-01T03:51:36,NEW,2019-CA-008503-O,06/18/2026 11:00 AM ET,"5742 ESSEX ISLE DR ORLANDO, 32829","$400,033.07","$367,420.00",Hidden,302324898000820
2026-06-01T03:51:36,NEW,2020-CA-001965-O,06/18/2026 11:00 AM ET,"3713 MITCHELL RD ORLANDO, 32808","$203,396.02","$195,334.00",Hidden,292207705003030
2026-06-01T03:51:36,NEW,2024-CA-005383-O,06/18/2026 11:00 AM ET,"8112 POINCIANA BLVD UNIT 1404 ORLANDO, 32821","$248,232.00","$148,400.00",Hidden,282435435601404
2026-06-01T03:51:36,NEW,2024-CA-010151-O,06/18/2026 11:00 AM ET,"7808 CLUBHOUSE ESTATES DR ORLANDO, 32819","$566,958.93","$417,530.00",Hidden,282327143400510
2026-06-01T03:51:36,NEW,2025-CA-000473-O,06/19/2026 11:00 AM ET,"8273 WILSON TER ORLANDO, 32819","$1,261,476.80","$869,400.00",Hidden,282315378600190
2026-06-01T03:51:36,NEW,2025-CA-003375-O,06/22/2026 11:00 AM ET,"10070 BRODBECK BLVD ORLANDO, 32832","$466,281.54","$482,430.00",Hidden,312406410401790
2026-06-01T03:51:36,NEW,2025-CA-006502-O,06/22/2026 11:00 AM ET,"820 KENSINGTON DR ORLANDO, 32808","$139,260.92","$136,206.00",Hidden,292221914802090
2026-06-01T03:51:36,NEW,2025-CA-007969-O,06/22/2026 11:00 AM ET,"8007 MEADOWGLEN DR ORLANDO, 32810","$292,752.75","$299,800.00",Hidden,292127714004030
2026-06-01T03:51:36,NEW,2025-CA-010780-O,06/22/2026 11:00 AM ET,"3608 TAM DR ORLANDO, 32808","$324,627.20","$229,321.00",Hidden,292207517412170
2026-06-01T03:51:36,NEW,2020-CA-000551-O,06/23/2026 11:00 AM ET,"314 E GULLEY AVE OAKLAND, 34760","$254,677.03","$154,240.00",Hidden,272221611600140
2026-06-01T03:51:36,NEW,2024-CA-009320-O,06/23/2026 11:00 AM ET,"3058 BRANDYWINE DR ORLANDO, 32806","$363,977.85","$459,824.00",Hidden,302307318300290
2026-06-01T03:51:36,NEW,2025-CA-000244-O,06/23/2026 11:00 AM ET,"364 BRIAR BAY CIR ORLANDO, 32825","$6,607.96","$329,840.00",Hidden,TIMESHARE
2026-06-01T03:51:36,NEW,2016-CA-004877-O,06/24/2026 11:00 AM ET,"12872 LAKE SAWYER LN WINDERMERE, 34786","$1,059,474.58","$661,612.00",Hidden,272324000000019
2026-06-01T03:51:36,NEW,2019-CA-006693-O,06/24/2026 11:00 AM ET,"1148 GRAND HILLTOP DR APOPKA, 32703","$240,485.89","$235,038.00",Hidden,282121363000090
2026-06-01T03:51:36,NEW,2019-CA-013511-O,06/24/2026 11:00 AM ET,"13326 SPROSTON PT ORLANDO, 32832","$922,794.89","$420,316.00",Hidden,312429224204600
2026-06-01T03:51:36,NEW,2024-CA-007987-O,06/24/2026 11:00 AM ET,"7755 SENJILL CT ORLANDO, 32818","$5,832.76","$308,895.00",Hidden,282202755802370
2026-06-01T03:51:36,NEW,2025-CA-002408-O,06/24/2026 11:00 AM ET,"14733 GLADE HILL PARK WAY WINTER GARDEN, 34787","$619,537.79","$725,536.00",Hidden,272404755302900
2026-06-01T03:51:36,NEW,2025-CA-009535-O,06/24/2026 11:00 AM ET,"6120 CENTENNIAL DR ORLANDO, 32808","$469,387.48","$291,848.00",Hidden,282201474300780
2026-06-01T03:51:36,NEW,2024-CA-009114-O,06/25/2026 11:00 AM ET,"2321 HOME AGAIN RD APOPKA, 32712","$297,135.02","$430,560.00",Hidden,282029602901730
2026-06-01T03:51:36,NEW,2025-CA-002889-O,06/25/2026 11:00 AM ET,"10613 ABINGDON CHASE ORLANDO, 32817","$365,771.53","$169,439.00",Hidden,312208884100390
2026-06-01T03:51:36,NEW,2025-CA-007640-O,06/25/2026 11:00 AM ET,"1242 SHELTER ROCK RD ORLANDO, 32835","$323,496.11","$248,735.00",Hidden,282234331300430
2026-06-01T03:51:36,NEW,2025-CC-021189-O,06/25/2026 11:00 AM ET,"3705 CONNOR AVE ORLANDO, 32808","$89,427.25","$132,436.00",Hidden,292207517414120
2026-06-01T03:51:36,NEW,2023-CA-004589-O,06/26/2026 11:00 AM ET,"5627 MASTERS BLVD ORLANDO, 32819","$587,486.99","$560,370.00",Hidden,282321055404260
2026-06-01T03:51:36,NEW,2013-CA-008322-O,06/30/2026 11:00 AM ET,"4843 NORWALK PL ORLANDO, 32808","$245,843.10","$178,514.00",Hidden,292207803204100
2026-06-01T03:51:36,NEW,2022-CA-008094-O,06/30/2026 11:00 AM ET,"217 HORSTFIELD DR WINTER GARDEN, 34787","$9,483.74","$96,309.00",Hidden,272227665600500
2026-06-01T03:51:36,NEW,2023-CA-013917-O,06/30/2026 11:00 AM ET,"2679 BREEZY MEADOW RD APOPKA, 32712","$328,150.34","$189,047.00","$328,150.34",282030023303270
2026-06-01T03:51:36,NEW,2024-CA-005684-O,06/30/2026 11:00 AM ET,"7628 MILANO DR ORLANDO, 32835","$276,528.44","$329,175.00",Hidden,282303893100470
2026-06-01T03:51:36,NEW,2024-CA-005872-O,06/30/2026 11:00 AM ET,"1574 THETFORD CIR ORLANDO, 32824","$15,582.87","$428,790.00",Hidden,TIMESHARE
2026-06-01T03:51:36,NEW,2025-CA-003733-O,06/30/2026 11:00 AM ET,"4177 N ORANGE BLOSSOM TRL UNIT ORLANDO, 32804","$19,332.91","$284,900.00",Hidden,TIMESHARE
2026-06-01T03:51:36,NEW,2024-CA-006502-O,07/01/2026 11:00 AM ET,"143 BRIGADOON PT ORLANDO, 32835","$272,579.73","$132,860.00",Hidden,282226922400560
2026-06-01T03:51:36,NEW,2025-CA-008348-O,07/01/2026 11:00 AM ET,"939 PONDEROSA PINE CT ORLANDO, 32825","$65,443.79","$322,726.00",Hidden,302223861100400
2026-06-01T03:51:36,NEW,2023-CA-016874-O,07/02/2026 11:00 AM ET,"5 N FORSYTH RD ORLANDO, 32807","$280,131.43","$210,310.00",Hidden,302226000000077
2026-06-01T03:51:36,NEW,2024-CA-001229-O,07/07/2026 11:00 AM ET,"6305 STOCKBRIDGE AVE ORLANDO, 32809","$330,306.61","$373,056.00",Hidden,Property
2026-06-01T03:51:36,NEW,2024-CA-007275-O,07/07/2026 11:00 AM ET,"4313 SADDLE CREEK PL ORLANDO, 32829","$236,755.22","$342,420.00",Hidden,302313130000070
2026-06-01T03:51:36,NEW,2024-CA-008033-O,07/07/2026 11:00 AM ET,"1211 FLOWERS POINTE LN ORLANDO, 32825","$238,395.47","$212,316.00",Hidden,312220280200130
2026-06-01T03:51:36,NEW,2024-CC-000225-O,07/07/2026 11:00 AM ET,"1304 E 10TH ST APOPKA, 32703","$29,636.59","$291,330.00",Hidden,282114015100960
2026-06-01T03:51:36,NEW,2024-CC-017097-O,07/07/2026 11:00 AM ET,"6677 CORAL BERRY DR MOUNT DORA, 32757","$5,374.92","$278,094.00",Hidden,272016369101620
2026-06-01T03:51:36,NEW,2024-CC-020739-O,07/07/2026 11:00 AM ET,"1507 ASTORIA ARBOR LN ORLANDO, 32824","$11,799.66","$348,198.00",Hidden,292425008000270
2026-06-01T03:51:36,NEW,2025-CA-000605-O,07/07/2026 11:00 AM ET,"903 DOREEN AVE OCOEE, 34761","$77,189.73","$197,890.00",Hidden,282208676704400
2026-06-01T03:51:36,NEW,2022-CA-008959-O,07/08/2026 11:00 AM ET,"1323 AZALEA WAY WINTER GARDEN, 34787","$214,820.51","$134,859.00",Hidden,272227924122060
2026-06-01T03:51:36,NEW,2024-CA-000164-O,07/08/2026 11:00 AM ET,"202 S ORANGE BLOSSOM TRL ORLANDO, 32805","$1,110,860.91","$1,174,034.00",Hidden,292227000000084
2026-06-01T03:51:36,NEW,2024-CA-000954-O,07/08/2026 11:00 AM ET,"800 NICOLE BLVD OCOEE, 34761","$153,550.33","$157,823.00",Hidden,282208399000020
2026-06-01T03:51:36,NEW,2024-CA-001450-O,07/08/2026 11:00 AM ET,"762 KINGS COVE CT ORLANDO, 32807","$210,436.69","$53,262.00",Hidden,302222419800061
2026-06-01T03:51:36,NEW,2024-CA-003405-O,07/08/2026 11:00 AM ET,"932 CLOYD DAIRY LOOP ORLANDO, 32825","$431,874.97","$304,886.00",Hidden,312232937100610
2026-06-01T03:51:36,NEW,2025-CA-003772-O,07/08/2026 11:00 AM ET,"8536 KESWICK POINTE DR ORLANDO, 32829","$108,654.00","$224,358.00",Hidden,302325897801210
2026-06-01T03:51:36,NEW,2025-CC-012041-O,07/08/2026 11:00 AM ET,"10331 STRATFORD POINTE AVE ORLANDO, 32832","$7,354.98","$217,001.00",Hidden,312417899800410
2026-06-01T03:51:36,NEW,2024-CA-005058-O,07/09/2026 11:00 AM ET,"1536 DEMING DR ORLANDO, 32825","$244,497.94","$344,242.00",Hidden,302236744600800
2026-06-01T03:51:36,NEW,2024-CA-008763-O,07/09/2026 11:00 AM ET,"1603 RIO COVE CT ORLANDO, 32825","$812,008.18","$608,390.00",Hidden,312231742200070
2026-06-01T03:51:36,NEW,2025-CA-012209-O,07/09/2026 11:00 AM ET,"8120 PLUNKETT AVE ORLANDO, 32810","$41,400.03","$183,827.00",Hidden,292127715000160
2026-06-01T03:51:36,NEW,2025-CA-009635-O,07/13/2026 11:00 AM ET,"308 HOPE CIR ORLANDO, 32811","$354,972.70","$238,660.00",Hidden,292230922605040
2026-06-01T03:51:36,NEW,2025-CA-005562-O,07/14/2026 11:00 AM ET,"5522 WESTHAVEN CT ORLANDO, 32810","$298,073.36","$85,039.00",Hidden,282136891200130
2026-06-01T03:51:36,NEW,2025-CA-007301-O,07/14/2026 11:00 AM ET,"29TH ST ORLANDO, 32805","$202,271.43","$80,000.00",Hidden,292303018057181
2026-06-01T03:51:36,NEW,2025-CA-008432-O,07/14/2026 11:00 AM ET,"2334 BABBITT AVE ORLANDO, 32833","$448,674.16","$264,088.00",Hidden,322301760233140
2026-06-01T03:51:36,NEW,2025-CA-009448-O,07/14/2026 11:00 AM ET,"4705 STONY BROOK LN ORLANDO, 32808","$3,224.35","$206,249.00",Hidden,TIMESHARE
2026-06-01T03:51:36,NEW,2025-CA-007841-O,07/15/2026 11:00 AM ET,"1926 PARK MANOR DR ORLANDO, 32817","$376,304.07","$350,453.00",Hidden,312216807902010
2026-06-01T03:51:36,NEW,2025-CA-010632-O,07/15/2026 11:00 AM ET,"1756 PEACHWOOD LN ORLANDO, 32818","$137,308.05","$166,172.00",Hidden,282224059402060
2026-06-01T03:51:36,NEW,2025-CA-003085-O,07/16/2026 11:00 AM ET,"1030 LOCH VAIL UNIT 25 APOPKA, 32712","$151,387.58","$77,990.00",Hidden,282105144916050
2026-06-01T03:51:36,NEW,2025-CA-008275-O,07/16/2026 11:00 AM ET,"5633 PINEY RIDGE DR ORLANDO, 32808","$272,190.10","$183,170.00",Hidden,292218805100480
2026-06-01T03:51:36,NEW,2025-CC-005115-O,07/16/2026 11:00 AM ET,"10514 LINGER LN ORLANDO, 32821","$9,457.31","$259,110.00",Hidden,292407472001360
2026-06-01T03:51:36,NEW,2025-CC-020270-O,07/16/2026 11:00 AM ET,"2670 CARDASSI DR OCOEE, 34761","$4,000.05","$251,794.00",Hidden,282131924904170
2026-06-01T03:51:36,NEW,2023-CC-006558-O,07/20/2026 11:00 AM ET,"4654 COPPOLA DR MOUNT DORA, 32757","$35,681.24","$519,030.00",Hidden,272003843804980
2026-06-01T03:51:36,NEW,2022-CA-007886-O,07/21/2026 11:00 AM ET,"10324 MOSS ROSE WAY ORLANDO, 32832",$0.00,"$153,662.00",Hidden,Property
2026-06-01T03:51:36,NEW,2025-CA-003835-O,07/21/2026 11:00 AM ET,"817 POLK ST ORLANDO, 32805","$261,689.68","$155,301.00",Hidden,292226327900010
2026-06-01T03:51:36,NEW,2016-CA-011209-O,07/23/2026 11:00 AM ET,"744 MALONEY LN ORLANDO, 32825","$383,883.00","$298,931.00",Hidden,312229668600720
2026-06-01T03:51:36,NEW,2025-CC-016191-O,07/23/2026 11:00 AM ET,"4066 FEATHER TREE DR APOPKA, 32712","$7,802.88","$370,900.00",Hidden,272013933501070
2026-06-01T03:51:36,NEW,2025-CA-009823-O,07/27/2026 11:00 AM ET,"713 EGAN DR ORLANDO, 32822","$360,772.32","$313,771.00",Hidden,302227042202300
2026-06-01T03:51:36,NEW,2024-CA-002829-O,07/30/2026 11:00 AM ET,"16944 ARROWHEAD BLVD WINTER GARDEN, 34787","$544,486.18","$348,431.00",Hidden,272431030604370
2026-06-01T03:51:36,NEW,2025-CA-003935-O,07/30/2026 11:00 AM ET,"430 ASHLEY BROOKE CT APOPKA, 32712","$303,364.43","$229,776.00",Hidden,282105646149020
2026-06-01T03:51:36,NEW,2025-CA-009398-O,07/30/2026 11:00 AM ET,"710 MARLOWE AVE ORLANDO, 32809","$225,108.90","$352,780.00",Hidden,292326808709790
2026-06-01T03:51:36,NEW,2024-CA-000674-O,08/04/2026 11:00 AM ET,"4218 CROSSEN DR ORLANDO, 32822","$251,267.57","$175,580.00",Hidden,302313233201780
2026-06-01T03:51:36,NEW,2025-CA-004167-O,08/04/2026 11:00 AM ET,"13062 LAKESHORE GROVE DR WINTER GARDEN, 34787","$100,949.75","$402,306.00",Hidden,272302920000290
2026-06-01T03:51:36,NEW,2025-CA-011303-O,08/11/2026 11:00 AM ET,"14567 WINTER STAY DR WINTER GARDEN, 34787","$375,408.83","$652,146.00",Hidden,272404755302710
2026-06-01T03:51:36,NEW,2026-CA-001108-O,08/11/2026 11:00 AM ET,"1273 FALCONCREST BLVD APOPKA, 32712","$8,889.90","$548,790.00",Hidden,282033710600290
2026-06-01T03:51:36,NEW,2024-CA-007298-O,08/12/2026 11:00 AM ET,"2025 RIBBON FALLS PKWY ORLANDO, 32824","$239,078.08","$400,420.00",Hidden,302429394501830
2026-06-01T03:51:36,NEW,2023-CA-011215-O,08/18/2026 11:00 AM ET,"4426 POINT LOOK OUT RD ORLANDO, 32808","$168,556.39","$317,110.00",Hidden,292205775800490
2026-06-01T03:51:36,NEW,2025-CA-004157-O,08/19/2026 11:00 AM ET,"13349 GREENPOINTE DR ORLANDO, 32824","$153,971.34","$130,270.00",Hidden,292425320594010
2026-06-01T03:51:36,NEW,2025-CA-007600-O,08/19/2026 11:00 AM ET,"4783 PIEDMONT CT ORLANDO, 32811","$112,749.54","$94,060.00",Hidden,292232182800220
2026-06-01T03:51:36,NEW,2024-CA-009540-O,08/31/2026 11:00 AM ET,"9941 GROSVENOR POINTE CIR WINDERMERE, 34786","$1,095,209.39","$3,402,476.00",Hidden,282329408309840
2026-06-01T03:51:36,NEW,2025-CA-004940-O,08/31/2026 11:00 AM ET,"8112 POINCIANA BLVD UNIT 1706 ORLANDO, 32821","$338,918.12","$148,400.00",Hidden,282435435601706
2026-06-01T03:51:36,NEW,2024-CA-006633-O,09/01/2026 11:00 AM ET,"139 DEEPCOVE RD WINTER GARDEN, 34787","$196,094.53","$242,231.00",Hidden,272226199202110
2026-06-01T03:51:36,NEW,2022-CA-002022-O,09/08/2026 11:00 AM ET,"632 LOST GROVE CIR WINTER GARDEN, 34787","$347,446.92","$424,114.00",Hidden,272235323100370
2026-06-01T03:51:36,NEW,2025-CA-008056-O,09/17/2026 11:00 AM ET,"4839 BENNINGTON PL ORLANDO, 32808","$341,194.56","$270,940.00",Hidden,292218759902210
2026-06-01T03:51:36,NEW,2019-CA-014309-O,10/06/2026 11:00 AM ET,"2704 CERAM AVE ORLANDO, 32837","$223,193.36","$99,746.00",Hidden,292421683603720
2026-06-02T03:51:28,NEW,2024-CA-009046-O,07/01/2026 11:00 AM ET,"939 PONDEROSA PINE CT ORLANDO, 32825",$0.00,"$322,726.00",Hidden,Property
2026-06-02T03:51:28,NEW,2024-CA-008035-O,07/21/2026 11:00 AM ET,"10324 MOSS ROSE WAY ORLANDO, 32832","$209,217.37","$153,662.00",Hidden,312408482501060
2026-06-02T03:51:28,CLOSED,2018-CA-007877-O,06/01/2026 11:00 AM ET,"2408 MAYER ST ORLANDO, 32806","$224,462.82","$247,338.00","$105,869.16",Property
2026-06-02T03:51:28,CLOSED,2025-CA-008520-O,06/04/2026 11:00 AM ET,"3243 STONEWYCK ST ORLANDO, 32824","$230,712.16","$566,290.00","$230,712.16",302433495701190
2026-06-02T03:51:28,CLOSED,2025-CA-008348-O,07/01/2026 11:00 AM ET,"939 PONDEROSA PINE CT ORLANDO, 32825","$65,443.79","$322,726.00",Hidden,302223861100400
2026-06-02T03:51:28,CLOSED,2024-CA-008763-O,07/09/2026 11:00 AM ET,"1603 RIO COVE CT ORLANDO, 32825","$812,008.18","$608,390.00",Hidden,312231742200070
2026-06-03T03:51:19,NEW,2025-CA-008348-O,07/01/2026 11:00 AM ET,"939 PONDEROSA PINE CT ORLANDO, 32825","$65,443.79","$322,726.00",Hidden,302223861100400
2026-06-03T03:51:19,NEW,2022-CA-000971-O,07/02/2026 11:00 AM ET,"19330 OSBORNE ST ORLANDO, 32833","$527,853.46","$238,288.00",Hidden,322310118425030
2026-06-03T03:51:19,NEW,2025-CA-004630-O,07/07/2026 11:00 AM ET,"1825 HUGGINS DR APOPKA, 32703","$38,075.61","$186,270.00",Hidden,282113000000031
2026-06-03T03:51:19,NEW,2025-CA-010215-O,07/08/2026 11:00 AM ET,"10331 STRATFORD POINTE AVE ORLANDO, 32832",$0.00,"$217,001.00",Hidden,Property
2026-06-03T03:51:19,NEW,2024-CA-008763-O,07/09/2026 11:00 AM ET,"1603 RIO COVE CT ORLANDO, 32825","$812,008.18","$608,390.00",Hidden,312231742200070
2026-06-03T03:51:19,NEW,2023-CA-012330-O,07/14/2026 11:00 AM ET,"2032 CANOPY CIR UNIT 148 ZELLWOOD, 32798",$0.00,"$173,120.00",Hidden,Property
2026-06-03T03:51:19,NEW,2025-CA-009846-O,07/15/2026 11:00 AM ET,"1756 PEACHWOOD LN ORLANDO, 32818",$0.00,"$166,172.00",Hidden,Property
2026-06-03T03:51:19,NEW,2018-CA-005130-O,08/18/2026 11:00 AM ET,"4426 POINT LOOK OUT RD ORLANDO, 32808",$0.00,"$317,110.00",Hidden,Property
2026-06-03T03:51:19,CLOSED,2023-CA-017798-O,06/02/2026 11:00 AM ET,"3362 AZOLLA ST ORLANDO, 32808","$2,462.22","$282,480.00","$247,800.00",TIMESHARE
2026-06-03T03:51:19,CLOSED,2024-CA-010935-O,06/02/2026 11:00 AM ET,"14061 TURNING LEAF DR ORLANDO, 32828","$4,447.07","$271,648.00",Hidden,TIMESHARE
2026-06-03T03:51:19,CLOSED,2025-CA-004530-O,06/02/2026 11:00 AM ET,"14322 SAPELO BEACH DR ORLANDO, 32827","$451,721.79","$429,000.00","$451,721.79",312432389403400
2026-06-03T03:51:19,CLOSED,2025-CA-004620-O,06/03/2026 11:00 AM ET,"10142 SILMARIEN ST ORLANDO, 32825","$125,714.14","$209,979.00","$125,714.14",312305195000800
2026-06-03T03:51:19,CLOSED,2025-CC-012041-O,07/08/2026 11:00 AM ET,"10331 STRATFORD POINTE AVE ORLANDO, 32832","$7,354.98","$217,001.00",Hidden,312417899800410
2026-06-03T03:51:19,CLOSED,2025-CA-010632-O,07/15/2026 11:00 AM ET,"1756 PEACHWOOD LN ORLANDO, 32818","$137,308.05","$166,172.00",Hidden,282224059402060
2026-06-03T03:51:19,CLOSED,2025-CA-011303-O,08/11/2026 11:00 AM ET,"14567 WINTER STAY DR WINTER GARDEN, 34787","$375,408.83","$652,146.00",Hidden,272404755302710
2026-06-03T03:51:19,CLOSED,2023-CA-011215-O,08/18/2026 11:00 AM ET,"4426 POINT LOOK OUT RD ORLANDO, 32808","$168,556.39","$317,110.00",Hidden,292205775800490
2026-06-05T03:51:20,NEW,2024-CA-000099-O,07/02/2026 11:00 AM ET,"17201 E COLONIAL DR ORLANDO, 32820","$1,900,000.00","$1,671,624.00",Hidden,322221000000065
2026-06-05T03:51:20,NEW,2025-CA-010892-O,07/06/2026 11:00 AM ET,"5301 WREN ST ORLANDO, 32807","$219,571.70","$255,160.00",Hidden,302228949200060
2026-06-05T03:51:20,NEW,2020-CA-002362-O,07/07/2026 11:00 AM ET,"1311 WOODMAN WAY ORLANDO, 32818","$176,060.00","$86,202.00",Hidden,282222323300020
2026-06-05T03:51:20,NEW,2024-CC-022231-O,07/14/2026 11:00 AM ET,"2032 CANOPY CIR UNIT 148 ZELLWOOD, 32798","$15,787.43","$173,120.00",Hidden,272025982500148
2026-06-05T03:51:20,NEW,2025-CA-008794-O,07/14/2026 11:00 AM ET,"4705 STONY BROOK LN ORLANDO, 32808","$3,449.66","$206,249.00",Hidden,TIMESHARE
2026-06-05T03:51:20,NEW,2023-CA-000320-O,07/15/2026 11:00 AM ET,"1330 JEFF DR APOPKA, 32712","$73,141.16","$108,023.00",Hidden,282102000000059
2026-06-05T03:51:20,NEW,2025-CA-008648-O,07/21/2026 11:00 AM ET,"4788 PIEDMONT CT ORLANDO, 32811","$3,852.10","$167,050.00",Hidden,TIMESHARE
2026-06-05T03:51:20,NEW,2025-CA-009799-O,07/22/2026 11:00 AM ET,"15232 STONEBRIAR WAY ORLANDO, 32826","$84,607.18","$458,812.00",Hidden,TIMESHARE
2026-06-05T03:51:20,NEW,2023-CA-011849-O,07/23/2026 11:00 AM ET,"4066 FEATHER TREE DR APOPKA, 32712",$0.00,"$370,900.00",Hidden,Property
2026-06-05T03:51:20,NEW,2025-CA-001657-O,07/31/2026 11:00 AM ET,"10215 LAXTON ST ORLANDO, 32824","$386,371.21","$428,100.00",Hidden,292413917904350
2026-06-05T03:51:20,NEW,2025-CA-008467-O,07/31/2026 11:00 AM ET,"262 PLEASANT GARDENS DR APOPKA, 32703","$103,220.75","$247,338.00",Hidden,282112712400080
2026-06-05T03:51:20,NEW,2025-CA-002073-O,08/04/2026 11:00 AM ET,"3582 COWDEN CT OCOEE, 34761","$5,492.91","$426,800.00",Hidden,282133421601050
2026-06-05T03:51:20,NEW,2025-CA-011456-O,08/04/2026 11:00 AM ET,"435 SAND LIME RD WINTER GARDEN, 34787","$113,695.47","$46,095.00",Hidden,272227889000090
2026-06-05T03:51:20,NEW,2017-CA-011196-O,08/11/2026 11:00 AM ET,"11701 WATERSTONE LOOP DR WINDERMERE, 34786","$878,006.50","$1,530,676.00",Hidden,272324900900720
2026-06-05T03:51:20,NEW,2025-CA-011303-O,08/11/2026 11:00 AM ET,"14567 WINTER STAY DR WINTER GARDEN, 34787","$375,408.83","$652,146.00",Hidden,272404755302710
2026-06-05T03:51:20,CLOSED,2024-CA-005904-O,06/03/2026 11:00 AM ET,"7921 RIFFLE LN ORLANDO, 32818","$12,238.62","$282,021.00",Hidden,282202755701060
2026-06-05T03:51:20,CLOSED,2025-CA-009197-O,06/03/2026 11:00 AM ET,"2842 MYRTLE OAK LN ZELLWOOD, 32798","$409,455.00","$58,481.00","$19,605.66",TIMESHARE
2026-06-05T03:51:20,CLOSED,2023-CC-022155-O,06/04/2026 11:00 AM ET,"6326 ABBEYDALE CT ORLANDO, 32818","$10,098.02","$186,857.00",Hidden,282125813300520
2026-06-05T03:51:20,CLOSED,2025-CA-000399-O,06/04/2026 11:00 AM ET,"1204 1206 1210 41ST STREET ORLANDO, 32839","$1,668,630.91","$566,290.00","$230,712.16",Property
2026-06-05T03:51:20,CLOSED,2024-CA-008746-O,06/09/2026 11:00 AM ET,"7348 SPARKLING LAKE RD ORLANDO, 32819","$96,302.88","$390,276.00",Hidden,282323629400300
2026-06-05T03:51:20,CLOSED,2025-CA-009448-O,07/14/2026 11:00 AM ET,"4705 STONY BROOK LN ORLANDO, 32808","$3,224.35","$206,249.00",Hidden,TIMESHARE
2026-06-05T03:51:20,CLOSED,2025-CC-016191-O,07/23/2026 11:00 AM ET,"4066 FEATHER TREE DR APOPKA, 32712","$7,802.88","$370,900.00",Hidden,272013933501070
2026-06-08T03:51:28,NEW,2025-CA-005902-O,07/15/2026 11:00 AM ET,"822 CROOKED CREEK DR OCOEE, 34761","$373,425.89","$330,680.00",Hidden,282220799700260
2026-06-08T03:51:28,NEW,2025-CC-016191-O,07/23/2026 11:00 AM ET,"4066 FEATHER TREE DR APOPKA, 32712","$7,802.88","$370,900.00",Hidden,272013933501070
2026-06-08T03:51:28,NEW,2025-CA-010162-O,08/04/2026 11:00 AM ET,"435 SAND LIME RD WINTER GARDEN, 34787",$0.00,"$46,095.00",Hidden,Property
2026-06-08T03:51:28,NEW,2026-CA-000949-O,08/05/2026 11:00 AM ET,"3630 RODRICK CIR ORLANDO, 32824","$29,921.23","$274,385.00",Hidden,302432963008044
2026-06-08T03:51:28,NEW,2023-CA-011215-O,08/18/2026 11:00 AM ET,"4426 POINT LOOK OUT RD ORLANDO, 32808","$168,556.39","$317,110.00",Hidden,292205775800490
2026-06-08T03:51:28,NEW,2021-CA-010776-O,09/04/2026 11:00 AM ET,"7212 BALBOA DR UNIT 7212 ORLANDO, 32818","$221,627.36","$109,500.00",Hidden,282223495207212
2026-06-08T03:51:28,CLOSED,2025-CA-010575-O,06/08/2026 11:00 AM ET,"14161 WALCOTT AVE ORLANDO, 32827","$10,105.95","$423,339.00","$10,105.95",302425494502950
2026-06-08T03:51:28,CLOSED,2025-CA-002983-O,06/10/2026 11:00 AM ET,"309 BAY ST APOPKA, 32712","$67,611.99","$265,150.00",Hidden,282103545700360
2026-06-08T03:51:28,CLOSED,2025-CA-011456-O,08/04/2026 11:00 AM ET,"435 SAND LIME RD WINTER GARDEN, 34787","$113,695.47","$46,095.00",Hidden,272227889000090
2026-06-09T03:51:35,NEW,2025-CA-007518-O,06/10/2026 11:00 AM ET,"2600 SEDGE GRASS WAY ORLANDO, 32824","$8,270.46","$347,140.00","$24,495.89",TIMESHARE
2026-06-09T03:51:35,NEW,2023-CA-012342-O,07/01/2026 11:00 AM ET,"820 W ROBINSON ST ORLANDO, 32805","$95,386.54","$104,430.00",Hidden,292226330400050
2026-06-09T03:51:35,NEW,2024-CA-000953-O,07/15/2026 11:00 AM ET,"822 CROOKED CREEK DR OCOEE, 34761",$0.00,"$330,680.00",Hidden,Property
2026-06-09T03:51:35,NEW,2025-CA-003624-O,07/21/2026 11:00 AM ET,"1348 WHITNEY ISLES DR WINDERMERE, 34786","$466,898.49","$536,957.00",Hidden,282231926000050
2026-06-09T03:51:35,NEW,2024-CA-001256-O,07/27/2026 11:00 AM ET,"6418 S GOLDENROD RD UNIT 9C ORLANDO, 32822","$209,082.82","$282,704.00",Hidden,302323120509030
2026-06-09T03:51:35,NEW,2024-CA-009371-O,07/28/2026 11:00 AM ET,"6529 ALADDIN DR ORLANDO, 32818","$3,344.66","$279,290.00",Hidden,TIMESHARE
2026-06-09T03:51:35,NEW,2025-CA-005967-O,07/29/2026 11:00 AM ET,"6614 S GOLDENROD RD UNIT 105B ORLANDO, 32822","$245,809.40","$97,198.00",Hidden,302323120510502
2026-06-09T03:51:35,NEW,2024-CA-003621-O,08/04/2026 11:00 AM ET,"3425 SEAGRAPE DR WINTER PARK, 32792","$178,358.52","$87,710.00",Hidden,302203227402050
2026-06-09T03:51:35,NEW,2025-CA-010214-O,08/05/2026 11:00 AM ET,"3630 RODRICK CIR ORLANDO, 32824",$0.00,"$274,385.00",Hidden,Property
2026-06-09T03:51:35,NEW,2025-CA-009468-O,08/13/2026 11:00 AM ET,"4205 SOLOMON DR ORLANDO, 32811","$191,507.26","$37,695.00",Hidden,292305739807260
2026-06-09T03:51:35,NEW,2025-CA-010939-O,08/18/2026 11:00 AM ET,"1835 ALBERT LEE PKWY WINTER PARK, 32789","$215,945.07","$326,020.00",Hidden,292201005600031
2026-06-09T03:51:35,CLOSED,2025-CA-003914-O,06/08/2026 11:00 AM ET,"5675 CHARLESTON ST UNIT 58 ORLANDO, 32807","$179,740.38","$132,201.00",Hidden,302216780005580
2026-06-09T03:51:35,CLOSED,2025-CA-003649-O,06/16/2026 11:00 AM ET,"13203 ASHINGTON POINTE DR ORLANDO, 32824","$10,244.62","$225,722.00",Hidden,TIMESHARE
2026-06-09T03:51:35,CLOSED,2024-CA-000954-O,07/08/2026 11:00 AM ET,"800 NICOLE BLVD OCOEE, 34761","$153,550.33","$157,823.00",Hidden,282208399000020
2026-06-09T03:51:35,CLOSED,2025-CA-005902-O,07/15/2026 11:00 AM ET,"822 CROOKED CREEK DR OCOEE, 34761","$373,425.89","$330,680.00",Hidden,282220799700260
2026-06-09T03:51:35,CLOSED,2026-CA-000949-O,08/05/2026 11:00 AM ET,"3630 RODRICK CIR ORLANDO, 32824","$29,921.23","$274,385.00",Hidden,302432963008044
2026-06-10T03:51:37,NEW,2025-CA-009449-O,06/10/2026 11:00 AM ET,"113 W WALLACE ST ORLANDO, 32809","$143,963.97","$135,921.00","$145,357.94",292323122500020
2026-06-10T03:51:37,NEW,2025-CC-004025-O,06/10/2026 11:00 AM ET,"12043 WHITE WAVE PT ORLANDO, 32828","$9,143.67","$258,315.00",Hidden,312225873501210
2026-06-10T03:51:37,NEW,2025-CA-009097-O,06/30/2026 11:00 AM ET,"3126 KELVINGTON DR ORLANDO, 32810","$304,541.96","$218,062.00",Hidden,292133748800140
2026-06-10T03:51:37,NEW,2024-CA-009922-O,07/01/2026 11:00 AM ET,"1557 DEMING DR ORLANDO, 32825","$224,165.03","$402,060.00",Hidden,302236744600330
2026-06-10T03:51:37,NEW,2024-CA-000766-O,07/08/2026 11:00 AM ET,"800 NICOLE BLVD OCOEE, 34761","$33,260.56","$157,823.00",Hidden,TIMESHARE
2026-06-10T03:51:37,NEW,2025-CA-009593-O,07/09/2026 11:00 AM ET,"8120 PLUNKETT AVE ORLANDO, 32810",$0.00,"$183,827.00",Hidden,Property
2026-06-10T03:51:37,NEW,2025-CA-005902-O,07/15/2026 11:00 AM ET,"822 CROOKED CREEK DR OCOEE, 34761","$373,425.89","$330,680.00",Hidden,282220799700260
2026-06-10T03:51:37,NEW,2025-CA-000355-O,07/16/2026 11:00 AM ET,"8514 PALM HARBOUR DR KISSIMMEE, 34747","$2,086,132.82","$77,990.00",Hidden,Property
2026-06-10T03:51:37,NEW,2025-CA-009271-O,07/16/2026 11:00 AM ET,"10514 LINGER LN ORLANDO, 32821","$15,451.62","$259,110.00",Hidden,TIMESHARE
2026-06-10T03:51:37,NEW,2024-CA-000037-O,07/28/2026 11:00 AM ET,"6529 ALADDIN DR ORLANDO, 32818","$9,154.99","$279,290.00",Hidden,TIMESHARE
2026-06-10T03:51:37,CLOSED,2024-CA-008417-O,06/10/2026 11:00 AM ET,"3036 CONDEL DR ORLANDO, 32812","$320,131.79","$225,500.00",Hidden,302305162404150
2026-06-10T03:51:37,CLOSED,2025-CC-024818-O,06/11/2026 11:00 AM ET,"2055 HAMMOCK MOSS DR ORLANDO, 32820","$7,747.72","$345,266.00",Hidden,322216142702100
2026-06-10T03:51:37,CLOSED,2016-CA-004877-O,06/24/2026 11:00 AM ET,"12872 LAKE SAWYER LN WINDERMERE, 34786","$1,059,474.58","$661,612.00",Hidden,272324000000019
2026-06-10T03:51:37,CLOSED,2022-CA-008094-O,06/30/2026 11:00 AM ET,"217 HORSTFIELD DR WINTER GARDEN, 34787","$9,483.74","$96,309.00",Hidden,272227665600500
2026-06-10T03:51:37,CLOSED,2024-CA-003405-O,07/08/2026 11:00 AM ET,"932 CLOYD DAIRY LOOP ORLANDO, 32825","$431,874.97","$304,886.00",Hidden,312232937100610
2026-06-10T03:51:37,CLOSED,2025-CA-003772-O,07/08/2026 11:00 AM ET,"8536 KESWICK POINTE DR ORLANDO, 32829","$108,654.00","$224,358.00",Hidden,302325897801210
2026-06-10T03:51:37,CLOSED,2025-CA-010215-O,07/08/2026 11:00 AM ET,"10331 STRATFORD POINTE AVE ORLANDO, 32832","$30,502.72","$217,001.00",Hidden,TIMESHARE
2026-06-10T03:51:37,CLOSED,2025-CA-012209-O,07/09/2026 11:00 AM ET,"8120 PLUNKETT AVE ORLANDO, 32810","$41,400.03","$183,827.00",Hidden,292127715000160
2026-06-10T03:51:37,CLOSED,2025-CA-008794-O,07/14/2026 11:00 AM ET,"4705 STONY BROOK LN ORLANDO, 32808","$3,449.66","$206,249.00",Hidden,TIMESHARE
2026-06-10T03:51:37,CLOSED,2025-CA-003085-O,07/16/2026 11:00 AM ET,"1030 LOCH VAIL UNIT 25 APOPKA, 32712","$151,387.58","$77,990.00",Hidden,282105144916050
2026-06-10T03:51:37,CLOSED,2025-CC-005115-O,07/16/2026 11:00 AM ET,"10514 LINGER LN ORLANDO, 32821","$9,457.31","$259,110.00",Hidden,292407472001360
2026-06-10T03:51:37,CLOSED,2024-CA-009371-O,07/28/2026 11:00 AM ET,"6529 ALADDIN DR ORLANDO, 32818","$3,344.66","$279,290.00",Hidden,TIMESHARE
2026-06-11T03:51:51,NEW,2025-CA-012209-O,07/09/2026 11:00 AM ET,"8120 PLUNKETT AVE ORLANDO, 32810","$41,400.03","$183,827.00",Hidden,292127715000160
2026-06-11T03:51:51,NEW,2025-CA-006710-O,07/29/2026 11:00 AM ET,"4177 N ORANGE BLOSSOM TRL UNIT ORLANDO, 32804","$322,816.80","$284,900.00",Hidden,292210261301208
2026-06-11T03:51:51,NEW,2025-CA-008764-O,08/05/2026 11:00 AM ET,"3630 RODRICK CIR ORLANDO, 32824","$81,028.35","$274,385.00",Hidden,TIMESHARE
2026-06-11T03:51:51,NEW,2024-CA-011468-O,08/11/2026 11:00 AM ET,"5443 LOCHDALE DR ORLANDO, 32818","$5,908.29","$120,504.00",Hidden,282135756205690
2026-06-11T03:51:51,NEW,2025-CA-008399-O,08/11/2026 11:00 AM ET,"7315 GLASGOW AVE ORLANDO, 32819","$177,740.20","$316,900.00",Hidden,282314465600120
2026-06-11T03:51:51,NEW,2021-CA-000100-O,08/25/2026 11:00 AM ET,"1310 AGUACATE CT ORLANDO, 32837","$1,104,572.17","$256,055.00",Hidden,292427822800130
2026-06-11T03:51:51,NEW,2023-CA-014094-O,09/02/2026 11:00 AM ET,"231 LIONEL AVE ORLANDO, 32805","$351,965.10","$213,620.00",Hidden,292228960403050
2026-06-11T03:51:51,NEW,2016-CA-004877-O,10/13/2026 11:00 AM ET,"12872 LAKE SAWYER LN WINDERMERE, 34786","$1,059,474.58","$661,612.00",Hidden,272324000000019
2026-06-11T03:51:51,CLOSED,2025-CA-002370-O,06/10/2026 11:00 AM ET,"601 RIDGEFIELD AVE OCOEE, 34761","$199,582.08","$79,696.00",Hidden,282216089300200
2026-06-11T03:51:51,CLOSED,2025-CA-002956-O,06/10/2026 11:00 AM ET,"12236 NORTHOVER LOOP ORLANDO, 32824","$604,830.53","$524,936.00","$498,000.00",302429763203060
2026-06-11T03:51:51,CLOSED,2025-CA-003076-O,06/10/2026 11:00 AM ET,"13807 ORANGE CREST DR WINDERMERE, 34786","$941,828.97","$446,540.00",Hidden,272322152701370
2026-06-11T03:51:51,CLOSED,2025-CA-007518-O,06/10/2026 11:00 AM ET,"2600 SEDGE GRASS WAY ORLANDO, 32824","$8,334.86","$347,140.00","$24,495.89",TIMESHARE
2026-06-11T03:51:51,CLOSED,2025-CA-009449-O,06/10/2026 11:00 AM ET,"113 W WALLACE ST ORLANDO, 32809","$143,963.97","$135,921.00","$145,357.94",292323122500020
2026-06-11T03:51:51,CLOSED,2025-CC-004025-O,06/10/2026 11:00 AM ET,"12043 WHITE WAVE PT ORLANDO, 32828","$9,143.67","$258,315.00",Hidden,312225873501210
2026-06-11T03:51:51,CLOSED,2025-CA-011260-O,06/11/2026 11:00 AM ET,"10843 DYLAN LOREN CIR UNIT 4 ORLANDO, 32825","$35,528.66","$706,930.00",Hidden,312228947600040
2026-06-11T03:51:51,CLOSED,2025-CA-009846-O,07/15/2026 11:00 AM ET,"1756 PEACHWOOD LN ORLANDO, 32818","$16,428.67","$166,172.00",Hidden,TIMESHARE
2026-06-11T03:51:51,CLOSED,2025-CA-010214-O,08/05/2026 11:00 AM ET,"3630 RODRICK CIR ORLANDO, 32824","$38,826.93","$274,385.00",Hidden,TIMESHARE
2026-06-12T03:51:59,NEW,2024-CA-008963-O,07/21/2026 11:00 AM ET,"13905 FAIRWAY ISLAND DR UNIT 1 ORLANDO, 32837","$60,898.29","$168,771.00",Hidden,292427011701028
2026-06-12T03:51:59,NEW,2025-CA-001448-O,07/31/2026 11:00 AM ET,"10215 LAXTON ST ORLANDO, 32824",$0.00,"$428,100.00",Hidden,Property
2026-06-12T03:51:59,NEW,2025-CA-003080-O,08/03/2026 11:00 AM ET,"1225 LAKE SHADOW CIR UNIT 1410 MAITLAND, 32751","$157,276.44","$176,925.00",Hidden,292127892514102
2026-06-12T03:51:59,NEW,2025-CA-008955-O,08/11/2026 11:00 AM ET,"9417 TROUT LAKE RD ORLANDO, 32818","$508,909.96","$417,448.00",Hidden,282133876801050
2026-06-12T03:51:59,NEW,2025-CC-022885-O,08/27/2026 11:00 AM ET,"1545 BUCKEYE FALLS WAY ORLANDO, 32824","$5,674.25","$289,795.00",Hidden,302429033001820
2026-06-12T03:51:59,NEW,2025-CA-000078-O,09/23/2026 11:00 AM ET,"513 E LAKESHORE DR OCOEE, 34761","$970,716.76","$822,030.00",Hidden,282220473700190
2026-06-12T03:51:59,CLOSED,2025-CA-003544-O,06/11/2026 11:00 AM ET,"225 RONNIE CIR ORLANDO, 32811","$423,783.37","$283,070.00",Hidden,292230923023070
2026-06-12T03:51:59,CLOSED,2025-CC-015680-O,06/15/2026 11:00 AM ET,"1676 CANOE CREEK FALLS DR ORLANDO, 32824","$8,416.86","$141,988.00",Hidden,302429033001300
2026-06-12T03:51:59,CLOSED,2025-CA-001657-O,07/31/2026 11:00 AM ET,"10215 LAXTON ST ORLANDO, 32824","$386,371.21","$428,100.00",Hidden,292413917904350
2026-06-12T03:51:59,CLOSED,2024-CA-009392-O,08/11/2026 11:00 AM ET,"3243 STONEWYCK ST ORLANDO, 32824","$68,680.25","$566,290.00",Hidden,302433495701190
2026-06-15T03:52:06,NEW,2024-CA-007783-O,07/09/2026 11:00 AM ET,"2115 FIESTA CT ORLANDO, 32811","$242,536.40","$227,350.00",Hidden,292305740800830
2026-06-15T03:52:06,NEW,2025-CA-000045-O,07/21/2026 11:00 AM ET,"2731 PLUMBERRY AVE OCOEE, 34761","$12,023.74","$484,007.00",Hidden,282204627600180
2026-06-15T03:52:06,NEW,2024-CA-005464-O,07/30/2026 11:00 AM ET,"5550 E MICHIGAN ST UNIT 2325 ORLANDO, 32822",$0.00,"$110,673.00",Hidden,Property
2026-06-15T03:52:06,NEW,2024-CA-007937-O,08/18/2026 11:00 AM ET,"1835 ALBERT LEE PKWY WINTER PARK, 32789",$0.00,"$326,020.00",Hidden,Property
2026-06-15T03:52:06,CLOSED,2024-CA-006356-O,07/30/2026 11:00 AM ET,"5550 E MICHIGAN ST UNIT 2325 ORLANDO, 32822","$129,481.16","$110,673.00",Hidden,302304734602325
2026-06-15T03:52:06,CLOSED,2025-CA-010939-O,08/18/2026 11:00 AM ET,"1835 ALBERT LEE PKWY WINTER PARK, 32789","$215,945.07","$326,020.00",Hidden,292201005600031
2026-06-16T03:51:58,NEW,2024-CA-003023-O,07/29/2026 11:00 AM ET,"6614 S GOLDENROD RD UNIT 105B ORLANDO, 32822",$0.00,"$97,198.00",Hidden,Property
2026-06-16T03:51:58,NEW,2024-CA-006356-O,07/30/2026 11:00 AM ET,"5550 E MICHIGAN ST UNIT 2325 ORLANDO, 32822","$129,481.16","$110,673.00",Hidden,302304734602325
2026-06-16T03:51:58,NEW,2025-CA-006244-O,08/04/2026 11:00 AM ET,"435 SAND LIME RD WINTER GARDEN, 34787",$0.00,"$46,095.00",Hidden,Property
2026-06-16T03:51:58,NEW,2025-CA-009426-O,08/11/2026 11:00 AM ET,"14567 WINTER STAY DR WINTER GARDEN, 34787",$0.00,"$652,146.00",Hidden,Property
2026-06-16T03:51:58,CLOSED,2024-CC-022302-O,06/15/2026 11:00 AM ET,"540 NICOLE MARIE ST APOPKA, 32712","$9,990.62","$359,060.00",Hidden,282104137200670
2026-06-16T03:51:58,CLOSED,2018-CA-008246-O,06/16/2026 11:00 AM ET,"8710 FOLEY DR ORLANDO, 32825","$214,398.14","$89,849.00",Hidden,302225892500200
2026-06-16T03:51:58,CLOSED,2025-CA-005426-O,06/16/2026 11:00 AM ET,"145 SCOTTSDALE SQ WINTER PARK, 32792","$144,733.21","$96,500.00",Hidden,302210713004145
2026-06-16T03:51:58,CLOSED,2023-CA-010984-O,06/17/2026 11:00 AM ET,"9001 WOODBREEZE BLVD WINDERMERE, 34786","$419,489.14","$445,529.00",Hidden,282316805900580
2026-06-16T03:51:58,CLOSED,2025-CC-010916-O,06/17/2026 11:00 AM ET,"3529 SENECA CLUB LOOP UNIT 18- ORLANDO, 32808","$12,901.55","$282,900.00",Hidden,292209923618103
2026-06-16T03:51:58,CLOSED,2025-CA-009799-O,07/22/2026 11:00 AM ET,"15232 STONEBRIAR WAY ORLANDO, 32826","$84,607.18","$458,812.00",Hidden,TIMESHARE
2026-06-16T03:51:58,CLOSED,2025-CA-005967-O,07/29/2026 11:00 AM ET,"6614 S GOLDENROD RD UNIT 105B ORLANDO, 32822","$245,809.40","$97,198.00",Hidden,302323120510502
2026-06-16T03:51:58,CLOSED,2025-CA-010162-O,08/04/2026 11:00 AM ET,"435 SAND LIME RD WINTER GARDEN, 34787","$3,534.99","$46,095.00",Hidden,TIMESHARE
2026-06-16T03:51:58,CLOSED,2025-CA-011303-O,08/11/2026 11:00 AM ET,"14567 WINTER STAY DR WINTER GARDEN, 34787","$375,408.83","$652,146.00",Hidden,272404755302710
2026-06-17T03:51:50,NEW,2025-CA-009799-O,07/22/2026 11:00 AM ET,"15232 STONEBRIAR WAY ORLANDO, 32826","$84,607.18","$458,812.00",Hidden,TIMESHARE
2026-06-17T03:51:50,NEW,2025-CA-000648-O,07/31/2026 11:00 AM ET,"4519 TOWER PINE RD ORLANDO, 32839",$0.00,"$68,934.00",Hidden,Property
2026-06-17T03:51:50,NEW,2025-CA-001657-O,07/31/2026 11:00 AM ET,"10215 LAXTON ST ORLANDO, 32824","$386,371.21","$428,100.00",Hidden,292413917904350
2026-06-17T03:51:50,NEW,2025-CA-008753-O,08/04/2026 11:00 AM ET,"435 SAND LIME RD WINTER GARDEN, 34787","$3,370.64","$46,095.00",Hidden,TIMESHARE
2026-06-17T03:51:50,NEW,2025-CA-008794-O,08/11/2026 11:00 AM ET,"9417 TROUT LAKE RD ORLANDO, 32818","$3,603.43","$417,448.00",Hidden,TIMESHARE
2026-06-17T03:51:50,NEW,2025-CA-011243-O,08/12/2026 11:00 AM ET,"7720 RAVENNA AVE ORLANDO, 32819","$309,745.09","$234,900.00",Hidden,292330855206280
2026-06-17T03:51:50,NEW,2023-CA-010984-O,08/19/2026 11:00 AM ET,"9001 WOODBREEZE BLVD WINDERMERE, 34786","$419,489.14","$445,529.00",Hidden,282316805900580
2026-06-17T03:51:50,CLOSED,2023-CA-017151-O,06/16/2026 11:00 AM ET,"600 MADISON AVE ORLANDO, 32805","$343,757.28","$297,130.00","$152,000.00",292227824405051
2026-06-17T03:51:50,CLOSED,2023-CC-013712-O,06/16/2026 11:00 AM ET,"11011 SYLVAN POND CIR ORLANDO, 32825","$13,014.66","$121,494.00",Hidden,312221850701010
2026-06-17T03:51:50,CLOSED,2025-CA-000214-O,06/16/2026 11:00 AM ET,"3611 WESTWOOD RD ORLANDO, 32808","$225,430.72","$123,429.00","$229,706.22",282212705107140
2026-06-17T03:51:50,CLOSED,2025-CA-000673-O,06/16/2026 11:00 AM ET,"145 SCOTTSDALE SQ WINTER PARK, 32792","$10,514.30","$96,500.00",Hidden,TIMESHARE
2026-06-17T03:51:50,CLOSED,2025-CA-009800-O,06/17/2026 11:00 AM ET,"3529 SENECA CLUB LOOP UNIT 18- ORLANDO, 32808","$93,028.63","$282,900.00",Hidden,TIMESHARE
2026-06-17T03:51:50,CLOSED,2025-CA-001448-O,07/31/2026 11:00 AM ET,"10215 LAXTON ST ORLANDO, 32824",$0.00,"$428,100.00",Hidden,Property
2026-06-17T03:51:50,CLOSED,2025-CA-008955-O,08/11/2026 11:00 AM ET,"9417 TROUT LAKE RD ORLANDO, 32818","$508,909.96","$417,448.00",Hidden,282133876801050
2026-06-17T03:51:50,CLOSED,2025-CA-009426-O,08/11/2026 11:00 AM ET,"14567 WINTER STAY DR WINTER GARDEN, 34787",$0.00,"$652,146.00",Hidden,Property
2026-06-17T03:51:50,CLOSED,2026-CA-001108-O,08/11/2026 11:00 AM ET,"1273 FALCONCREST BLVD APOPKA, 32712","$8,889.90","$548,790.00",Hidden,282033710600290
2026-06-18T03:51:50,NEW,2023-CC-005985-O,07/28/2026 11:00 AM ET,"6529 ALADDIN DR ORLANDO, 32818",$0.00,"$279,290.00",Hidden,Property
2026-06-18T03:51:50,NEW,2023-CA-015270-O,07/29/2026 11:00 AM ET,"519 EAST AMELIA STREET ORLANDO, 32803",$0.00,"$97,198.00",Hidden,Property
2026-06-18T03:51:50,NEW,2024-CA-000490-O,07/31/2026 11:00 AM ET,"10469 LAXTON ST ORLANDO, 32824",$0.00,"$385,143.00",Hidden,Property
2026-06-18T03:51:50,NEW,2025-CA-001448-O,07/31/2026 11:00 AM ET,"4519 TOWER PINE RD ORLANDO, 32839","$46,881.67","$68,934.00",Hidden,292309011201519
2026-06-18T03:51:50,NEW,2025-CA-006161-O,08/04/2026 11:00 AM ET,"2227 CATALINA DR ORLANDO, 32805",$0.00,"$213,960.00",Hidden,Property
2026-06-18T03:51:50,NEW,2024-CA-000447-O,08/11/2026 11:00 AM ET,"5443 LOCHDALE DR ORLANDO, 32818",$0.00,"$120,504.00",Hidden,Property
2026-06-18T03:51:50,NEW,2025-CA-000383-O,08/11/2026 11:00 AM ET,"7315 GLASGOW AVE ORLANDO, 32819",$0.00,"$316,900.00",Hidden,Property
2026-06-18T03:51:50,NEW,2025-CA-002399-O,08/12/2026 11:00 AM ET,"7720 RAVENNA AVE ORLANDO, 32819",$0.00,"$234,900.00",Hidden,Property
2026-06-18T03:51:50,NEW,2024-CA-007557-O,08/13/2026 11:00 AM ET,"4205 SOLOMON DR ORLANDO, 32811",$0.00,"$37,695.00",Hidden,Property
2026-06-18T03:51:50,CLOSED,2023-CA-001994-O,06/17/2026 11:00 AM ET,"3815 BROOKMYRA DR ORLANDO, 32837","$347,043.26","$217,061.00",Hidden,292429373000110
2026-06-18T03:51:50,CLOSED,2025-CA-009202-O,06/17/2026 11:00 AM ET,"3069 CAYMAN WAY ORLANDO, 32812","$110,290.33","$367,380.00",Hidden,TIMESHARE
2026-06-18T03:51:50,CLOSED,2024-CA-010151-O,06/18/2026 11:00 AM ET,"7808 CLUBHOUSE ESTATES DR ORLANDO, 32819","$566,958.93","$417,530.00",Hidden,282327143400510
2026-06-18T03:51:50,CLOSED,2024-CA-000037-O,07/28/2026 11:00 AM ET,"6529 ALADDIN DR ORLANDO, 32818","$9,154.99","$279,290.00",Hidden,TIMESHARE
2026-06-18T03:51:50,CLOSED,2024-CA-003023-O,07/29/2026 11:00 AM ET,"519 EAST AMELIA STREET ORLANDO, 32803","$495,947.28","$97,198.00",Hidden,Property
2026-06-18T03:51:50,CLOSED,2025-CA-000648-O,07/31/2026 11:00 AM ET,"4519 TOWER PINE RD ORLANDO, 32839",$0.00,"$68,934.00",Hidden,Property
2026-06-18T03:51:50,CLOSED,2025-CA-006244-O,08/04/2026 11:00 AM ET,"2227 CATALINA DR ORLANDO, 32805","$328,248.47","$213,960.00",Hidden,292303743815010
2026-06-18T03:51:50,CLOSED,2025-CA-008753-O,08/04/2026 11:00 AM ET,"435 SAND LIME RD WINTER GARDEN, 34787","$3,370.64","$46,095.00",Hidden,TIMESHARE
2026-06-18T03:51:50,CLOSED,2024-CA-011468-O,08/11/2026 11:00 AM ET,"5443 LOCHDALE DR ORLANDO, 32818","$5,908.29","$120,504.00",Hidden,282135756205690
2026-06-18T03:51:50,CLOSED,2025-CA-008399-O,08/11/2026 11:00 AM ET,"7315 GLASGOW AVE ORLANDO, 32819","$177,740.20","$316,900.00",Hidden,282314465600120
2026-06-18T03:51:50,CLOSED,2025-CA-008794-O,08/11/2026 11:00 AM ET,"9417 TROUT LAKE RD ORLANDO, 32818","$3,603.43","$417,448.00",Hidden,TIMESHARE
2026-06-18T03:51:50,CLOSED,2025-CA-011243-O,08/12/2026 11:00 AM ET,"7720 RAVENNA AVE ORLANDO, 32819","$309,745.09","$234,900.00",Hidden,292330855206280
2026-06-18T03:51:50,CLOSED,2025-CA-009468-O,08/13/2026 11:00 AM ET,"4205 SOLOMON DR ORLANDO, 32811","$191,507.26","$37,695.00",Hidden,292305739807260
2026-06-19T03:51:58,NEW,2025-CA-009793-O,07/01/2026 11:00 AM ET,"4905 BURGUNDY LN ORLANDO, 32808","$11,916.11","$71,849.00",Hidden,TIMESHARE
2026-06-19T03:51:58,NEW,2023-CA-009406-O,07/07/2026 11:00 AM ET,"2355 DEVON CT WINTER PARK, 32789","$197,344.05","$564,115.00",Hidden,292202299602100
2026-06-19T03:51:58,NEW,2025-CA-000648-O,07/31/2026 11:00 AM ET,"10469 LAXTON ST ORLANDO, 32824","$300,280.28","$385,143.00",Hidden,292413917904040
2026-06-19T03:51:58,NEW,2025-CA-011243-O,08/12/2026 11:00 AM ET,"7720 RAVENNA AVE ORLANDO, 32819","$309,745.09","$234,900.00",Hidden,292330855206280
2026-06-19T03:51:58,NEW,2025-CA-010939-O,08/18/2026 11:00 AM ET,"1835 ALBERT LEE PKWY WINTER PARK, 32789","$215,945.07","$326,020.00",Hidden,292201005600031
2026-06-19T03:51:58,CLOSED,2019-CA-008503-O,06/18/2026 11:00 AM ET,"5742 ESSEX ISLE DR ORLANDO, 32829","$400,033.07","$367,420.00",Hidden,302324898000820
2026-06-19T03:51:58,CLOSED,2024-CA-005383-O,06/18/2026 11:00 AM ET,"8112 POINCIANA BLVD UNIT 1404 ORLANDO, 32821","$248,232.00","$148,400.00",Hidden,282435435601404
2026-06-19T03:51:58,CLOSED,2025-CA-008348-O,07/01/2026 11:00 AM ET,"939 PONDEROSA PINE CT ORLANDO, 32825","$65,443.79","$322,726.00",Hidden,302223861100400
2026-06-19T03:51:58,CLOSED,2025-CC-020270-O,07/16/2026 11:00 AM ET,"2670 CARDASSI DR OCOEE, 34761","$4,000.05","$251,794.00",Hidden,282131924904170
2026-06-22T03:51:59,NEW,2025-CA-009778-O,06/25/2026 11:00 AM ET,"3705 CONNOR AVE ORLANDO, 32808",$0.00,"$132,436.00",Hidden,Property
2026-06-22T03:51:59,CLOSED,2025-CA-000473-O,06/19/2026 11:00 AM ET,"8273 WILSON TER ORLANDO, 32819","$1,261,476.80","$869,400.00","$1,099,000.00",282315378600190
2026-06-22T03:51:59,CLOSED,2025-CC-021189-O,06/25/2026 11:00 AM ET,"3705 CONNOR AVE ORLANDO, 32808","$89,427.25","$132,436.00",Hidden,292207517414120
2026-06-23T03:51:53,NEW,2025-CC-021189-O,06/25/2026 11:00 AM ET,"3705 CONNOR AVE ORLANDO, 32808","$89,427.25","$132,436.00",Hidden,292207517414120
2026-06-23T03:51:53,NEW,2018-CA-000023-O,07/28/2026 11:00 AM ET,"3713 MITCHELL RD ORLANDO, 32808",$0.00,"$195,334.00",Hidden,Property
2026-06-23T03:51:53,NEW,2019-CC-016067-O,08/06/2026 11:00 AM ET,"2543 WINDSORGATE LN ORLANDO, 32828","$47,548.80","$671,178.00",Hidden,312302198403740
2026-06-23T03:51:53,NEW,2024-CA-011468-O,08/11/2026 11:00 AM ET,"5443 LOCHDALE DR ORLANDO, 32818","$5,908.29","$120,504.00",Hidden,282135756205690
2026-06-23T03:51:53,NEW,2025-CA-001286-O,08/11/2026 11:00 AM ET,"7958 GLEN ABBEY CIR ORLANDO, 32819","$350,091.67","$328,041.00",Hidden,282327143400350
2026-06-23T03:51:53,NEW,2025-CA-008399-O,08/11/2026 11:00 AM ET,"7315 GLASGOW AVE ORLANDO, 32819","$177,740.20","$316,900.00",Hidden,282314465600120
2026-06-23T03:51:53,NEW,2025-CA-011657-O,08/14/2026 11:00 AM ET,"8061 PUFFIN DR ORLANDO, 32825","$247,155.96","$213,370.00",Hidden,302235727101060
2026-06-23T03:51:53,NEW,2025-CA-007512-O,08/17/2026 11:00 AM ET,"10018 STRATFORD POINTE AVE ORLANDO, 32832","$664,149.62","$380,375.00",Hidden,312417899800110
2026-06-23T03:51:53,NEW,2023-CA-000567-O,09/15/2026 11:00 AM ET,"8226 WILLOWWOOD ST ORLANDO, 32818","$499,019.31","$120,412.00",Hidden,282222443500280
2026-06-23T03:51:53,CLOSED,2025-CA-003375-O,06/22/2026 11:00 AM ET,"10070 BRODBECK BLVD ORLANDO, 32832","$466,281.54","$482,430.00",Hidden,312406410401790
2026-06-23T03:51:53,CLOSED,2025-CA-006502-O,06/22/2026 11:00 AM ET,"820 KENSINGTON DR ORLANDO, 32808","$139,260.92","$136,206.00",Hidden,292221914802090
2026-06-23T03:51:53,CLOSED,2025-CA-007969-O,06/22/2026 11:00 AM ET,"8007 MEADOWGLEN DR ORLANDO, 32810","$292,752.75","$299,800.00","$301,515.82",292127714004030
2026-06-23T03:51:53,CLOSED,2025-CA-010780-O,06/22/2026 11:00 AM ET,"3608 TAM DR ORLANDO, 32808","$324,627.20","$229,321.00","$237,862.00",292207517412170
2026-06-23T03:51:53,CLOSED,2024-CA-007987-O,06/24/2026 11:00 AM ET,"7755 SENJILL CT ORLANDO, 32818","$5,832.76","$308,895.00",Hidden,282202755802370
2026-06-23T03:51:53,CLOSED,2025-CA-002408-O,06/24/2026 11:00 AM ET,"14733 GLADE HILL PARK WAY WINTER GARDEN, 34787","$619,537.79","$725,536.00",Hidden,272404755302900
2026-06-23T03:51:53,CLOSED,2024-CA-009114-O,06/25/2026 11:00 AM ET,"2321 HOME AGAIN RD APOPKA, 32712","$297,135.02","$430,560.00",Hidden,282029602901730
2026-06-23T03:51:53,CLOSED,2020-CA-001965-O,07/28/2026 11:00 AM ET,"3713 MITCHELL RD ORLANDO, 32808","$203,396.02","$195,334.00",Hidden,292207705003030
2026-06-23T03:51:53,CLOSED,2017-CA-011196-O,08/11/2026 11:00 AM ET,"11701 WATERSTONE LOOP DR WINDERMERE, 34786","$878,006.50","$1,530,676.00",Hidden,272324900900720
2026-06-24T03:52:06,NEW,2024-CA-000827-O,07/07/2026 11:00 AM ET,"2978 MYSTIC COVE DR ORLANDO, 32812","$393,258.08","$414,000.00",Hidden,302304587300570
2026-06-24T03:52:06,NEW,2024-CA-002127-O,07/14/2026 11:00 AM ET,"2032 CANOPY CIR UNIT 148 ZELLWOOD, 32798",$0.00,"$173,120.00",Hidden,Property
2026-06-24T03:52:06,NEW,2025-CA-003404-O,07/14/2026 11:00 AM ET,"5522 WESTHAVEN CT ORLANDO, 32810",$0.00,"$85,039.00",Hidden,Property
2026-06-24T03:52:06,NEW,2020-CA-001965-O,07/28/2026 11:00 AM ET,"3713 MITCHELL RD ORLANDO, 32808","$203,396.02","$195,334.00",Hidden,292207705003030
2026-06-24T03:52:06,NEW,2025-CC-017428-O,08/03/2026 11:00 AM ET,"12086 JEWEL FISH LN ORLANDO, 32827","$18,763.59","$377,394.00",Hidden,312418916304950
2026-06-24T03:52:06,NEW,2023-CA-011632-O,08/04/2026 11:00 AM ET,"4218 CROSSEN DR ORLANDO, 32822",$0.00,"$175,580.00",Hidden,Property
2026-06-24T03:52:06,NEW,2024-CA-001054-O,08/12/2026 11:00 AM ET,"4238 WATERMILL AVE ORLANDO, 32817",$0.00,"$322,498.00",Hidden,Property
2026-06-24T03:52:06,NEW,2025-CA-000736-O,08/18/2026 11:00 AM ET,"1835 ALBERT LEE PKWY WINTER PARK, 32789",$0.00,"$326,020.00",Hidden,Property
2026-06-24T03:52:06,NEW,2023-CA-012880-O,08/19/2026 11:00 AM ET,"13349 GREENPOINTE DR ORLANDO, 32824",$0.00,"$130,270.00",Hidden,Property
2026-06-24T03:52:06,NEW,2025-CA-005592-O,08/27/2026 11:00 AM ET,"1545 BUCKEYE FALLS WAY ORLANDO, 32824",$0.00,"$289,795.00",Hidden,Property
2026-06-24T03:52:06,CLOSED,2020-CA-000551-O,06/23/2026 11:00 AM ET,"314 E GULLEY AVE OAKLAND, 34760","$254,677.03","$154,240.00",Hidden,272221611600140
2026-06-24T03:52:06,CLOSED,2024-CA-009320-O,06/23/2026 11:00 AM ET,"3058 BRANDYWINE DR ORLANDO, 32806","$363,977.85","$459,824.00",Hidden,302307318300290
2026-06-24T03:52:06,CLOSED,2025-CA-000244-O,06/23/2026 11:00 AM ET,"364 BRIAR BAY CIR ORLANDO, 32825","$6,607.96","$329,840.00",Hidden,TIMESHARE
2026-06-24T03:52:06,CLOSED,2024-CA-005684-O,06/30/2026 11:00 AM ET,"7628 MILANO DR ORLANDO, 32835","$276,528.44","$329,175.00",Hidden,282303893100470
2026-06-24T03:52:06,CLOSED,2025-CA-004630-O,07/07/2026 11:00 AM ET,"1825 HUGGINS DR APOPKA, 32703","$38,075.61","$186,270.00",Hidden,282113000000031
2026-06-24T03:52:06,CLOSED,2024-CC-022231-O,07/14/2026 11:00 AM ET,"2032 CANOPY CIR UNIT 148 ZELLWOOD, 32798","$15,787.43","$173,120.00",Hidden,272025982500148
2026-06-24T03:52:06,CLOSED,2025-CA-005562-O,07/14/2026 11:00 AM ET,"5522 WESTHAVEN CT ORLANDO, 32810","$298,073.36","$85,039.00",Hidden,282136891200130
2026-06-24T03:52:06,CLOSED,2023-CC-005985-O,07/28/2026 11:00 AM ET,"6529 ALADDIN DR ORLANDO, 32818","$5,881.94","$279,290.00",Hidden,TIMESHARE
2026-06-24T03:52:06,CLOSED,2023-CA-015270-O,07/29/2026 11:00 AM ET,"519 EAST AMELIA STREET ORLANDO, 32803",$0.00,"$97,198.00",Hidden,Property
2026-06-24T03:52:06,CLOSED,2024-CA-000674-O,08/04/2026 11:00 AM ET,"4218 CROSSEN DR ORLANDO, 32822","$251,267.57","$175,580.00",Hidden,302313233201780
2026-06-24T03:52:06,CLOSED,2024-CA-005953-O,08/12/2026 11:00 AM ET,"4238 WATERMILL AVE ORLANDO, 32817","$223,409.39","$322,498.00",Hidden,312206906600960
2026-06-24T03:52:06,CLOSED,2025-CA-010939-O,08/18/2026 11:00 AM ET,"1835 ALBERT LEE PKWY WINTER PARK, 32789","$215,945.07","$326,020.00",Hidden,292201005600031
2026-06-24T03:52:06,CLOSED,2025-CA-004157-O,08/19/2026 11:00 AM ET,"13349 GREENPOINTE DR ORLANDO, 32824","$153,971.34","$130,270.00",Hidden,292425320594010
2026-06-24T03:52:06,CLOSED,2025-CC-022885-O,08/27/2026 11:00 AM ET,"1545 BUCKEYE FALLS WAY ORLANDO, 32824","$5,674.25","$289,795.00",Hidden,302429033001820
2026-06-25T03:51:59,NEW,2024-CC-022231-O,07/14/2026 11:00 AM ET,"2032 CANOPY CIR UNIT 148 ZELLWOOD, 32798","$15,787.43","$173,120.00",Hidden,272025982500148
2026-06-25T03:51:59,NEW,2025-CA-006449-O,07/16/2026 11:00 AM ET,"5633 PINEY RIDGE DR ORLANDO, 32808",$0.00,"$183,170.00",Hidden,Property
2026-06-25T03:51:59,NEW,2025-CA-003157-O,07/27/2026 11:00 AM ET,"713 EGAN DR ORLANDO, 32822",$0.00,"$313,771.00",Hidden,Property
2026-06-25T03:51:59,NEW,2023-CA-015270-O,07/29/2026 11:00 AM ET,"519 EAST AMELIA STREET ORLANDO, 32803",$0.00,"$97,198.00",Hidden,Property
2026-06-25T03:51:59,CLOSED,2019-CA-013511-O,06/24/2026 11:00 AM ET,"13326 SPROSTON PT ORLANDO, 32832","$922,794.89","$420,316.00",Hidden,312429224204600
2026-06-25T03:51:59,CLOSED,2025-CA-009535-O,06/24/2026 11:00 AM ET,"6120 CENTENNIAL DR ORLANDO, 32808","$469,387.48","$291,848.00",Hidden,282201474300780
2026-06-25T03:51:59,CLOSED,2025-CA-008275-O,07/16/2026 11:00 AM ET,"5633 PINEY RIDGE DR ORLANDO, 32808","$272,190.10","$183,170.00",Hidden,292218805100480
2026-06-25T03:51:59,CLOSED,2025-CA-009823-O,07/27/2026 11:00 AM ET,"713 EGAN DR ORLANDO, 32822","$360,772.32","$313,771.00",Hidden,302227042202300
2026-06-25T03:51:59,CLOSED,2025-CA-000736-O,08/18/2026 11:00 AM ET,"1835 ALBERT LEE PKWY WINTER PARK, 32789",$0.00,"$326,020.00",Hidden,Property
2026-06-26T03:51:50,NEW,2025-CA-009823-O,07/27/2026 11:00 AM ET,"713 EGAN DR ORLANDO, 32822","$360,772.32","$313,771.00",Hidden,302227042202300
2026-06-26T03:51:50,NEW,2016-CA-005293-O,08/04/2026 11:00 AM ET,"8725 KENMURE CV ORLANDO, 32836","$481,048.77","$445,019.00",Hidden,282403089800150
2026-06-26T03:51:50,NEW,2024-CA-000674-O,08/04/2026 11:00 AM ET,"4218 CROSSEN DR ORLANDO, 32822","$251,267.57","$175,580.00",Hidden,302313233201780
2026-06-26T03:51:50,NEW,2026-CA-001387-O,08/05/2026 11:00 AM ET,"3473 MCCORMICK WOODS DR OCOEE, 34761","$290,349.00","$295,879.00",Hidden,282132552100740
2026-06-26T03:51:50,NEW,2024-CA-005953-O,08/12/2026 11:00 AM ET,"4238 WATERMILL AVE ORLANDO, 32817","$223,409.39","$322,498.00",Hidden,312206906600960
2026-06-26T03:51:50,NEW,2025-CA-000736-O,08/18/2026 11:00 AM ET,"2935 HELEN AVE ORLANDO, 32804","$148,958.79","$280,640.00",Hidden,Property
2026-06-26T03:51:50,CLOSED,2025-CA-002889-O,06/25/2026 11:00 AM ET,"10613 ABINGDON CHASE ORLANDO, 32817","$365,771.53","$169,439.00",Hidden,312208884100390
2026-06-26T03:51:50,CLOSED,2025-CA-007640-O,06/25/2026 11:00 AM ET,"1242 SHELTER ROCK RD ORLANDO, 32835","$323,496.11","$248,735.00",Hidden,282234331300430
2026-06-26T03:51:50,CLOSED,2025-CA-009778-O,06/25/2026 11:00 AM ET,"10102 WILLOW GROVE CT ORLANDO, 32825","$48,066.84","$318,310.00","$48,066.84",312305212300440
2026-06-26T03:51:50,CLOSED,2025-CC-021189-O,06/25/2026 11:00 AM ET,"3705 CONNOR AVE ORLANDO, 32808","$89,427.25","$132,436.00",Hidden,292207517414120
2026-06-26T03:51:50,CLOSED,2023-CA-004589-O,06/26/2026 11:00 AM ET,"5627 MASTERS BLVD ORLANDO, 32819","$587,486.99","$560,370.00",Hidden,282321055404260
2026-06-29T03:51:45,NEW,2025-CA-012903-O,08/13/2026 11:00 AM ET,"4179 BOOKER ST ORLANDO, 32811","$323,394.36","$297,565.00",Hidden,292232765206210
2026-06-29T03:51:45,NEW,2025-CA-004157-O,08/19/2026 11:00 AM ET,"13349 GREENPOINTE DR ORLANDO, 32824","$153,971.34","$130,270.00",Hidden,292425320594010
2026-06-30T03:51:46,NEW,2023-CA-016890-O,07/06/2026 11:00 AM ET,"206 E SOUTH ST UNIT 4007 ORLANDO, 32801","$217,025.69","$220,100.00",Hidden,292236313034007
2026-06-30T03:51:46,NEW,2024-CA-006855-O,08/12/2026 11:00 AM ET,"18 S PRIMROSE DR ORLANDO, 32803","$124,615.38","$159,820.00",Hidden,302230303600263
2026-06-30T03:51:46,NEW,2025-CA-005890-O,08/12/2026 11:00 AM ET,"7720 RAVENNA AVE ORLANDO, 32819",$0.00,"$234,900.00",Hidden,Property
2026-06-30T03:51:46,NEW,2024-CA-007652-O,08/20/2026 11:00 AM ET,"4727 OKEEFE CT ORLANDO, 32808","$242,286.67","$173,600.00",Hidden,292207517407150
2026-06-30T03:51:46,NEW,2025-CA-002889-O,08/25/2026 11:00 AM ET,"10613 ABINGDON CHASE ORLANDO, 32817","$365,771.53","$169,439.00",Hidden,312208884100390
2026-06-30T03:51:46,NEW,2025-CA-006095-O,08/25/2026 11:00 AM ET,"5211 MONTAGUE PL ORLANDO, 32808","$110,930.26","$129,812.00",Hidden,292219695405060
2026-06-30T03:51:46,NEW,2025-CA-007960-O,08/25/2026 11:00 AM ET,"702 STARKE LAKE CIR OCOEE, 34761",$0.00,"$255,738.00",Hidden,Property
2026-06-30T03:51:46,NEW,2025-CA-010595-O,08/25/2026 11:00 AM ET,"4990 NORTH LN ORLANDO, 32808",$0.00,"$6,127,530.00",Hidden,Property
2026-06-30T03:51:46,NEW,2022-CA-007893-O,08/26/2026 11:00 AM ET,"2229 N HIAWASSEE RD ORLANDO, 32818","$223,870.98","$166,478.00",Hidden,282213352402010
2026-06-30T03:51:46,NEW,2025-CC-017771-O,08/26/2026 11:00 AM ET,"2149 MONTE CARLO TRL ORLANDO, 32805",$0.00,"$105,640.00",Hidden,Property
2026-06-30T03:51:46,NEW,2025-CA-011333-O,08/27/2026 11:00 AM ET,"1545 BUCKEYE FALLS WAY ORLANDO, 32824",$0.00,"$289,795.00",Hidden,Property
2026-06-30T03:51:46,NEW,2024-CA-009114-O,09/01/2026 11:00 AM ET,"2321 HOME AGAIN RD APOPKA, 32712","$297,135.05","$430,560.00",Hidden,282029602901730
2026-06-30T03:51:46,NEW,2025-CA-004159-O,09/16/2026 11:00 AM ET,"10231 EMERALD WOODS AVE ORLANDO, 32836","$171,431.38","$602,034.00",Hidden,282410249501040
2026-06-30T03:51:46,CLOSED,2025-CA-006710-O,07/29/2026 11:00 AM ET,"4177 N ORANGE BLOSSOM TRL UNIT ORLANDO, 32804","$322,816.80","$284,900.00",Hidden,292210261301208
2026-06-30T03:51:46,CLOSED,2025-CA-011243-O,08/12/2026 11:00 AM ET,"7720 RAVENNA AVE ORLANDO, 32819","$309,745.09","$234,900.00",Hidden,292330855206280
2026-07-01T03:51:46,NEW,2026-CA-000166-O,07/01/2026 11:00 AM ET,"14776 MAGNOLIA RIDGE LOOP WINTER GARDEN, 34787","$647,998.32","$696,060.00",Hidden,272316585204810
2026-07-01T03:51:46,NEW,2025-CA-004630-O,07/07/2026 11:00 AM ET,"1825 HUGGINS DR APOPKA, 32703","$38,075.61","$186,270.00",Hidden,282113000000031
2026-07-01T03:51:46,NEW,2025-CA-009846-O,07/15/2026 11:00 AM ET,"6803 CHERRY GROVE CIR ORLANDO, 32809","$16,428.67","$218,496.00",Hidden,TIMESHARE
2026-07-01T03:51:46,NEW,2020-CA-000935-O,08/04/2026 11:00 AM ET,"1615 WHITE AVE ORLANDO, 32806","$489,362.96","$230,758.00",Hidden,302307165004131
2026-07-01T03:51:46,NEW,2025-CA-011243-O,08/12/2026 11:00 AM ET,"7720 RAVENNA AVE ORLANDO, 32819","$309,745.09","$234,900.00",Hidden,292330855206280
2026-07-01T03:51:46,NEW,2025-CA-005997-O,08/25/2026 11:00 AM ET,"5211 MONTAGUE PL ORLANDO, 32808","$4,338.50","$129,812.00",Hidden,TIMESHARE
2026-07-01T03:51:46,NEW,2026-CA-001389-O,08/26/2026 11:00 AM ET,"2149 MONTE CARLO TRL ORLANDO, 32805","$356,588.87","$105,640.00",Hidden,292234103605170
2026-07-01T03:51:46,NEW,2025-CC-022885-O,08/27/2026 11:00 AM ET,"1545 BUCKEYE FALLS WAY ORLANDO, 32824","$5,674.25","$289,795.00",Hidden,302429033001820
2026-07-01T03:51:46,NEW,2026-CA-003985-O,08/28/2026 11:00 AM ET,"8455 A D MIMS RD ORLANDO, 32818","$439,931.71","$78,650.00",Hidden,282210000000139
2026-07-01T03:51:46,CLOSED,2013-CA-008322-O,06/30/2026 11:00 AM ET,"4843 NORWALK PL ORLANDO, 32808","$245,843.10","$178,514.00",Hidden,292207803204100
2026-07-01T03:51:46,CLOSED,2023-CA-013917-O,06/30/2026 11:00 AM ET,"2679 BREEZY MEADOW RD APOPKA, 32712","$328,150.34","$189,047.00","$350,000.00",282030023303270
2026-07-01T03:51:46,CLOSED,2024-CA-005872-O,06/30/2026 11:00 AM ET,"1574 THETFORD CIR ORLANDO, 32824","$15,582.87","$428,790.00","$371,144.41",TIMESHARE
2026-07-01T03:51:46,CLOSED,2025-CA-003733-O,06/30/2026 11:00 AM ET,"321 FAIRWAY POINTE CIR ORLANDO, 32828","$19,332.91","$500,987.00","$526,609.00",TIMESHARE
2026-07-01T03:51:46,CLOSED,2025-CA-009097-O,06/30/2026 11:00 AM ET,"3126 KELVINGTON DR ORLANDO, 32810","$304,541.96","$218,062.00","$156,600.00",292133748800140
2026-07-01T03:51:46,CLOSED,2024-CA-009922-O,07/01/2026 11:00 AM ET,"1557 DEMING DR ORLANDO, 32825","$224,165.03","$402,060.00",Hidden,302236744600330
2026-07-01T03:51:46,CLOSED,2024-CA-008033-O,07/07/2026 11:00 AM ET,"1211 FLOWERS POINTE LN ORLANDO, 32825","$238,395.47","$212,316.00",Hidden,312220280200130
2026-07-01T03:51:46,CLOSED,2025-CA-007841-O,07/15/2026 11:00 AM ET,"1926 PARK MANOR DR ORLANDO, 32817","$376,304.07","$350,453.00",Hidden,312216807902010
2026-07-01T03:51:46,CLOSED,2025-CA-006095-O,08/25/2026 11:00 AM ET,"5211 MONTAGUE PL ORLANDO, 32808","$110,930.26","$129,812.00",Hidden,292219695405060
2026-07-01T03:51:46,CLOSED,2025-CA-010595-O,08/25/2026 11:00 AM ET,"4990 NORTH LN ORLANDO, 32808",$0.00,"$6,127,530.00",Hidden,Property
2026-07-02T03:51:47,NEW,2023-CC-023642-O,08/10/2026 11:00 AM ET,"15493 WILLOW ARBOR CIR ORLANDO, 32824","$19,473.11","$364,310.00",Hidden,292425008001850
2026-07-02T03:51:47,NEW,2023-CA-013464-O,08/28/2026 11:00 AM ET,"8455 A D MIMS RD ORLANDO, 32818",$0.00,"$78,650.00",Hidden,Property
2026-07-02T03:51:47,CLOSED,2023-CA-012342-O,07/01/2026 11:00 AM ET,"820 W ROBINSON ST ORLANDO, 32805","$95,386.54","$104,430.00",Hidden,292226330400050
2026-07-02T03:51:47,CLOSED,2024-CA-006502-O,07/01/2026 11:00 AM ET,"143 BRIGADOON PT ORLANDO, 32835","$272,579.73","$132,860.00",Hidden,282226922400560
2026-07-02T03:51:47,CLOSED,2024-CA-009046-O,07/01/2026 11:00 AM ET,"17321 CAUDEL RD ORLANDO, 32833","$63,741.85","$516,227.00",Hidden,322228076800010
2026-07-02T03:51:47,CLOSED,2025-CA-009793-O,07/01/2026 11:00 AM ET,"4905 BURGUNDY LN ORLANDO, 32808","$11,916.11","$71,849.00",Hidden,TIMESHARE
2026-07-02T03:51:47,CLOSED,2026-CA-000166-O,07/01/2026 11:00 AM ET,"14776 MAGNOLIA RIDGE LOOP WINTER GARDEN, 34787","$647,998.32","$696,060.00",Hidden,272316585204810
2026-07-02T03:51:47,CLOSED,2022-CA-000971-O,07/02/2026 11:00 AM ET,"19330 OSBORNE ST ORLANDO, 32833","$527,853.46","$238,288.00",Hidden,322310118425030
2026-07-02T03:51:47,CLOSED,2023-CA-016874-O,07/02/2026 11:00 AM ET,"5 N FORSYTH RD ORLANDO, 32807","$280,131.43","$210,310.00",Hidden,302226000000077
2026-07-02T03:51:47,CLOSED,2024-CA-006297-O,07/09/2026 11:00 AM ET,"5800 LACONIA RD ORLANDO, 32808","$162,879.08","$184,573.00",Hidden,282213756813030
2026-07-02T03:51:47,CLOSED,2026-CA-003985-O,08/28/2026 11:00 AM ET,"8455 A D MIMS RD ORLANDO, 32818","$439,931.71","$78,650.00",Hidden,282210000000139
2026-07-03T03:51:38,NEW,2025-CA-009468-O,08/13/2026 11:00 AM ET,"4205 SOLOMON DR ORLANDO, 32811","$191,507.26","$37,695.00",Hidden,292305739807260
2026-07-03T03:51:38,NEW,2025-CA-007841-O,08/24/2026 11:00 AM ET,"1926 PARK MANOR DR ORLANDO, 32817","$376,304.07","$350,453.00",Hidden,312216807902010
2026-07-03T03:51:38,NEW,2022-CA-002098-O,08/25/2026 11:00 AM ET,"10613 ABINGDON CHASE ORLANDO, 32817",$0.00,"$169,439.00",Hidden,Property
2026-07-03T03:51:38,NEW,2026-CA-003985-O,08/28/2026 11:00 AM ET,"8455 A D MIMS RD ORLANDO, 32818","$439,931.71","$78,650.00","$439,931.71",282210000000139
2026-07-03T03:51:38,NEW,2024-CA-006297-O,10/13/2026 11:00 AM ET,"5800 LACONIA RD ORLANDO, 32808","$162,879.08","$184,573.00",Hidden,282213756813030
2026-07-03T03:51:38,CLOSED,2024-CA-000099-O,07/02/2026 11:00 AM ET,"17201 E COLONIAL DR ORLANDO, 32820","$1,900,000.00","$1,671,624.00",Hidden,322221000000065
2026-07-03T03:51:38,CLOSED,2024-CC-017097-O,07/07/2026 11:00 AM ET,"6677 CORAL BERRY DR MOUNT DORA, 32757","$5,374.92","$278,094.00",Hidden,272016369101620
2026-07-03T03:51:38,CLOSED,2025-CA-004630-O,07/07/2026 11:00 AM ET,"1825 HUGGINS DR APOPKA, 32703","$38,075.61","$186,270.00",Hidden,282113000000031
2026-07-03T03:51:38,CLOSED,2025-CA-002889-O,08/25/2026 11:00 AM ET,"10613 ABINGDON CHASE ORLANDO, 32817","$365,771.53","$169,439.00",Hidden,312208884100390
2026-07-03T03:51:38,CLOSED,2025-CA-007960-O,08/25/2026 11:00 AM ET,"702 STARKE LAKE CIR OCOEE, 34761","$7,966.33","$255,738.00",Hidden,TIMESHARE
2026-07-07T03:51:54,NEW,2025-CA-008559-O,07/21/2026 11:00 AM ET,"4788 PIEDMONT CT ORLANDO, 32811","$3,280.81","$167,050.00",Hidden,TIMESHARE
2026-07-07T03:51:54,NEW,2025-CA-007969-O,08/03/2026 11:00 AM ET,"12086 JEWEL FISH LN ORLANDO, 32827",$0.00,"$377,394.00",Hidden,Property
2026-07-07T03:51:54,NEW,2026-CA-000949-O,08/05/2026 11:00 AM ET,"3630 RODRICK CIR ORLANDO, 32824","$29,921.23","$274,385.00",Hidden,302432963008044
2026-07-07T03:51:54,NEW,2023-CA-014557-O,08/06/2026 11:00 AM ET,"311 W 17TH ST APOPKA, 32703","$84,479.04","$129,087.00",Hidden,282116471500020
2026-07-07T03:51:54,NEW,2025-CA-002632-O,08/11/2026 11:00 AM ET,"10616 GODFREY LN ORLANDO, 32825","$252,945.42","$123,190.00",Hidden,312220669500470
2026-07-07T03:51:54,NEW,2025-CA-011829-O,08/12/2026 11:00 AM ET,"9919 CYPRESS KNEE CIR ORLANDO, 32825","$519,256.08","$404,788.00",Hidden,312305180100010
2026-07-07T03:51:54,NEW,2025-CA-007570-O,08/19/2026 11:00 AM ET,"4783 PIEDMONT CT ORLANDO, 32811",$0.00,"$94,060.00",Hidden,Property
2026-07-07T03:51:54,CLOSED,2023-CA-016890-O,07/06/2026 11:00 AM ET,"206 E SOUTH ST UNIT 4007 ORLANDO, 32801","$217,025.69","$220,100.00",Hidden,292236313034007
2026-07-07T03:51:54,CLOSED,2025-CA-010892-O,07/06/2026 11:00 AM ET,"5301 WREN ST ORLANDO, 32807","$219,571.70","$255,160.00",Hidden,302228949200060
2026-07-07T03:51:54,CLOSED,2024-CA-007275-O,07/07/2026 11:00 AM ET,"4313 SADDLE CREEK PL ORLANDO, 32829","$236,755.22","$342,420.00",Hidden,302313130000070
2026-07-07T03:51:54,CLOSED,2024-CC-020739-O,07/07/2026 11:00 AM ET,"1507 ASTORIA ARBOR LN ORLANDO, 32824","$11,799.66","$348,198.00",Hidden,292425008000270
2026-07-07T03:51:54,CLOSED,2025-CC-017428-O,08/03/2026 11:00 AM ET,"12086 JEWEL FISH LN ORLANDO, 32827","$18,763.59","$377,394.00",Hidden,312418916304950
2026-07-07T03:51:54,CLOSED,2025-CA-007600-O,08/19/2026 11:00 AM ET,"4783 PIEDMONT CT ORLANDO, 32811","$112,749.54","$94,060.00",Hidden,292232182800220
2026-07-08T03:51:47,NEW,2025-CA-011062-O,07/15/2026 11:00 AM ET,"4755 BUNTING AVE ORLANDO, 32812","$198,459.69","$58,762.00",Hidden,302316161700540
2026-07-08T03:51:47,NEW,2025-CC-017428-O,08/03/2026 11:00 AM ET,"12086 JEWEL FISH LN ORLANDO, 32827","$18,763.59","$377,394.00",Hidden,312418916304950
2026-07-08T03:51:47,NEW,2026-CC-001893-O,08/13/2026 11:00 AM ET,"8832 SOUTHERN BREEZE DR ORLANDO, 32836","$59,062.89","$951,445.00",Hidden,282334248900260
2026-07-08T03:51:47,NEW,2025-CA-008323-O,08/20/2026 11:00 AM ET,"1135 GARRETT GILLIAM DR OCOEE, 34761","$241,382.78","$326,912.00",Hidden,282133555600510
2026-07-08T03:51:47,NEW,2025-CC-027227-O,08/24/2026 11:00 AM ET,"3830 SOUTHPOINTE DR UNIT L-2 ORLANDO, 32822","$23,814.96","$141,885.00",Hidden,302310818216102
2026-07-08T03:51:47,NEW,2025-CA-002889-O,08/25/2026 11:00 AM ET,"10613 ABINGDON CHASE ORLANDO, 32817","$365,771.53","$169,439.00",Hidden,312208884100390
2026-07-08T03:51:47,NEW,2026-CA-001637-O,09/03/2026 11:00 AM ET,"315 FORREST CREST CT OCOEE, 34761",$0.00,"$260,984.00",Hidden,Property
2026-07-08T03:51:47,NEW,2025-CA-004630-O,09/08/2026 11:00 AM ET,"1825 HUGGINS DR APOPKA, 32703","$38,075.61","$186,270.00",Hidden,282113000000031
2026-07-08T03:51:47,CLOSED,2023-CA-009406-O,07/07/2026 11:00 AM ET,"2355 DEVON CT WINTER PARK, 32789","$197,344.05","$564,115.00",Hidden,292202299602100
2026-07-08T03:51:47,CLOSED,2024-CA-000827-O,07/07/2026 11:00 AM ET,"2978 MYSTIC COVE DR ORLANDO, 32812","$393,258.08","$414,000.00",Hidden,302304587300570
2026-07-08T03:51:47,CLOSED,2024-CA-001229-O,07/07/2026 11:00 AM ET,"6305 STOCKBRIDGE AVE ORLANDO, 32809","$330,306.61","$342,420.00",Hidden,Property
2026-07-08T03:51:47,CLOSED,2024-CC-000225-O,07/07/2026 11:00 AM ET,"1304 E 10TH ST APOPKA, 32703","$29,636.59","$291,330.00",Hidden,282114015100960
2026-07-08T03:51:47,CLOSED,2025-CA-000605-O,07/07/2026 11:00 AM ET,"903 DOREEN AVE OCOEE, 34761","$77,189.73","$197,890.00",Hidden,282208676704400
2026-07-08T03:51:47,CLOSED,2025-CA-007570-O,08/19/2026 11:00 AM ET,"4783 PIEDMONT CT ORLANDO, 32811",$0.00,"$94,060.00",Hidden,Property
2026-07-10T03:51:54,NEW,2025-CA-003863-O,07/16/2026 11:00 AM ET,"1248 COUNTRYMEN CT APOPKA, 32703",$0.00,"$183,170.00",Hidden,Property
2026-07-10T03:51:54,NEW,2025-CA-004168-O,08/13/2026 11:00 AM ET,"3997 QUEEN ANNE DR ORLANDO, 32839","$129,688.30","$73,026.00",Hidden,292320116000600
2026-07-10T03:51:54,NEW,2025-CA-009295-O,08/18/2026 11:00 AM ET,"4712 HALLIDAY LN ORLANDO, 32810","$196,890.29","$196,214.00",Hidden,292132000000205
2026-07-10T03:51:54,NEW,2023-CA-012054-O,08/19/2026 11:00 AM ET,"1421 W YALE ST ORLANDO, 32804",$0.00,"$324,040.00",Hidden,Property
2026-07-10T03:51:54,NEW,2023-CC-020740-O,08/20/2026 11:00 AM ET,"4727 OKEEFE CT ORLANDO, 32808",$0.00,"$173,600.00",Hidden,Property
2026-07-10T03:51:54,NEW,2025-CA-011004-O,08/20/2026 11:00 AM ET,"7125 TURQUOISE LN ORLANDO, 32807","$284,088.93","$230,270.00",Hidden,302214864613100
2026-07-10T03:51:54,NEW,2025-CC-017877-O,08/26/2026 11:00 AM ET,"2942 S SEMORAN BLVD UNIT 1103 ORLANDO, 32822","$10,640.00","$104,908.00",Hidden,302304127111030
2026-07-10T03:51:54,NEW,2025-CC-023841-O,08/26/2026 11:00 AM ET,"6240 OAKCREST CIR ORLANDO, 32808","$10,987.05","$103,030.00",Hidden,282212705503030
2026-07-10T03:51:54,NEW,2026-CC-001400-O,09/03/2026 11:00 AM ET,"315 FORREST CREST CT OCOEE, 34761","$7,083.39","$260,984.00",Hidden,282216803700280
2026-07-10T03:51:54,NEW,2025-CA-004541-O,09/09/2026 11:00 AM ET,"1948 LAKE ATRIUMS CIR UNIT 132 ORLANDO, 32839","$51,144.25","$94,961.00",Hidden,292315712705132
2026-07-10T03:51:54,NEW,2026-CA-001959-O,09/09/2026 11:00 AM ET,"7759 WHISPER PL ORLANDO, 32810","$95,636.52","$81,492.00",Hidden,292129936200250
2026-07-10T03:51:54,NEW,2026-CA-000015-O,10/02/2026 11:00 AM ET,"4614 LEMANS DR ORLANDO, 32808","$439,556.04","$289,620.00",Hidden,292206245003120
2026-07-10T03:51:54,CLOSED,2022-CA-008959-O,07/08/2026 11:00 AM ET,"1323 AZALEA WAY WINTER GARDEN, 34787","$214,820.51","$134,859.00",Hidden,272227924122060
2026-07-10T03:51:54,CLOSED,2024-CA-000164-O,07/08/2026 11:00 AM ET,"202 S ORANGE BLOSSOM TRL ORLANDO, 32805","$1,110,860.91","$1,174,034.00",Hidden,292227000000084
2026-07-10T03:51:54,CLOSED,2024-CA-000766-O,07/08/2026 11:00 AM ET,"800 NICOLE BLVD OCOEE, 34761","$33,260.56","$157,823.00","$98,685.00",TIMESHARE
2026-07-10T03:51:54,CLOSED,2024-CA-001450-O,07/08/2026 11:00 AM ET,"762 KINGS COVE CT ORLANDO, 32807","$210,436.69","$53,262.00",Hidden,302222419800061
2026-07-10T03:51:54,CLOSED,2024-CA-005058-O,07/09/2026 11:00 AM ET,"1536 DEMING DR ORLANDO, 32825","$244,497.94","$344,242.00",Hidden,302236744600800
2026-07-10T03:51:54,CLOSED,2024-CA-007783-O,07/09/2026 11:00 AM ET,"2115 FIESTA CT ORLANDO, 32811","$242,536.40","$227,350.00",Hidden,292305740800830
2026-07-10T03:51:54,CLOSED,2024-CA-008763-O,07/09/2026 11:00 AM ET,"1603 RIO COVE CT ORLANDO, 32825","$812,008.18","$608,390.00",Hidden,312231742200070
2026-07-10T03:51:54,CLOSED,2025-CA-009593-O,07/09/2026 11:00 AM ET,"1617 SANDY POINT SQ UNIT 59 ORLANDO, 32807","$95,240.09","$101,880.00","$95,240.09",302303358504590
2026-07-10T03:51:54,CLOSED,2025-CA-012209-O,07/09/2026 11:00 AM ET,"8120 PLUNKETT AVE ORLANDO, 32810","$41,400.03","$183,827.00",Hidden,292127715000160
2026-07-10T03:51:54,CLOSED,2025-CA-008432-O,07/14/2026 11:00 AM ET,"2334 BABBITT AVE ORLANDO, 32833","$448,674.16","$264,088.00",Hidden,322301760233140
2026-07-10T03:51:54,CLOSED,2025-CA-006449-O,07/16/2026 11:00 AM ET,"1248 COUNTRYMEN CT APOPKA, 32703","$322,098.42","$183,170.00",Hidden,Property
2026-07-10T03:51:54,CLOSED,2025-CA-009799-O,07/22/2026 11:00 AM ET,"15232 STONEBRIAR WAY ORLANDO, 32826","$84,607.18","$458,812.00",Hidden,TIMESHARE
2026-07-10T03:51:54,CLOSED,2023-CA-012880-O,08/19/2026 11:00 AM ET,"1421 W YALE ST ORLANDO, 32804","$377,742.00","$324,040.00",Hidden,292214146806191
2026-07-10T03:51:54,CLOSED,2024-CA-007652-O,08/20/2026 11:00 AM ET,"4727 OKEEFE CT ORLANDO, 32808","$242,286.67","$173,600.00",Hidden,292207517407150
2026-07-13T03:52:01,NEW,2025-CA-006449-O,07/16/2026 11:00 AM ET,"1248 COUNTRYMEN CT APOPKA, 32703","$322,098.42","$183,170.00",Hidden,Property
2026-07-13T03:52:01,NEW,2025-CA-008523-O,08/13/2026 11:00 AM ET,"4205 SOLOMON DR ORLANDO, 32811",$0.00,"$37,695.00",Hidden,Property
2026-07-13T03:52:01,NEW,2025-CA-012311-O,08/26/2026 11:00 AM ET,"4833 CYPRESS WOODS DR APT 4301 ORLANDO, 32811",$0.00,"$189,800.00",Hidden,Property
2026-07-13T03:52:01,CLOSED,2025-CA-009468-O,08/13/2026 11:00 AM ET,"4205 SOLOMON DR ORLANDO, 32811","$191,507.26","$37,695.00",Hidden,292305739807260
2026-07-13T03:52:01,CLOSED,2025-CC-017771-O,08/26/2026 11:00 AM ET,"4833 CYPRESS WOODS DR APT 4301 ORLANDO, 32811","$17,965.90","$189,800.00",Hidden,292318832004301
2026-07-14T03:51:54,NEW,2022-CA-005715-O,08/07/2026 11:00 AM ET,"2213 BONNEVILLE DR ORLANDO, 32826","$128,775.10","$189,750.00",Hidden,312214653910053
2026-07-14T03:51:54,NEW,2025-CA-006271-O,08/18/2026 11:00 AM ET,"2935 HELEN AVE ORLANDO, 32804","$4,636.04","$280,640.00",Hidden,TIMESHARE
2026-07-14T03:51:54,NEW,2023-CA-012880-O,08/19/2026 11:00 AM ET,"1421 W YALE ST ORLANDO, 32804","$377,742.00","$324,040.00",Hidden,292214146806191
2026-07-14T03:51:54,NEW,2024-CA-007652-O,08/20/2026 11:00 AM ET,"4727 OKEEFE CT ORLANDO, 32808","$242,286.67","$173,600.00",Hidden,292207517407150
2026-07-14T03:51:54,NEW,2026-CA-001057-O,08/20/2026 11:00 AM ET,"1239 WYNDHAM PINE DR APOPKA, 32712","$10,534.59","$429,370.00",Hidden,282033709900330
2026-07-14T03:51:54,NEW,2025-CC-017771-O,08/26/2026 11:00 AM ET,"4833 CYPRESS WOODS DR APT 4301 ORLANDO, 32811","$17,965.90","$189,800.00",Hidden,292318832004301
2026-07-14T03:51:54,NEW,2024-CA-006802-O,09/02/2026 11:00 AM ET,"532 MAJESTIC OAK DR APOPKA, 32712",$0.00,"$315,748.00",Hidden,Property
2026-07-14T03:51:54,CLOSED,2025-CA-009635-O,07/13/2026 11:00 AM ET,"308 HOPE CIR ORLANDO, 32811","$354,972.70","$238,660.00",Hidden,292230922605040
2026-07-14T03:51:54,CLOSED,2020-CA-002362-O,07/14/2026 11:00 AM ET,"1311 WOODMAN WAY ORLANDO, 32818","$176,060.00","$86,202.00",Hidden,282222323300020
2026-07-14T03:51:54,CLOSED,2025-CA-003404-O,07/14/2026 11:00 AM ET,"5522 WESTHAVEN CT ORLANDO, 32810","$661,764.21","$85,039.00",Hidden,MULTIPLE
2026-07-14T03:51:54,CLOSED,2025-CA-007301-O,07/14/2026 11:00 AM ET,"29TH ST ORLANDO, 32805","$202,271.43","$80,000.00",Hidden,292303018057181
2026-07-14T03:51:54,CLOSED,2025-CA-011062-O,07/15/2026 11:00 AM ET,"4755 BUNTING AVE ORLANDO, 32812","$198,459.69","$58,762.00","$174,900.00",302316161700540
2026-07-15T03:51:47,NEW,2023-CA-016890-O,07/30/2026 11:00 AM ET,"206 E SOUTH ST UNIT 4007 ORLANDO, 32801","$217,025.69","$220,100.00",Hidden,292236313034007
2026-07-15T03:51:47,NEW,2025-CA-006710-O,08/25/2026 11:00 AM ET,"4177 N ORANGE BLOSSOM TRL UNIT ORLANDO, 32804","$322,816.80","$284,900.00",Hidden,292210261301208
2026-07-15T03:51:47,NEW,2021-CA-001133-O,09/02/2026 11:00 AM ET,"231 LIONEL AVE ORLANDO, 32805",$0.00,"$213,620.00",Hidden,Property
2026-07-15T03:51:47,NEW,2025-CC-013439-O,09/02/2026 11:00 AM ET,"532 MAJESTIC OAK DR APOPKA, 32712",$0.00,"$315,748.00",Hidden,Property
2026-07-15T03:51:47,CLOSED,2024-CA-002127-O,07/14/2026 11:00 AM ET,"9726 7TH AVE ORLANDO, 32824","$157,067.77","$126,059.00",Hidden,292401851671307
2026-07-15T03:51:47,CLOSED,2024-CC-022231-O,07/14/2026 11:00 AM ET,"2032 CANOPY CIR UNIT 148 ZELLWOOD, 32798","$15,787.43","$173,120.00",Hidden,272025982500148
2026-07-15T03:51:47,CLOSED,2024-CA-008035-O,07/22/2026 11:00 AM ET,"10324 MOSS ROSE WAY ORLANDO, 32832","$209,217.37","$153,662.00",Hidden,312408482501060
2026-07-15T03:51:47,CLOSED,2025-CA-005890-O,08/12/2026 11:00 AM ET,"1733 PALMERSTON CIR OCOEE, 34761","$6,747.83","$174,601.00",Hidden,282133421601150
2026-07-15T03:51:47,CLOSED,2023-CA-012330-O,08/25/2026 11:00 AM ET,"3232 TIMUCUA CIR ORLANDO, 32837","$407,543.19","$400,340.00",Hidden,292433380500060
2026-07-15T03:51:47,CLOSED,2023-CA-014094-O,09/02/2026 11:00 AM ET,"231 LIONEL AVE ORLANDO, 32805","$351,965.10","$213,620.00",Hidden,292228960403050
2026-07-16T03:51:43,NEW,2025-CA-011575-O,08/13/2026 11:00 AM ET,"4179 BOOKER ST ORLANDO, 32811",$0.00,"$297,565.00",Hidden,Property
2026-07-16T03:51:43,NEW,2024-CA-004265-O,08/26/2026 11:00 AM ET,"7470 BENTONSHIRE AVE WINDERMERE, 34786",$0.00,"$306,951.00",Hidden,Property
2026-07-16T03:51:43,NEW,2025-CC-011139-O,08/26/2026 11:00 AM ET,"4833 CYPRESS WOODS DR APT 4301 ORLANDO, 32811",$0.00,"$189,800.00",Hidden,Property
2026-07-16T03:51:43,NEW,2025-CA-005648-O,08/27/2026 11:00 AM ET,"2225 KINGSLAND AVE ORLANDO, 32808",$0.00,"$135,935.00",Hidden,Property
2026-07-16T03:51:43,NEW,2024-CA-008417-O,09/01/2026 11:00 AM ET,"2321 HOME AGAIN RD APOPKA, 32712",$0.00,"$430,560.00",Hidden,Property
2026-07-16T03:51:43,NEW,2024-CC-000042-O,09/17/2026 11:00 AM ET,"4839 BENNINGTON PL ORLANDO, 32808",$0.00,"$270,940.00",Hidden,Property
2026-07-16T03:51:43,NEW,2023-CA-013451-O,10/13/2026 11:00 AM ET,"5800 LACONIA RD ORLANDO, 32808",$0.00,"$184,573.00",Hidden,Property
2026-07-16T03:51:43,CLOSED,2023-CA-000320-O,07/15/2026 11:00 AM ET,"1330 JEFF DR APOPKA, 32712","$73,141.16","$108,023.00","$104,383.32",282102000000059
2026-07-16T03:51:43,CLOSED,2024-CA-000953-O,07/15/2026 11:00 AM ET,"879 BELHAVEN DR ORLANDO, 32828","$17,938.23","$710,250.00","$252,187.48",TIMESHARE
2026-07-16T03:51:43,CLOSED,2025-CA-005902-O,07/15/2026 11:00 AM ET,"822 CROOKED CREEK DR OCOEE, 34761","$373,425.89","$330,680.00","$327,795.00",282220799700260
2026-07-16T03:51:43,CLOSED,2025-CA-009846-O,07/15/2026 11:00 AM ET,"4755 BUNTING AVE ORLANDO, 32812","$16,428.67","$58,762.00","$174,900.00",TIMESHARE
2026-07-16T03:51:43,CLOSED,2025-CA-012903-O,08/13/2026 11:00 AM ET,"4179 BOOKER ST ORLANDO, 32811","$323,394.36","$297,565.00",Hidden,292232765206210
2026-07-16T03:51:43,CLOSED,2025-CA-012311-O,08/26/2026 11:00 AM ET,"7470 BENTONSHIRE AVE WINDERMERE, 34786","$9,888.09","$306,951.00",Hidden,272325914800410
2026-07-16T03:51:43,CLOSED,2025-CC-017771-O,08/26/2026 11:00 AM ET,"4833 CYPRESS WOODS DR APT 4301 ORLANDO, 32811","$17,965.90","$189,800.00",Hidden,292318832004301
2026-07-16T03:51:43,CLOSED,2025-CA-011333-O,08/27/2026 11:00 AM ET,"2225 KINGSLAND AVE ORLANDO, 32808","$143,818.66","$135,935.00",Hidden,292218253502040
2026-07-16T03:51:43,CLOSED,2024-CA-009114-O,09/01/2026 11:00 AM ET,"2321 HOME AGAIN RD APOPKA, 32712","$297,135.05","$430,560.00",Hidden,282029602901730
2026-07-16T03:51:43,CLOSED,2025-CA-008056-O,09/17/2026 11:00 AM ET,"4839 BENNINGTON PL ORLANDO, 32808","$341,194.56","$270,940.00",Hidden,292218759902210
2026-07-16T03:51:43,CLOSED,2024-CA-006297-O,10/13/2026 11:00 AM ET,"5800 LACONIA RD ORLANDO, 32808","$162,879.08","$184,573.00",Hidden,282213756813030
2026-07-17T03:51:31,NEW,2025-CA-012903-O,08/13/2026 11:00 AM ET,"4179 BOOKER ST ORLANDO, 32811","$323,394.36","$297,565.00",Hidden,292232765206210
2026-07-17T03:51:31,NEW,2024-CA-006365-O,08/26/2026 11:00 AM ET,"1820 W GRANT ST ORLANDO, 32805","$295,273.50","$228,690.00",Hidden,292303743503060
2026-07-17T03:51:31,NEW,2025-CA-012311-O,08/26/2026 11:00 AM ET,"7470 BENTONSHIRE AVE WINDERMERE, 34786","$9,888.09","$306,951.00",Hidden,272325914800410
2026-07-17T03:51:31,NEW,2025-CC-017771-O,08/26/2026 11:00 AM ET,"4833 CYPRESS WOODS DR APT 4301 ORLANDO, 32811","$17,965.90","$189,800.00",Hidden,292318832004301
2026-07-17T03:51:31,CLOSED,2025-CA-000355-O,07/16/2026 11:00 AM ET,"8514 PALM HARBOUR DR KISSIMMEE, 34747","$2,086,132.82","$77,990.00","$151,387.58",Property
2026-07-17T03:51:31,CLOSED,2025-CA-003863-O,07/16/2026 11:00 AM ET,"13537 TETHERLINE TRL ORLANDO, 32837","$348,574.12","$133,359.00",Hidden,292427266600250
2026-07-17T03:51:31,CLOSED,2025-CA-006449-O,07/16/2026 11:00 AM ET,"1248 COUNTRYMEN CT APOPKA, 32703","$322,098.42","$183,170.00",Hidden,Property
2026-07-17T03:51:31,CLOSED,2025-CA-009271-O,07/16/2026 11:00 AM ET,"10514 LINGER LN ORLANDO, 32821","$15,451.62","$259,110.00",Hidden,TIMESHARE
2026-07-20T03:51:31,NEW,2024-CA-009840-O,08/05/2026 11:00 AM ET,"13851 BEAUREGARD PL ORLANDO, 32837","$165,276.78","$347,480.00",Hidden,292429127500480
2026-07-20T03:51:31,NEW,2025-CA-011333-O,08/27/2026 11:00 AM ET,"2225 KINGSLAND AVE ORLANDO, 32808","$143,818.66","$135,935.00",Hidden,292218253502040
2026-07-20T03:51:31,NEW,2024-CA-009114-O,09/01/2026 11:00 AM ET,"2321 HOME AGAIN RD APOPKA, 32712","$297,135.05","$430,560.00",Hidden,282029602901730
2026-07-20T03:51:31,NEW,2024-CC-017099-O,09/01/2026 11:00 AM ET,"2514 SUGARSAND CT APOPKA, 32712","$10,472.20","$165,969.00",Hidden,282030023103360
2026-07-20T03:51:31,NEW,2025-CA-004577-O,09/01/2026 11:00 AM ET,"4751 LAKE RIDGE RD ORLANDO, 32808","$167,582.20","$202,660.00",Hidden,292206803805270
2026-07-20T03:51:31,NEW,2023-CA-014094-O,09/02/2026 11:00 AM ET,"231 LIONEL AVE ORLANDO, 32805","$351,965.10","$213,620.00",Hidden,292228960403050
2026-07-20T03:51:31,NEW,2026-CC-000992-O,09/02/2026 11:00 AM ET,"532 MAJESTIC OAK DR APOPKA, 32712","$7,298.97","$315,748.00",Hidden,282101203700570
2026-07-20T03:51:31,CLOSED,2025-CC-022885-O,08/27/2026 11:00 AM ET,"1545 BUCKEYE FALLS WAY ORLANDO, 32824","$5,674.25","$289,795.00",Hidden,302429033001820
2026-07-20T03:51:31,CLOSED,2026-CC-001400-O,09/03/2026 11:00 AM ET,"315 FORREST CREST CT OCOEE, 34761","$7,083.39","$260,984.00",Hidden,282216803700280
2026-07-21T03:51:25,NEW,2025-CA-005234-O,08/27/2026 11:00 AM ET,"3934 ROCK HILL LOOP APOPKA, 32712","$615,539.40","$544,124.00",Hidden,282017742406570
2026-07-21T03:51:25,NEW,2025-CA-011982-O,09/02/2026 11:00 AM ET,"2507 RED BERRY WAY OCOEE, 34761",$0.00,"$524,856.00",Hidden,Property
2026-07-21T03:51:25,NEW,2026-CC-002711-O,09/14/2026 11:00 AM ET,"2243 SILVER PINES PL UNIT 405 ORLANDO, 32808","$28,102.37","$99,160.00",Hidden,292218805000405
2026-07-21T03:51:25,CLOSED,2023-CC-006558-O,07/20/2026 11:00 AM ET,"4654 COPPOLA DR MOUNT DORA, 32757","$35,681.24","$519,030.00",Hidden,272003843804980
2026-07-21T03:51:25,CLOSED,2022-CA-007886-O,07/21/2026 11:00 AM ET,"16760 CEDAR CREST DR ORLANDO, 32828","$360,954.44","$321,588.00",Hidden,322231790102260
2026-07-21T03:51:25,CLOSED,2025-CA-000045-O,07/21/2026 11:00 AM ET,"2731 PLUMBERRY AVE OCOEE, 34761","$12,023.74","$484,007.00",Hidden,282204627600180
2026-07-21T03:51:25,CLOSED,2023-CA-011849-O,07/23/2026 11:00 AM ET,"854 LOST GROVE CIR WINTER GARDEN, 34787","$401,402.46","$273,693.00",Hidden,272235323100120
2026-07-21T03:51:25,CLOSED,2025-CA-001657-O,07/31/2026 11:00 AM ET,"10215 LAXTON ST ORLANDO, 32824","$386,371.21","$428,100.00",Hidden,292413917904350
2026-07-21T03:51:25,CLOSED,2024-CA-011468-O,08/11/2026 11:00 AM ET,"5443 LOCHDALE DR ORLANDO, 32818","$5,908.29","$120,504.00",Hidden,282135756205690
2026-07-21T03:51:25,CLOSED,2025-CA-011333-O,08/27/2026 11:00 AM ET,"2225 KINGSLAND AVE ORLANDO, 32808","$143,818.66","$135,935.00",Hidden,292218253502040
2026-07-21T03:51:25,CLOSED,2025-CC-013439-O,09/02/2026 11:00 AM ET,"2507 RED BERRY WAY OCOEE, 34761","$10,015.57","$524,856.00",Hidden,282204016001100
2026-07-22T03:51:43,NEW,2024-CA-010151-O,09/16/2026 11:00 AM ET,"10231 EMERALD WOODS AVE ORLANDO, 32836",$0.00,"$602,034.00",Hidden,Property
2026-07-22T03:51:43,CLOSED,2024-CA-008963-O,07/21/2026 11:00 AM ET,"13905 FAIRWAY ISLAND DR UNIT 1 ORLANDO, 32837","$60,898.29","$168,771.00","$64,207.10",292427011701028
2026-07-22T03:51:43,CLOSED,2025-CA-003624-O,07/21/2026 11:00 AM ET,"1348 WHITNEY ISLES DR WINDERMERE, 34786","$466,898.49","$536,957.00",Hidden,282231926000050
2026-07-22T03:51:43,CLOSED,2025-CA-003835-O,07/21/2026 11:00 AM ET,"817 POLK ST ORLANDO, 32805","$261,689.68","$155,301.00",Hidden,292226327900010
2026-07-22T03:51:43,CLOSED,2025-CA-008559-O,07/21/2026 11:00 AM ET,"4788 PIEDMONT CT ORLANDO, 32811","$3,280.81","$167,050.00","$141,054.84",TIMESHARE
2026-07-22T03:51:43,CLOSED,2025-CA-004159-O,09/16/2026 11:00 AM ET,"10231 EMERALD WOODS AVE ORLANDO, 32836","$171,431.38","$602,034.00",Hidden,282410249501040
2026-07-23T03:51:37,NEW,2026-CC-009844-O,08/20/2026 11:00 AM ET,"17154 SALTY DOG RD WINTER GARDEN, 34787","$9,842.95","$537,380.00",Hidden,272306890402390
2026-07-23T03:51:37,NEW,2024-CA-008450-O,08/25/2026 11:00 AM ET,"10613 ABINGDON CHASE ORLANDO, 32817",$0.00,"$169,439.00",Hidden,Property
2026-07-23T03:51:37,NEW,2025-CC-005115-O,08/26/2026 11:00 AM ET,"10514 LINGER LN ORLANDO, 32821","$9,457.31","$259,110.00",Hidden,292407472001360
2026-07-23T03:51:37,NEW,2025-CC-013439-O,09/02/2026 11:00 AM ET,"2507 RED BERRY WAY OCOEE, 34761","$10,015.57","$524,856.00",Hidden,282204016001100
2026-07-23T03:51:37,CLOSED,2025-CA-002889-O,08/25/2026 11:00 AM ET,"10613 ABINGDON CHASE ORLANDO, 32817","$365,771.53","$169,439.00",Hidden,312208884100390
2026-07-23T03:51:37,CLOSED,2025-CA-006710-O,08/25/2026 11:00 AM ET,"4177 N ORANGE BLOSSOM TRL UNIT ORLANDO, 32804","$322,816.80","$284,900.00",Hidden,292210261301208
2026-07-24T03:51:34,NEW,2025-CA-002889-O,08/25/2026 11:00 AM ET,"10613 ABINGDON CHASE ORLANDO, 32817","$365,771.53","$169,439.00",Hidden,312208884100390
2026-07-24T03:51:34,CLOSED,2016-CA-011209-O,07/23/2026 11:00 AM ET,"744 MALONEY LN ORLANDO, 32825","$383,883.00","$298,931.00",Hidden,312229668600720
2026-07-24T03:51:34,CLOSED,2025-CC-016191-O,07/23/2026 11:00 AM ET,"4066 FEATHER TREE DR APOPKA, 32712","$7,802.88","$370,900.00",Hidden,272013933501070
2026-07-24T03:51:34,CLOSED,2025-CA-008467-O,07/31/2026 11:00 AM ET,"262 PLEASANT GARDENS DR APOPKA, 32703","$103,220.75","$247,338.00","$103,220.75",282112712400080
2026-07-24T03:51:34,CLOSED,2026-CA-001389-O,08/26/2026 11:00 AM ET,"2149 MONTE CARLO TRL ORLANDO, 32805","$356,588.87","$105,640.00",Hidden,292234103605170
2026-07-27T03:51:36,NEW,2026-CA-001031-O,08/26/2026 11:00 AM ET,"2149 MONTE CARLO TRL ORLANDO, 32805","$186,797.95","$105,640.00",Hidden,TIMESHARE
2026-07-27T03:51:36,NEW,2025-CC-012873-O,09/09/2026 11:00 AM ET,"12949 CATS CLAW LN ORLANDO, 32828","$12,386.29","$371,310.00",Hidden,322306103923000
2026-07-27T03:51:36,NEW,2025-CA-001657-O,09/16/2026 11:00 AM ET,"10215 LAXTON ST ORLANDO, 32824","$386,371.21","$428,100.00",Hidden,292413917904350
2026-07-27T03:51:36,NEW,2025-CA-004159-O,09/16/2026 11:00 AM ET,"10231 EMERALD WOODS AVE ORLANDO, 32836","$171,431.38","$602,034.00",Hidden,282410249501040
2026-07-27T03:51:36,CLOSED,2025-CC-023841-O,08/26/2026 11:00 AM ET,"6240 OAKCREST CIR ORLANDO, 32808","$10,987.05","$103,030.00",Hidden,282212705503030
2026-07-27T03:51:36,CLOSED,2026-CA-003985-O,08/28/2026 11:00 AM ET,"8455 A D MIMS RD ORLANDO, 32818","$439,931.71","$78,650.00","$439,931.71",282210000000139
2026-07-28T03:51:35,NEW,2026-CA-003985-O,08/28/2026 11:00 AM ET,"8455 A D MIMS RD ORLANDO, 32818","$439,931.71","$78,650.00","$439,931.71",282210000000139
2026-07-28T03:51:35,NEW,2015-CA-009378-O,09/03/2026 11:00 AM ET,"12720 TOPSFIELD DR ORLANDO, 32837","$586,881.47","$232,904.00",Hidden,292421201800040
2026-07-28T03:51:35,NEW,2025-CA-008560-O,09/04/2026 11:00 AM ET,"130 SCOTTSDALE SQ UNIT 130 WINTER PARK, 32792","$151,040.88","$96,500.00",Hidden,302210713003130
2026-07-28T03:51:35,NEW,2016-CA-000029-O,09/17/2026 11:00 AM ET,"1762 PALMERSTON CIR OCOEE, 34761",$0.00,"$361,875.00",Hidden,Property
2026-07-28T03:51:35,NEW,2025-CA-004051-O,09/17/2026 11:00 AM ET,"99 MINNEHAHA CIR MAITLAND, 32751","$323,827.35","$353,766.00",Hidden,302130567603070
2026-07-28T03:51:35,NEW,2025-CA-006333-O,09/17/2026 11:00 AM ET,"4839 BENNINGTON PL ORLANDO, 32808","$2,991.16","$270,940.00",Hidden,TIMESHARE
2026-07-28T03:51:35,NEW,2025-CA-008432-O,09/22/2026 11:00 AM ET,"2334 BABBITT AVE ORLANDO, 32833","$448,674.16","$264,088.00",Hidden,322301760233140
2026-07-28T03:51:35,CLOSED,2025-CA-003157-O,07/27/2026 11:00 AM ET,"1370 PORTMOOR WAY WINTER GARDEN, 34787","$318,958.43","$594,540.00","$321,626.70",272304823104191
2026-07-28T03:51:35,CLOSED,2025-CA-009823-O,07/27/2026 11:00 AM ET,"713 EGAN DR ORLANDO, 32822","$360,772.32","$313,771.00",Hidden,302227042202300
2026-07-28T03:51:35,CLOSED,2024-CC-000042-O,09/17/2026 11:00 AM ET,"4839 BENNINGTON PL ORLANDO, 32808",$0.00,"$270,940.00",Hidden,Property
2026-07-29T03:51:43,NEW,2024-CA-000953-O,07/29/2026 11:00 AM ET,"519 EAST AMELIA STREET ORLANDO, 32803","$53,301.27","$1,275,020.00","$1,026,322.97",TIMESHARE
2026-07-29T03:51:43,NEW,2025-CA-012073-O,08/12/2026 11:00 AM ET,"714 BELLSHIRE WAY WINTER GARDEN, 34787","$167,873.75","$441,570.00",Hidden,TIMESHARE
2026-07-29T03:51:43,NEW,2015-CA-009186-O,08/31/2026 11:00 AM ET,"9941 GROSVENOR POINTE CIR WINDERMERE, 34786",$0.00,"$3,402,476.00",Hidden,Property
2026-07-29T03:51:43,NEW,2025-CA-002670-O,09/01/2026 11:00 AM ET,"4619 GATE PL UNIT 205 ORLANDO, 32811","$134,029.83","$195,100.00",Hidden,292308871408205
2026-07-29T03:51:43,NEW,2025-CA-003839-O,09/03/2026 11:00 AM ET,"619 MERCADO AVE ORLANDO, 32807",$0.00,"$261,880.00",Hidden,Property
2026-07-29T03:51:43,NEW,2025-CA-004286-O,09/10/2026 11:00 AM ET,"7001 BLAIR DR ORLANDO, 32818","$212,620.82","$80,122.00",Hidden,282223540300140
2026-07-29T03:51:43,NEW,2025-CA-005667-O,09/10/2026 11:00 AM ET,"6109 ZONNA AVE ORLANDO, 32808","$96,333.01","$177,544.00",Hidden,282201474300690
2026-07-29T03:51:43,NEW,2025-CA-011007-O,09/10/2026 11:00 AM ET,"2718 DOBBIN DR ORLANDO, 32817",$0.00,"$116,152.00",Hidden,Property
2026-07-29T03:51:43,NEW,2025-CA-009407-O,09/14/2026 11:00 AM ET,"2243 SILVER PINES PL UNIT 405 ORLANDO, 32808",$0.00,"$99,160.00",Hidden,Property
2026-07-29T03:51:43,NEW,2024-CC-000042-O,09/17/2026 11:00 AM ET,"1762 PALMERSTON CIR OCOEE, 34761","$8,264.50","$361,875.00",Hidden,282133421600450
2026-07-29T03:51:43,NEW,2026-CA-001447-O,09/17/2026 11:00 AM ET,"3415 N GOLDENROD RD WINTER PARK, 32792",$0.00,"$363,521.00",Hidden,302211499900990
2026-07-29T03:51:43,NEW,2025-CA-012492-O,09/23/2026 11:00 AM ET,"9111 OUTLOOK ROCK TRL WINDERMERE, 34786","$1,153,345.67","$867,380.00",Hidden,272336916000480
2026-07-29T03:51:43,NEW,2025-CA-011851-O,10/05/2026 11:00 AM ET,"8462 MOREHOUSE DR ORLANDO, 32836","$12,003.83","$1,330,170.00",Hidden,282410665402530
2026-07-29T03:51:43,NEW,2024-CA-007828-O,10/07/2026 11:00 AM ET,"430 ASHLEY BROOKE CT APOPKA, 32712","$5,441,529.16","$229,776.00",Hidden,Property
2026-07-29T03:51:43,NEW,2024-CA-006297-O,10/13/2026 11:00 AM ET,"5800 LACONIA RD ORLANDO, 32808","$162,879.08","$184,573.00",Hidden,282213756813030
2026-07-29T03:51:43,NEW,2025-CA-010998-O,10/13/2026 11:00 AM ET,"5825 NORTH LN ORLANDO, 32808","$143,353.84","$114,142.00",Hidden,282201558900180
2026-07-29T03:51:43,NEW,2025-CA-000803-O,10/19/2026 11:00 AM ET,"1602 BREN LEE CT ORLANDO, 32805","$105,270.42","$78,780.00",Hidden,292303088800160
2026-07-29T03:51:43,NEW,2026-CA-001975-O,11/05/2026 11:00 AM ET,"1705 GOLDEN POPPY CT ORLANDO, 32824","$165,871.51","$114,140.00",Hidden,292436285570077
2026-07-29T03:51:43,NEW,2023-CA-015534-O,11/17/2026 11:00 AM ET,"523 GRAND ROYAL CIR WINTER GARDEN, 34787","$426,822.48","$155,026.00",Hidden,272223680101810
2026-07-29T03:51:43,NEW,2025-CA-008467-O,11/24/2026 11:00 AM ET,"262 PLEASANT GARDENS DR APOPKA, 32703","$103,220.75","$247,338.00",Hidden,282112712400080
2026-07-29T03:51:43,CLOSED,2018-CA-000023-O,07/28/2026 11:00 AM ET,"14639 GRAND COVE DR ORLANDO, 32837","$593,784.03","$229,145.00",Hidden,292434267100150
2026-07-29T03:51:43,CLOSED,2020-CA-001965-O,07/28/2026 11:00 AM ET,"3713 MITCHELL RD ORLANDO, 32808","$203,396.02","$195,334.00","$165,000.00",292207705003030
2026-07-29T03:51:43,CLOSED,2025-CA-003935-O,07/30/2026 11:00 AM ET,"430 ASHLEY BROOKE CT APOPKA, 32712","$303,364.43","$229,776.00",Hidden,282105646149020
2026-07-29T03:51:43,CLOSED,2024-CA-000490-O,07/31/2026 11:00 AM ET,"7601 ACADIAN DR ORLANDO, 32822","$171,408.64","$65,889.00",Hidden,302314232903010
2026-07-29T03:51:43,CLOSED,2024-CA-009540-O,08/31/2026 11:00 AM ET,"9941 GROSVENOR POINTE CIR WINDERMERE, 34786","$1,095,209.39","$3,402,476.00",Hidden,282329408309840
2026-07-29T03:51:43,CLOSED,2026-CC-000992-O,09/02/2026 11:00 AM ET,"532 MAJESTIC OAK DR APOPKA, 32712","$7,298.97","$315,748.00",Hidden,282101203700570
2026-07-29T03:51:43,CLOSED,2026-CA-001637-O,09/03/2026 11:00 AM ET,"619 MERCADO AVE ORLANDO, 32807","$261,513.32","$261,880.00",Hidden,302233570010180
2026-07-29T03:51:43,CLOSED,2026-CC-002711-O,09/14/2026 11:00 AM ET,"2243 SILVER PINES PL UNIT 405 ORLANDO, 32808","$28,102.37","$99,160.00",Hidden,292218805000405
2026-07-30T03:51:59,NEW,2025-CC-013587-O,08/26/2026 11:00 AM ET,"4833 CYPRESS WOODS DR APT 4301 ORLANDO, 32811",$0.00,"$189,800.00",Hidden,Property
2026-07-30T03:51:59,NEW,2024-CA-009540-O,08/31/2026 11:00 AM ET,"9941 GROSVENOR POINTE CIR WINDERMERE, 34786","$1,095,209.39","$3,402,476.00",Hidden,282329408309840
2026-07-30T03:51:59,NEW,2026-CA-001032-O,09/09/2026 11:00 AM ET,"7759 WHISPER PL ORLANDO, 32810",$0.00,"$81,492.00",Hidden,Property
2026-07-30T03:51:59,NEW,2026-CA-001808-O,09/10/2026 11:00 AM ET,"2718 DOBBIN DR ORLANDO, 32817","$59,360.77","$116,152.00",Hidden,312207025102160
2026-07-30T03:51:59,NEW,2025-CC-012173-O,09/14/2026 11:00 AM ET,"2243 SILVER PINES PL UNIT 405 ORLANDO, 32808",$0.00,"$99,160.00",Hidden,Property
2026-07-30T03:51:59,NEW,2014-CA-008218-O,09/15/2026 11:00 AM ET,"8226 WILLOWWOOD ST ORLANDO, 32818",$0.00,"$120,412.00",Hidden,Property
2026-07-30T03:51:59,NEW,2026-CA-002196-O,09/23/2026 11:00 AM ET,"373 ERON WAY UNIT 47 WINTER GARDEN, 34787","$282,398.38","$164,228.00",Hidden,272222666000470
2026-07-30T03:51:59,NEW,2026-CA-002248-O,09/23/2026 11:00 AM ET,"4816 OAKBROOKE PL ORLANDO, 32812","$517,648.53","$420,600.00",Hidden,302304215103020
2026-07-30T03:51:59,NEW,2026-CC-000894-O,09/28/2026 11:00 AM ET,"2851 CRIBBLE CT ORLANDO, 32825","$9,191.87","$151,708.00",Hidden,312305180100290
2026-07-30T03:51:59,NEW,2025-CA-004370-O,10/27/2026 11:00 AM ET,"8593 RANDAL PARK BLVD ORLANDO, 32832","$456,684.22","$372,669.00",Hidden,312332195200570
2026-07-30T03:51:59,CLOSED,2023-CA-015270-O,07/29/2026 11:00 AM ET,"11021 HAWKSHEAD CT WINDERMERE, 34786","$1,336,537.88","$870,000.00",Hidden,282319739200660
2026-07-30T03:51:59,CLOSED,2024-CA-000953-O,07/29/2026 11:00 AM ET,"519 EAST AMELIA STREET ORLANDO, 32803","$53,301.27","$1,275,020.00","$1,026,322.97",TIMESHARE
2026-07-30T03:51:59,CLOSED,2024-CA-002829-O,07/30/2026 11:00 AM ET,"16944 ARROWHEAD BLVD WINTER GARDEN, 34787","$544,486.18","$348,431.00",Hidden,272431030604370
2026-07-30T03:51:59,CLOSED,2025-CA-009398-O,07/30/2026 11:00 AM ET,"710 MARLOWE AVE ORLANDO, 32809","$225,108.90","$352,780.00",Hidden,292326808709790
2026-07-30T03:51:59,CLOSED,2025-CC-017771-O,08/26/2026 11:00 AM ET,"4833 CYPRESS WOODS DR APT 4301 ORLANDO, 32811","$17,965.90","$189,800.00",Hidden,292318832004301
2026-07-30T03:51:59,CLOSED,2026-CA-001031-O,08/26/2026 11:00 AM ET,"2149 MONTE CARLO TRL ORLANDO, 32805","$186,797.95","$105,640.00",Hidden,TIMESHARE
2026-07-30T03:51:59,CLOSED,2026-CA-001959-O,09/09/2026 11:00 AM ET,"7759 WHISPER PL ORLANDO, 32810","$95,636.52","$81,492.00",Hidden,292129936200250
2026-07-30T03:51:59,CLOSED,2023-CA-000567-O,09/15/2026 11:00 AM ET,"8226 WILLOWWOOD ST ORLANDO, 32818","$499,019.31","$120,412.00",Hidden,282222443500280
2026-07-30T03:51:59,CLOSED,2024-CA-007828-O,10/07/2026 11:00 AM ET,"430 ASHLEY BROOKE CT APOPKA, 32712","$5,441,529.16","$229,776.00",Hidden,Property
2026-07-31T03:51:50,NEW,2023-CA-012299-O,08/04/2026 11:00 AM ET,"9321 DANEY ST GOTHA, 34734","$246,496.93","$175,580.00",Hidden,Property
2026-07-31T03:51:50,NEW,2025-CC-012105-O,09/02/2026 11:00 AM ET,"2507 RED BERRY WAY OCOEE, 34761",$0.00,"$524,856.00",Hidden,Property
2026-07-31T03:51:50,NEW,2025-CA-001550-O,09/10/2026 11:00 AM ET,"7001 BLAIR DR ORLANDO, 32818",$0.00,"$80,122.00",Hidden,Property
2026-07-31T03:51:50,NEW,2026-CC-002711-O,09/14/2026 11:00 AM ET,"2243 SILVER PINES PL UNIT 405 ORLANDO, 32808","$28,102.37","$99,160.00",Hidden,292218805000405
2026-07-31T03:51:50,NEW,2024-CA-008721-O,09/15/2026 11:00 AM ET,"2902 CALUMET DR ORLANDO, 32810","$339,726.01","$267,844.00",Hidden,292128368300520
2026-07-31T03:51:50,NEW,2024-CA-007828-O,10/07/2026 11:00 AM ET,"430 ASHLEY BROOKE CT APOPKA, 32712","$5,441,529.16","$229,776.00",Hidden,Property
2026-07-31T03:51:50,NEW,2025-CC-017217-O,11/04/2026 11:00 AM ET,"7861 COUNTRY RUN PKWY ORLANDO, 32818","$40,910.90","$372,293.00",Hidden,282202183102710
2026-07-31T03:51:50,CLOSED,2023-CA-016890-O,07/30/2026 11:00 AM ET,"206 E SOUTH ST UNIT 4007 ORLANDO, 32801","$217,025.69","$220,100.00",Hidden,292236313034007
2026-07-31T03:51:50,CLOSED,2024-CA-005464-O,07/30/2026 11:00 AM ET,"6826 KARA CT ORLANDO, 32819","$158,875.01","$265,991.00","$165,689.76",282326626401150
2026-07-31T03:51:50,CLOSED,2024-CA-000674-O,08/04/2026 11:00 AM ET,"4218 CROSSEN DR ORLANDO, 32822","$251,267.57","$175,580.00",Hidden,302313233201780
2026-07-31T03:51:50,CLOSED,2025-CA-002073-O,08/04/2026 11:00 AM ET,"3582 COWDEN CT OCOEE, 34761","$5,492.91","$426,800.00",Hidden,282133421601050
2026-07-31T03:51:50,CLOSED,2025-CA-004167-O,08/04/2026 11:00 AM ET,"13062 LAKESHORE GROVE DR WINTER GARDEN, 34787","$100,949.75","$402,306.00",Hidden,272302920000290
2026-07-31T03:51:50,CLOSED,2026-CA-000949-O,08/05/2026 11:00 AM ET,"3630 RODRICK CIR ORLANDO, 32824","$29,921.23","$274,385.00","$29,921.23",302432963008044
2026-07-31T03:51:50,CLOSED,2025-CA-012903-O,08/13/2026 11:00 AM ET,"4179 BOOKER ST ORLANDO, 32811","$323,394.36","$297,565.00",Hidden,292232765206210
2026-07-31T03:51:50,CLOSED,2025-CC-013439-O,09/02/2026 11:00 AM ET,"2507 RED BERRY WAY OCOEE, 34761","$10,015.57","$524,856.00",Hidden,282204016001100
2026-07-31T03:51:50,CLOSED,2025-CA-004286-O,09/10/2026 11:00 AM ET,"7001 BLAIR DR ORLANDO, 32818","$212,620.82","$80,122.00",Hidden,282223540300140
2026-08-03T03:51:47,NEW,2026-CA-001671-O,08/12/2026 11:00 AM ET,"4118 DIJON DR UNIT 4118E ORLANDO, 32808","$177,692.04","$118,300.00",Hidden,292205187604118
2026-08-03T03:51:47,NEW,2025-CC-017771-O,08/26/2026 11:00 AM ET,"4833 CYPRESS WOODS DR APT 4301 ORLANDO, 32811","$17,965.90","$189,800.00",Hidden,292318832004301
2026-08-03T03:51:47,NEW,2025-CC-013439-O,09/02/2026 11:00 AM ET,"2507 RED BERRY WAY OCOEE, 34761","$10,015.57","$524,856.00",Hidden,282204016001100
2026-08-03T03:51:47,NEW,2024-CA-000960-O,09/03/2026 11:00 AM ET,"619 MERCADO AVE ORLANDO, 32807",$0.00,"$261,880.00",Hidden,Property
2026-08-03T03:51:47,NEW,2025-CA-004286-O,09/10/2026 11:00 AM ET,"7001 BLAIR DR ORLANDO, 32818","$212,620.82","$80,122.00",Hidden,282223540300140
2026-08-03T03:51:47,NEW,2024-CA-005836-O,09/14/2026 11:00 AM ET,"449 LAKE VIEW DR APOPKA, 32703",$0.00,"$275,110.00",Hidden,Property
2026-08-03T03:51:47,NEW,2025-CA-010970-O,09/14/2026 11:00 AM ET,"2854 N POWERS DR APT 102 ORLANDO, 32818",$0.00,"$70,950.00",Hidden,Property
2026-08-03T03:51:47,NEW,2025-CA-002078-O,09/17/2026 11:00 AM ET,"99 MINNEHAHA CIR MAITLAND, 32751",$0.00,"$353,766.00",Hidden,Property
2026-08-03T03:51:47,NEW,2025-CA-012903-O,10/06/2026 11:00 AM ET,"4179 BOOKER ST ORLANDO, 32811","$323,394.36","$297,565.00",Hidden,292232765206210
2026-08-03T03:51:47,NEW,2025-CA-004782-O,10/28/2026 11:00 AM ET,"4482 BEGONIA CT WINDERMERE, 34786","$533,487.91","$944,215.00",Hidden,272311545900220
2026-08-03T03:51:47,CLOSED,2025-CA-000648-O,07/31/2026 11:00 AM ET,"10469 LAXTON ST ORLANDO, 32824","$300,280.28","$385,143.00",Hidden,292413917904040
2026-08-03T03:51:47,CLOSED,2025-CA-001448-O,07/31/2026 11:00 AM ET,"4519 TOWER PINE RD ORLANDO, 32839","$46,881.67","$68,934.00","$50,013.12",292309011201519
2026-08-03T03:51:47,CLOSED,2025-CA-003839-O,09/03/2026 11:00 AM ET,"619 MERCADO AVE ORLANDO, 32807","$5,374.34","$261,880.00",Hidden,TIMESHARE
2026-08-03T03:51:47,CLOSED,2025-CA-009407-O,09/14/2026 11:00 AM ET,"449 LAKE VIEW DR APOPKA, 32703","$241,942.74","$275,110.00",Hidden,282106718802020
2026-08-03T03:51:47,CLOSED,2025-CC-012173-O,09/14/2026 11:00 AM ET,"2854 N POWERS DR APT 102 ORLANDO, 32818","$17,136.23","$70,950.00",Hidden,282213613212080
2026-08-03T03:51:47,CLOSED,2025-CA-004051-O,09/17/2026 11:00 AM ET,"99 MINNEHAHA CIR MAITLAND, 32751","$323,827.35","$353,766.00",Hidden,302130567603070
2026-08-04T03:52:03,NEW,2025-CA-004780-O,09/01/2026 11:00 AM ET,"14291 SWANLEY ST ORLANDO, 32832",$0.00,"$282,167.00",Hidden,Property
2026-08-04T03:52:03,NEW,2024-CC-022712-O,09/04/2026 11:00 AM ET,"130 SCOTTSDALE SQ UNIT 130 WINTER PARK, 32792",$0.00,"$96,500.00",Hidden,Property
2026-08-04T03:52:03,NEW,2025-CA-009675-O,09/10/2026 11:00 AM ET,"7818 TANBIER DR ORLANDO, 32818",$0.00,"$305,223.00",Hidden,Property
2026-08-04T03:52:03,NEW,2025-CA-003914-O,09/16/2026 11:00 AM ET,"10231 EMERALD WOODS AVE ORLANDO, 32836",$0.00,"$602,034.00",Hidden,Property
2026-08-04T03:52:03,NEW,2026-CA-000530-O,09/17/2026 11:00 AM ET,"3415 N GOLDENROD RD WINTER PARK, 32792",$0.00,"$363,521.00",Hidden,Property
2026-08-04T03:52:03,CLOSED,2025-CA-003080-O,08/03/2026 11:00 AM ET,"1225 LAKE SHADOW CIR UNIT 1410 MAITLAND, 32751","$157,276.44","$176,925.00",Hidden,292127892514102
2026-08-04T03:52:03,CLOSED,2025-CA-007969-O,08/03/2026 11:00 AM ET,"8007 MEADOWGLEN DR ORLANDO, 32810","$292,752.75","$299,800.00","$292,752.75",292127714004030
2026-08-04T03:52:03,CLOSED,2025-CC-017428-O,08/03/2026 11:00 AM ET,"12086 JEWEL FISH LN ORLANDO, 32827","$18,763.59","$377,394.00","$18,763.59",312418916304950
2026-08-04T03:52:03,CLOSED,2024-CA-003621-O,08/04/2026 11:00 AM ET,"3425 SEAGRAPE DR WINTER PARK, 32792","$178,358.52","$87,710.00",Hidden,302203227402050
2026-08-04T03:52:03,CLOSED,2025-CA-006161-O,08/04/2026 11:00 AM ET,"2227 CATALINA DR ORLANDO, 32805","$4,672.69","$213,960.00",Hidden,TIMESHARE
2026-08-04T03:52:03,CLOSED,2025-CA-008560-O,09/04/2026 11:00 AM ET,"130 SCOTTSDALE SQ UNIT 130 WINTER PARK, 32792","$151,040.88","$96,500.00",Hidden,302210713003130
2026-08-04T03:52:03,CLOSED,2025-CA-011007-O,09/10/2026 11:00 AM ET,"7818 TANBIER DR ORLANDO, 32818",$0.00,"$305,223.00",Hidden,282202756500040
2026-08-04T03:52:03,CLOSED,2025-CA-004159-O,09/16/2026 11:00 AM ET,"10231 EMERALD WOODS AVE ORLANDO, 32836","$171,431.38","$602,034.00",Hidden,282410249501040
2026-08-04T03:52:03,CLOSED,2026-CA-001447-O,09/17/2026 11:00 AM ET,"3415 N GOLDENROD RD WINTER PARK, 32792","$379,444.55","$363,521.00",Hidden,302211499900990
2026-08-05T03:51:56,NEW,2025-CA-005780-O,09/01/2026 11:00 AM ET,"1318 ASHBY CIR APOPKA, 32703","$309,857.46","$260,822.00",Hidden,282113690100060
2026-08-05T03:51:56,NEW,2025-CA-006948-O,09/01/2026 11:00 AM ET,"14291 SWANLEY ST ORLANDO, 32832","$123,772.91","$282,167.00",Hidden,312432230602810
2026-08-05T03:51:56,NEW,2025-CA-008560-O,09/04/2026 11:00 AM ET,"130 SCOTTSDALE SQ UNIT 130 WINTER PARK, 32792","$151,040.88","$96,500.00",Hidden,302210713003130
2026-08-05T03:51:56,NEW,2025-CA-009787-O,09/08/2026 11:00 AM ET,"502 DORADO AVE ORLANDO, 32807","$3,478.86","$252,800.00",Hidden,TIMESHARE
2026-08-05T03:51:56,NEW,2025-CA-010975-O,09/08/2026 11:00 AM ET,"15006 BELLINKOFF LN ORLANDO, 32828","$4,229.31","$295,277.00",Hidden,TIMESHARE
2026-08-05T03:51:56,NEW,2025-CA-011007-O,09/10/2026 11:00 AM ET,"7818 TANBIER DR ORLANDO, 32818",$0.00,"$305,223.00",Hidden,282202756500040
2026-08-05T03:51:56,NEW,2022-CA-004785-O,09/17/2026 11:00 AM ET,"1762 PALMERSTON CIR OCOEE, 34761",$0.00,"$361,875.00",Hidden,Property
2026-08-05T03:51:56,CLOSED,2020-CA-000935-O,08/04/2026 11:00 AM ET,"1615 WHITE AVE ORLANDO, 32806","$489,362.96","$230,758.00",Hidden,302307165004131
2026-08-05T03:51:56,CLOSED,2023-CA-011632-O,08/04/2026 11:00 AM ET,"10244 SANDY MARSH LN ORLANDO, 32832","$354,853.35","$540,558.00",Hidden,312409512901190
2026-08-05T03:51:56,CLOSED,2023-CA-012299-O,08/04/2026 11:00 AM ET,"9321 DANEY ST GOTHA, 34734","$246,496.93","$335,570.00",Hidden,Property
2026-08-05T03:51:56,CLOSED,2019-CC-016067-O,08/06/2026 11:00 AM ET,"2543 WINDSORGATE LN ORLANDO, 32828","$47,548.80","$671,178.00",Hidden,312302198403740
2026-08-05T03:51:56,CLOSED,2024-CC-000042-O,09/17/2026 11:00 AM ET,"1762 PALMERSTON CIR OCOEE, 34761","$8,264.50","$361,875.00",Hidden,282133421600450
2026-08-06T03:58:11,CLOSED,2024-CA-009840-O,08/05/2026 11:00 AM ET,"13851 BEAUREGARD PL ORLANDO, 32837","$165,276.78","$347,480.00",Hidden,292429127500480
2026-08-06T03:58:11,CLOSED,2025-CA-008764-O,08/05/2026 11:00 AM ET,"3630 RODRICK CIR ORLANDO, 32824","$81,028.35","$274,385.00","$29,921.23",TIMESHARE
2026-08-06T03:58:11,CLOSED,2026-CA-001387-O,08/05/2026 11:00 AM ET,"3473 MCCORMICK WOODS DR OCOEE, 34761","$290,349.00","$295,879.00",Hidden,282132552100740
2026-08-06T03:58:11,CLOSED,2023-CA-014557-O,08/06/2026 11:00 AM ET,"311 W 17TH ST APOPKA, 32703","$84,479.04","$129,087.00","$85,512.03",282116471500020
2026-08-06T03:58:11,CLOSED,2025-CA-006492-O,08/24/2026 11:00 AM ET,"300 COUNTRY LANDING BLVD APOPKA, 32703","$90,150.78","$151,759.00",Hidden,282108180601110
2026-08-06T03:58:11,CLOSED,2025-CA-007841-O,08/24/2026 11:00 AM ET,"1926 PARK MANOR DR ORLANDO, 32817","$376,304.07","$350,453.00",Hidden,312216807902010
2026-08-06T03:58:11,CLOSED,2025-CC-027227-O,08/24/2026 11:00 AM ET,"3830 SOUTHPOINTE DR UNIT L-2 ORLANDO, 32822","$23,814.96","$141,885.00",Hidden,302310818216102
2026-08-06T03:58:11,CLOSED,2025-CA-010975-O,09/08/2026 11:00 AM ET,"15006 BELLINKOFF LN ORLANDO, 32828","$4,229.31","$295,277.00",Hidden,TIMESHARE
2026-08-06T03:58:11,CLOSED,2025-CA-008432-O,09/22/2026 11:00 AM ET,"2334 BABBITT AVE ORLANDO, 32833","$448,674.16","$264,088.00",Hidden,322301760233140
2026-08-06T03:58:11,CLOSED,2025-CA-000078-O,09/23/2026 11:00 AM ET,"513 E LAKESHORE DR OCOEE, 34761","$970,716.76","$822,030.00",Hidden,282220473700190
2026-08-06T03:58:11,CLOSED,2025-CA-012492-O,09/23/2026 11:00 AM ET,"9111 OUTLOOK ROCK TRL WINDERMERE, 34786","$1,153,345.67","$867,380.00",Hidden,272336916000480
2026-08-06T03:58:11,CLOSED,2026-CA-002196-O,09/23/2026 11:00 AM ET,"373 ERON WAY UNIT 47 WINTER GARDEN, 34787","$282,398.38","$164,228.00",Hidden,272222666000470
2026-08-06T03:58:11,CLOSED,2026-CA-002248-O,09/23/2026 11:00 AM ET,"4816 OAKBROOKE PL ORLANDO, 32812","$517,648.53","$420,600.00",Hidden,302304215103020
2026-08-07T03:51:58,NEW,2025-CA-006492-O,08/24/2026 11:00 AM ET,"300 COUNTRY LANDING BLVD APOPKA, 32703","$90,150.78","$151,759.00",Hidden,282108180601110
2026-08-07T03:51:58,NEW,2025-CC-027227-O,08/24/2026 11:00 AM ET,"3830 SOUTHPOINTE DR UNIT L-2 ORLANDO, 32822","$23,814.96","$141,885.00",Hidden,302310818216102
2026-08-07T03:51:58,NEW,2024-CC-009967-O,09/08/2026 11:00 AM ET,"7909 TOLER CT ORLANDO, 32822","$4,698.29","$87,684.00",Hidden,302302745840010
2026-08-07T03:51:58,NEW,2018-CA-013612-O,09/22/2026 11:00 AM ET,"2334 BABBITT AVE ORLANDO, 32833",$0.00,"$264,088.00",Hidden,Property
2026-08-07T03:51:58,NEW,2025-CA-000078-O,09/23/2026 11:00 AM ET,"513 E LAKESHORE DR OCOEE, 34761","$970,716.76","$822,030.00",Hidden,282220473700190
2026-08-07T03:51:58,NEW,2025-CA-012492-O,09/23/2026 11:00 AM ET,"9111 OUTLOOK ROCK TRL WINDERMERE, 34786","$1,153,345.67","$867,380.00",Hidden,272336916000480
2026-08-07T03:51:58,NEW,2026-CA-002196-O,09/23/2026 11:00 AM ET,"373 ERON WAY UNIT 47 WINTER GARDEN, 34787","$282,398.38","$164,228.00",Hidden,272222666000470
2026-08-07T03:51:58,NEW,2026-CA-002248-O,09/23/2026 11:00 AM ET,"4816 OAKBROOKE PL ORLANDO, 32812","$517,648.53","$420,600.00",Hidden,302304215103020
2026-08-07T03:51:58,CLOSED,2024-CA-009114-O,09/01/2026 11:00 AM ET,"2321 HOME AGAIN RD APOPKA, 32712","$297,135.05","$430,560.00",Hidden,282029602901730
2026-08-10T03:51:47,CLOSED,2022-CA-005715-O,08/07/2026 11:00 AM ET,"2213 BONNEVILLE DR ORLANDO, 32826","$128,775.10","$189,750.00","$77,520.00",312214653910053
2026-08-11T03:52:18,NEW,2025-CA-012081-O,08/26/2026 11:00 AM ET,"7470 BENTONSHIRE AVE WINDERMERE, 34786",$0.00,"$306,951.00",Hidden,Property
2026-08-11T03:52:18,NEW,2025-CA-010570-O,09/10/2026 11:00 AM ET,"7818 TANBIER DR ORLANDO, 32818",$0.00,"$305,223.00",Hidden,Property
2026-08-11T03:52:18,NEW,2024-CA-000953-O,09/16/2026 11:00 AM ET,"7808 CLUBHOUSE ESTATES DR ORLANDO, 32819",$0.00,"$417,530.00",Hidden,Property
2026-08-11T03:52:18,NEW,2016-CA-003405-O,09/29/2026 11:00 AM ET,"5550 E MICHIGAN ST ORLANDO, 32822",$0.00,"$110,673.00",Hidden,Property
2026-08-11T03:52:18,NEW,2024-CA-005708-O,10/06/2026 11:00 AM ET,"4179 BOOKER ST ORLANDO, 32811",$0.00,"$297,565.00",Hidden,Property
2026-08-11T03:52:18,CLOSED,2023-CC-023642-O,08/10/2026 11:00 AM ET,"15493 WILLOW ARBOR CIR ORLANDO, 32824","$19,473.11","$364,310.00",Hidden,292425008001850
2026-08-11T03:52:18,CLOSED,2025-CA-012311-O,08/26/2026 11:00 AM ET,"7470 BENTONSHIRE AVE WINDERMERE, 34786","$9,888.09","$306,951.00",Hidden,272325914800410
2026-08-11T03:52:18,CLOSED,2025-CA-011007-O,09/10/2026 11:00 AM ET,"7818 TANBIER DR ORLANDO, 32818",$0.00,"$305,223.00",Hidden,282202756500040
2026-08-11T03:52:18,CLOSED,2024-CA-010151-O,09/16/2026 11:00 AM ET,"7808 CLUBHOUSE ESTATES DR ORLANDO, 32819","$566,958.93","$417,530.00",Hidden,282327143400510
2026-08-11T03:52:18,CLOSED,2024-CA-006356-O,09/29/2026 11:00 AM ET,"5550 E MICHIGAN ST ORLANDO, 32822","$129,481.16","$110,673.00",Hidden,302304734602325
2026-08-11T03:52:18,CLOSED,2025-CA-012903-O,10/06/2026 11:00 AM ET,"4179 BOOKER ST ORLANDO, 32811","$323,394.36","$297,565.00",Hidden,292232765206210
2026-08-11T03:52:18,CLOSED,2023-CA-013451-O,10/13/2026 11:00 AM ET,"13051 GRAND BANK LN ORLANDO, 32825","$380,497.16","$281,858.00",Hidden,312309020600240
2026-08-12T03:52:20,NEW,2025-CA-009343-O,09/08/2026 11:00 AM ET,"502 DORADO AVE ORLANDO, 32807","$3,122.49","$252,800.00",Hidden,TIMESHARE
2026-08-12T03:52:20,NEW,2025-CA-011007-O,09/10/2026 11:00 AM ET,"7818 TANBIER DR ORLANDO, 32818",$0.00,"$305,223.00",Hidden,282202756500040
2026-08-12T03:52:20,NEW,2025-CA-009407-O,09/14/2026 11:00 AM ET,"449 LAKE VIEW DR APOPKA, 32703","$241,942.74","$275,110.00",Hidden,282106718802020
2026-08-12T03:52:20,NEW,2025-CC-012173-O,09/14/2026 11:00 AM ET,"2854 N POWERS DR APT 102 ORLANDO, 32818","$17,136.23","$70,950.00",Hidden,282213613212080
2026-08-12T03:52:20,NEW,2023-CA-000567-O,09/15/2026 11:00 AM ET,"8226 WILLOWWOOD ST ORLANDO, 32818","$499,019.31","$120,412.00",Hidden,282222443500280
2026-08-12T03:52:20,NEW,2025-CA-004159-O,09/16/2026 11:00 AM ET,"10231 EMERALD WOODS AVE ORLANDO, 32836","$171,431.38","$602,034.00",Hidden,282410249501040
2026-08-12T03:52:20,NEW,2025-CA-007988-O,09/16/2026 11:00 AM ET,"8012 MORITZ CT ORLANDO, 32825","$5,901.30","$255,625.00",Hidden,302301563700370
2026-08-12T03:52:20,NEW,2025-CA-011822-O,09/16/2026 11:00 AM ET,"1614 SANDY POINT SQ UNIT 57 ORLANDO, 32807","$194,632.97","$166,980.00",Hidden,302303358504570
2026-08-12T03:52:20,NEW,2024-CC-000042-O,09/17/2026 11:00 AM ET,"1762 PALMERSTON CIR OCOEE, 34761","$8,264.50","$361,875.00",Hidden,282133421600450
2026-08-12T03:52:20,NEW,2025-CA-004051-O,09/17/2026 11:00 AM ET,"99 MINNEHAHA CIR MAITLAND, 32751","$323,827.35","$353,766.00",Hidden,302130567603070
2026-08-12T03:52:20,NEW,2026-CA-001447-O,09/17/2026 11:00 AM ET,"3415 N GOLDENROD RD WINTER PARK, 32792","$379,444.55","$363,521.00",Hidden,302211499900990
2026-08-12T03:52:20,NEW,2023-CA-017352-O,10/06/2026 11:00 AM ET,"4179 BOOKER ST ORLANDO, 32811",$0.00,"$297,565.00",Hidden,Property
2026-08-12T03:52:20,NEW,2023-CA-000589-O,10/13/2026 11:00 AM ET,"13051 GRAND BANK LN ORLANDO, 32825",$0.00,"$281,858.00",Hidden,Property
2026-08-12T03:52:20,CLOSED,2024-CA-000447-O,08/11/2026 11:00 AM ET,"458 WEKIVA PRESERVE DR APOPKA, 32712","$596,824.41","$280,085.00",Hidden,282103909200600
2026-08-12T03:52:20,CLOSED,2025-CA-000383-O,08/11/2026 11:00 AM ET,"5074 BREEZY ACRES ST WINTER GARDEN, 34787","$676,145.22","$802,677.00",Hidden,272319918101010
2026-08-12T03:52:20,CLOSED,2025-CA-001286-O,08/11/2026 11:00 AM ET,"7958 GLEN ABBEY CIR ORLANDO, 32819","$350,091.67","$328,041.00",Hidden,282327143400350
2026-08-12T03:52:20,CLOSED,2025-CA-002632-O,08/11/2026 11:00 AM ET,"10616 GODFREY LN ORLANDO, 32825","$252,945.42","$123,190.00",Hidden,312220669500470
2026-08-12T03:52:20,CLOSED,2025-CA-008399-O,08/11/2026 11:00 AM ET,"7315 GLASGOW AVE ORLANDO, 32819","$177,740.20","$316,900.00",Hidden,282314465600120
2026-08-12T03:52:20,CLOSED,2024-CA-001054-O,08/12/2026 11:00 AM ET,"2042 HAREBELL LN OCOEE, 34761","$8,645.51","$240,960.00","$9,318.92",282209724900450
2026-08-12T03:52:20,CLOSED,2024-CA-007937-O,08/18/2026 11:00 AM ET,"5244 OLD WINTER GARDEN RD ORLANDO, 32811","$1,457,814.27","$755,539.00",Hidden,292230000000079
2026-08-12T03:52:20,CLOSED,2024-CA-004265-O,08/26/2026 11:00 AM ET,"6419 CHANTRY ST ORLANDO, 32835","$104,700.95","$126,908.00",Hidden,282225642016150
2026-08-12T03:52:20,CLOSED,2025-CA-009787-O,09/08/2026 11:00 AM ET,"502 DORADO AVE ORLANDO, 32807","$3,478.86","$252,800.00",Hidden,TIMESHARE
2026-08-12T03:52:20,CLOSED,2025-CA-011851-O,10/05/2026 11:00 AM ET,"8462 MOREHOUSE DR ORLANDO, 32836","$12,003.83","$1,330,170.00",Hidden,282410665402530
2026-08-12T03:52:20,CLOSED,2024-CA-005708-O,10/06/2026 11:00 AM ET,"4179 BOOKER ST ORLANDO, 32811",$0.00,"$297,565.00",Hidden,Property
2026-08-12T03:52:20,CLOSED,2023-CA-011215-O,10/13/2026 11:00 AM ET,"13051 GRAND BANK LN ORLANDO, 32825",$0.00,"$281,858.00",Hidden,Property
2026-08-13T03:52:13,NEW,2025-CA-000240-O,08/13/2026 11:00 AM ET,"7226 JONQUIL DR ORLANDO, 32818","$153,697.45","$90,473.00",Hidden,282223357802650
2026-08-13T03:52:13,NEW,2026-CA-001031-O,08/26/2026 11:00 AM ET,"2149 MONTE CARLO TRL ORLANDO, 32805","$186,797.95","$105,640.00",Hidden,TIMESHARE
2026-08-13T03:52:13,NEW,2023-CA-017731-O,09/03/2026 11:00 AM ET,"1326 E ESTHER ST ORLANDO, 32806","$181,286.91","$353,647.00",Hidden,Property
2026-08-13T03:52:13,NEW,2012-CA-018554-O,09/22/2026 11:00 AM ET,"2334 BABBITT AVE ORLANDO, 32833",$0.00,"$264,088.00",Hidden,Property
2026-08-13T03:52:13,CLOSED,2024-CA-006855-O,08/12/2026 11:00 AM ET,"18 S PRIMROSE DR ORLANDO, 32803","$124,615.38","$159,820.00",Hidden,302230303600263
2026-08-13T03:52:13,CLOSED,2025-CA-002399-O,08/12/2026 11:00 AM ET,"5150 CYPRESS CREEK DR UNIT 105 ORLANDO, 32811","$22,892.65","$290,000.00","$24,646.43",292318189707105
2026-08-13T03:52:13,CLOSED,2025-CA-011243-O,08/12/2026 11:00 AM ET,"7720 RAVENNA AVE ORLANDO, 32819","$309,745.09","$234,900.00","$156,600.00",292330855206280
2026-08-13T03:52:13,CLOSED,2025-CA-011829-O,08/12/2026 11:00 AM ET,"9919 CYPRESS KNEE CIR ORLANDO, 32825","$519,256.08","$404,788.00","$348,808.00",312305180100010
2026-08-13T03:52:13,CLOSED,2025-CA-012073-O,08/12/2026 11:00 AM ET,"714 BELLSHIRE WAY WINTER GARDEN, 34787","$167,873.75","$441,570.00",Hidden,TIMESHARE
2026-08-13T03:52:13,CLOSED,2026-CA-001671-O,08/12/2026 11:00 AM ET,"4118 DIJON DR UNIT 4118E ORLANDO, 32808","$177,692.04","$118,300.00","$93,300.00",292205187604118
2026-08-13T03:52:13,CLOSED,2024-CA-007557-O,08/13/2026 11:00 AM ET,"7226 JONQUIL DR ORLANDO, 32818","$286,768.15","$90,473.00",Hidden,MULTIPLE
2026-08-13T03:52:13,CLOSED,2025-CA-007512-O,08/17/2026 11:00 AM ET,"10018 STRATFORD POINTE AVE ORLANDO, 32832","$664,149.62","$380,375.00",Hidden,312417899800110
2026-08-13T03:52:13,CLOSED,2025-CC-013587-O,08/26/2026 11:00 AM ET,"9337 WATCHET WAY ORLANDO, 32825","$20,119.86","$315,300.00",Hidden,312230808202030
2026-08-13T03:52:13,CLOSED,2024-CA-000960-O,09/03/2026 11:00 AM ET,"1326 E ESTHER ST ORLANDO, 32806","$167,647.88","$353,647.00",Hidden,292301193600010
2026-08-13T03:52:13,CLOSED,2018-CA-013612-O,09/22/2026 11:00 AM ET,"2334 BABBITT AVE ORLANDO, 32833",$0.00,"$264,088.00",Hidden,Property
2026-08-14T03:52:34,NEW,2024-CA-000960-O,09/03/2026 11:00 AM ET,"1326 E ESTHER ST ORLANDO, 32806","$167,647.88","$353,647.00",Hidden,292301193600010
2026-08-14T03:52:34,NEW,2024-CA-010876-O,09/10/2026 11:00 AM ET,"1547 PRIORY CIR WINTER GARDEN, 34787-5566","$378,380.92","$228,654.00",Hidden,272233829300330
2026-08-14T03:52:34,NEW,2024-CA-010096-O,09/15/2026 11:00 AM ET,"817 POLK ST ORLANDO, 32805","$3,314.52","$155,301.00",Hidden,TIMESHARE
2026-08-14T03:52:34,NEW,2025-CA-012239-O,09/16/2026 11:00 AM ET,"6126 CURRY FORD RD UNIT 246 ORLANDO, 32822","$5,571.72","$103,106.00",Hidden,TIMESHARE
2026-08-14T03:52:34,NEW,2025-CA-002040-O,09/17/2026 11:00 AM ET,"3999 MEANDERING BAY DR APOPKA, 32712","$650,120.96","$543,200.00",Hidden,272013933500410
2026-08-14T03:52:34,NEW,2024-CA-006090-O,09/22/2026 11:00 AM ET,"2334 BABBITT AVE ORLANDO, 32833",$0.00,"$264,088.00",Hidden,Property
2026-08-14T03:52:34,NEW,2024-CA-003659-O,10/13/2026 11:00 AM ET,"4238 WATERMILL AVE ORLANDO, 32817",$0.00,"$322,498.00",Hidden,Property
2026-08-14T03:52:34,NEW,2025-CA-010160-O,10/13/2026 11:00 AM ET,"5825 NORTH LN ORLANDO, 32808",$0.00,"$114,142.00",Hidden,Property
2026-08-14T03:52:34,CLOSED,2025-CA-000240-O,08/13/2026 11:00 AM ET,"7226 JONQUIL DR ORLANDO, 32818","$153,697.45","$90,473.00",Hidden,282223357802650
2026-08-14T03:52:34,CLOSED,2025-CA-004168-O,08/13/2026 11:00 AM ET,"3997 QUEEN ANNE DR ORLANDO, 32839","$129,688.30","$73,026.00",Hidden,292320116000600
2026-08-14T03:52:34,CLOSED,2025-CA-008523-O,08/13/2026 11:00 AM ET,"4205 SOLOMON DR ORLANDO, 32811","$13,673.79","$37,695.00",Hidden,TIMESHARE
2026-08-14T03:52:34,CLOSED,2025-CA-011575-O,08/13/2026 11:00 AM ET,"13804 DOVE WING CT ORLANDO, 32828","$10,534.88","$349,180.00","$11,759.42",322231053401090
2026-08-14T03:52:34,CLOSED,2026-CC-001893-O,08/13/2026 11:00 AM ET,"8832 SOUTHERN BREEZE DR ORLANDO, 32836","$59,062.89","$951,445.00",Hidden,282334248900260
2026-08-14T03:52:34,CLOSED,2025-CA-005997-O,08/25/2026 11:00 AM ET,"4177 N ORANGE BLOSSOM TRL UNIT ORLANDO, 32804","$4,338.50","$284,900.00",Hidden,TIMESHARE
2026-08-14T03:52:34,CLOSED,2024-CA-009540-O,08/31/2026 11:00 AM ET,"9941 GROSVENOR POINTE CIR WINDERMERE, 34786","$1,095,209.39","$3,402,476.00",Hidden,282329408309840
2026-08-14T03:52:34,CLOSED,2026-CA-001447-O,09/17/2026 11:00 AM ET,"3415 N GOLDENROD RD WINTER PARK, 32792","$379,444.55","$363,521.00",Hidden,302211499900990
2026-08-14T03:52:34,CLOSED,2024-CA-005953-O,10/13/2026 11:00 AM ET,"4238 WATERMILL AVE ORLANDO, 32817","$223,409.39","$322,498.00",Hidden,312206906600960
2026-08-14T03:52:34,CLOSED,2025-CA-010998-O,10/13/2026 11:00 AM ET,"5825 NORTH LN ORLANDO, 32808","$143,353.84","$114,142.00",Hidden,282201558900180
2026-08-17T03:52:34,NEW,2018-CA-013612-O,09/22/2026 11:00 AM ET,"1401 YATES ST ORLANDO, 32804","$158,872.04","$177,149.00",Hidden,292222177601400
2026-08-17T03:52:34,NEW,2025-CA-006177-O,09/24/2026 11:00 AM ET,"1824 WOODWARD ST ORLANDO, 32803","$294,070.96","$325,590.00",Hidden,302219151205040
2026-08-17T03:52:34,NEW,2025-CA-009768-O,09/24/2026 11:00 AM ET,"3069 CAYMAN WAY ORLANDO, 32812","$120,747.09","$367,380.00",Hidden,302304587300720
2026-08-17T03:52:34,NEW,2025-CA-010939-O,09/24/2026 11:00 AM ET,"1835 ALBERT LEE PKWY WINTER PARK, 32789","$215,945.07","$326,020.00",Hidden,292201005600031
2026-08-17T03:52:34,NEW,2023-CA-016573-O,09/29/2026 11:00 AM ET,"5550 E MICHIGAN ST ORLANDO, 32822","$3,294.21","$110,673.00",Hidden,TIMESHARE
2026-08-17T03:52:34,NEW,2023-CA-002019-O,10/07/2026 11:00 AM ET,"430 ASHLEY BROOKE CT APOPKA, 32712",$0.00,"$229,776.00",Hidden,Property
2026-08-17T03:52:34,CLOSED,2025-CA-011657-O,08/14/2026 11:00 AM ET,"8061 PUFFIN DR ORLANDO, 32825","$247,155.96","$213,370.00",Hidden,302235727101060
2026-08-17T03:52:34,CLOSED,2024-CA-007828-O,10/07/2026 11:00 AM ET,"430 ASHLEY BROOKE CT APOPKA, 32712","$5,441,529.16","$229,776.00",Hidden,Property
2026-08-17T03:52:34,CLOSED,2025-CA-010160-O,10/13/2026 11:00 AM ET,"5825 NORTH LN ORLANDO, 32808",$0.00,"$114,142.00",Hidden,Property
2026-08-18T03:52:41,NEW,2025-CA-003454-O,08/19/2026 11:00 AM ET,"13349 GREENPOINTE DR ORLANDO, 32824","$134,221.83","$130,270.00",Hidden,MULTIPLE
2026-08-18T03:52:41,NEW,2025-CA-003863-O,09/23/2026 11:00 AM ET,"13537 TETHERLINE TRL ORLANDO, 32837","$348,574.12","$133,359.00",Hidden,292427266600250
2026-08-18T03:52:41,NEW,2022-CC-014013-O,09/30/2026 11:00 AM ET,"5505 CARDER RD ORLANDO, 32810","$19,305.16","$1,619,352.00",Hidden,MEMBERSHIP
2026-08-18T03:52:41,NEW,2025-CA-007456-O,09/30/2026 11:00 AM ET,"500 WEST OAK RIDGE ROAD ORLANDO, 32809-4012","$681,550.84","$77,202.00",Hidden,Property
2026-08-18T03:52:41,NEW,2025-CA-010177-O,09/30/2026 11:00 AM ET,"4327 INWOOD LANDING DR ORLANDO, 32812","$332,534.72","$529,872.00",Hidden,302308385200010
2026-08-18T03:52:41,NEW,2026-CA-002655-O,09/30/2026 11:00 AM ET,"304 E SOUTH ST UNIT 5022 ORLANDO, 32801","$113,659.91","$162,200.00",Hidden,292236313055022
2026-08-18T03:52:41,NEW,2026-CA-002642-O,10/01/2026 11:00 AM ET,"1140 SADDLEBACK RIDGE RD APOPKA, 32703","$18,479.66","$249,660.00",Hidden,282123796400640
2026-08-18T03:52:41,NEW,2025-CA-009690-O,10/05/2026 11:00 AM ET,"4705 STONY BROOK LN ORLANDO, 32808","$217,701.45","$206,249.00",Hidden,292207803207010
2026-08-18T03:52:41,NEW,2025-CA-011851-O,10/05/2026 11:00 AM ET,"8462 MOREHOUSE DR ORLANDO, 32836","$12,003.83","$1,330,170.00",Hidden,282410665402530
2026-08-18T03:52:41,NEW,2024-CA-005708-O,10/06/2026 11:00 AM ET,"11419 BRINDLE ST ORLANDO, 32824","$204,280.55","$125,267.00",Hidden,302418887300550
2026-08-18T03:52:41,NEW,2025-CA-000623-O,10/06/2026 11:00 AM ET,"4179 BOOKER ST ORLANDO, 32811",$0.00,"$297,565.00",Hidden,Property
2026-08-18T03:52:41,NEW,2026-CA-001568-O,10/06/2026 11:00 AM ET,"2106 ELIO RIDGE DR ZELLWOOD, 32798",$0.00,"$366,900.00",Hidden,Property
2026-08-18T03:52:41,CLOSED,2025-CA-004157-O,08/19/2026 11:00 AM ET,"13349 GREENPOINTE DR ORLANDO, 32824","$153,971.34","$130,270.00",Hidden,292425320594010
2026-08-19T03:52:36,NEW,2025-CA-007198-O,09/09/2026 11:00 AM ET,"7614 BELL BLVD ORLANDO, 32810","$336,260.85","$193,870.00",Hidden,282125925209010
2026-08-19T03:52:36,NEW,2024-CA-008769-O,09/23/2026 11:00 AM ET,"18923 OLD CHENEY HWY ORLANDO, 32820","$91,381.26","$208,937.00",Hidden,322222072822412
2026-08-19T03:52:36,NEW,2025-CA-002962-O,10/06/2026 11:00 AM ET,"3835 TRAM CT ORLANDO, 32810","$67,360.81","$64,650.00",Hidden,292133134100060
2026-08-19T03:52:36,NEW,2025-CA-009541-O,10/06/2026 11:00 AM ET,"5263 CORAL CT UNIT 632 ORLANDO, 32811","$20,789.03","$207,300.00",Hidden,292307565079632
2026-08-19T03:52:36,NEW,2025-CA-012903-O,10/06/2026 11:00 AM ET,"4179 BOOKER ST ORLANDO, 32811","$323,394.36","$297,565.00",Hidden,292232765206210
2026-08-19T03:52:36,NEW,2026-CA-001882-O,10/06/2026 11:00 AM ET,"2106 ELIO RIDGE DR ZELLWOOD, 32798","$474,036.75","$366,900.00",Hidden,272025930001070
2026-08-19T03:52:36,NEW,2024-CA-007828-O,10/07/2026 11:00 AM ET,"5244 OLD WINTER GARDEN RD ORLANDO, 32811","$5,441,529.16","$755,539.00",Hidden,Property
2026-08-19T03:52:36,NEW,2025-CA-003935-O,10/07/2026 11:00 AM ET,"430 ASHLEY BROOKE CT APOPKA, 32712","$303,364.43","$229,776.00",Hidden,282105646149020
2026-08-19T03:52:36,NEW,2025-CA-007969-O,10/07/2026 11:00 AM ET,"8007 MEADOWGLEN DR ORLANDO, 32810","$292,752.75","$299,800.00",Hidden,292127714004030
2026-08-19T03:52:36,NEW,2025-CA-008297-O,10/07/2026 11:00 AM ET,"1083 S HIAWASSEE RD UNIT 636 ORLANDO, 32835","$24,649.19","$124,523.00",Hidden,282236866806360
2026-08-19T03:52:36,NEW,2025-CA-008399-O,10/07/2026 11:00 AM ET,"7315 GLASGOW AVE ORLANDO, 32819","$177,740.20","$316,900.00",Hidden,282314465600120
2026-08-19T03:52:36,NEW,2025-CA-009965-O,10/07/2026 11:00 AM ET,"7707 SENJILL CT ORLANDO, 32818","$6,640.81","$137,368.00",Hidden,282202755802450
2026-08-19T03:52:36,NEW,2025-CA-010027-O,10/07/2026 11:00 AM ET,"340 SMUGGLERS WAY APOPKA, 32712","$378,287.96","$306,650.00",Hidden,282109351500240
2026-08-19T03:52:36,NEW,2022-CC-002506-O,10/09/2026 11:00 AM ET,"1019 BRIDGEWAY BLVD ORLANDO, 32828","$15,223.15","$197,000.00",Hidden,312223089100260
2026-08-19T03:52:36,NEW,2023-CA-011215-O,10/13/2026 11:00 AM ET,"4426 POINT LOOK OUT RD ORLANDO, 32808","$168,556.39","$317,110.00",Hidden,292205775800490
2026-08-19T03:52:36,NEW,2023-CA-013451-O,10/13/2026 11:00 AM ET,"13051 GRAND BANK LN ORLANDO, 32825","$380,497.16","$281,858.00",Hidden,312309020600240
2026-08-19T03:52:36,CLOSED,2018-CA-005130-O,08/18/2026 11:00 AM ET,"1612 E HARDING ST ORLANDO, 32806","$365,072.62","$316,490.00",Hidden,302306503200021
2026-08-19T03:52:36,CLOSED,2025-CA-000736-O,08/18/2026 11:00 AM ET,"14825 TANJA KING BLVD ORLANDO, 32828","$148,958.79","$182,552.00","$151,012.58",322305100401400
2026-08-19T03:52:36,CLOSED,2025-CA-006271-O,08/18/2026 11:00 AM ET,"2935 HELEN AVE ORLANDO, 32804","$4,636.04","$280,640.00","$849,900.00",TIMESHARE
2026-08-19T03:52:36,CLOSED,2025-CA-009295-O,08/18/2026 11:00 AM ET,"4712 HALLIDAY LN ORLANDO, 32810","$196,890.29","$196,214.00",Hidden,292132000000205
2026-08-20T03:52:33,NEW,2025-CA-012097-O,09/23/2026 11:00 AM ET,"9111 OUTLOOK ROCK TRL WINDERMERE, 34786",$0.00,"$867,380.00",Hidden,Property
2026-08-20T03:52:33,NEW,2020-CA-005817-O,10/13/2026 11:00 AM ET,"12152 FLORIDA WOODS LN ORLANDO, 32824",$0.00,"$297,436.00",Hidden,Property
2026-08-20T03:52:33,NEW,2024-CA-005605-O,10/13/2026 11:00 AM ET,"5480 LESCOT LN ORLANDO, 32811","$204,200.30","$32,269.00",Hidden,292231182606260
2026-08-20T03:52:33,NEW,2024-CA-005953-O,10/13/2026 11:00 AM ET,"4238 WATERMILL AVE ORLANDO, 32817","$223,409.39","$322,498.00",Hidden,312206906600960
2026-08-20T03:52:33,NEW,2024-CA-009114-O,10/15/2026 11:00 AM ET,"2321 HOME AGAIN RD APOPKA, 32712","$297,135.05","$430,560.00",Hidden,282029602901730
2026-08-20T03:52:33,NEW,2025-CA-000355-O,10/15/2026 11:00 AM ET,"9819 GROSVENOR POINTE CIR WINDERMERE, 34786",$0.00,"$2,372,079.00",Hidden,282329408309980
2026-08-20T03:52:33,NEW,2025-CA-010325-O,10/15/2026 11:00 AM ET,"1603 OVERDALE ST ORLANDO, 32825","$131,276.17","$203,767.00",Hidden,302224229500080
2026-08-20T03:52:33,NEW,2026-CA-003161-O,10/15/2026 11:00 AM ET,"2011 CORNELL AVE WINTER PARK, 32789","$409,992.05","$293,720.00",Hidden,292212827201051
2026-08-20T03:52:33,NEW,2016-CA-003258-O,10/20/2026 11:00 AM ET,"1250 FOXTREE TRL APOPKA, 32712","$686,377.92","$237,480.00",Hidden,282035285800050
2026-08-20T03:52:33,NEW,2024-CA-003210-O,10/20/2026 11:00 AM ET,"3513 PIPES O THE GLEN WAY ORLANDO, 32808","$213,117.62","$225,470.00",Hidden,292207517406040
2026-08-20T03:52:33,NEW,2025-CA-009787-O,10/20/2026 11:00 AM ET,"34 N HYER AVE ORLANDO, 32801","$2,211.20","$417,823.00",Hidden,TIMESHARE
2026-08-20T03:52:33,NEW,2023-CA-011606-O,10/22/2026 11:00 AM ET,"13801 AVALON RD WINTER GARDEN, 34787","$474,462.86","$515,054.00",Hidden,272430000000010
2026-08-20T03:52:33,CLOSED,2023-CA-012880-O,08/19/2026 11:00 AM ET,"1421 W YALE ST ORLANDO, 32804","$377,742.00","$324,040.00",Hidden,292214146806191
2026-08-20T03:52:33,CLOSED,2025-CA-003454-O,08/19/2026 11:00 AM ET,"3411 & 3417 WARREN PARK RD ORLANDO, 32812","$134,221.83","$130,270.00",Hidden,MULTIPLE
2026-08-20T03:52:33,CLOSED,2025-CA-012492-O,09/23/2026 11:00 AM ET,"9111 OUTLOOK ROCK TRL WINDERMERE, 34786","$1,153,345.67","$867,380.00",Hidden,272336916000480
2026-08-20T03:52:33,CLOSED,2026-CC-000894-O,09/28/2026 11:00 AM ET,"2851 CRIBBLE CT ORLANDO, 32825","$9,191.87","$151,708.00",Hidden,312305180100290
2026-08-20T03:52:33,CLOSED,2023-CA-000589-O,10/13/2026 11:00 AM ET,"12152 FLORIDA WOODS LN ORLANDO, 32824","$420,821.99","$297,436.00",Hidden,292424558613070
2026-08-21T03:52:26,NEW,2026-CA-004577-O,08/26/2026 11:00 AM ET,"7601 CANADA AVE ORLANDO, 32819","$171,905.29","$149,000.00",Hidden,282325345900433
2026-08-21T03:52:26,NEW,2025-CA-012492-O,09/23/2026 11:00 AM ET,"9111 OUTLOOK ROCK TRL WINDERMERE, 34786","$1,153,345.67","$867,380.00",Hidden,272336916000480
2026-08-21T03:52:26,NEW,2026-CC-000894-O,09/28/2026 11:00 AM ET,"2851 CRIBBLE CT ORLANDO, 32825","$9,191.87","$151,708.00",Hidden,312305180100290
2026-08-21T03:52:26,NEW,2025-CA-012379-O,09/30/2026 11:00 AM ET,"304 E SOUTH ST UNIT 5022 ORLANDO, 32801",$0.00,"$162,200.00",Hidden,Property
2026-08-21T03:52:26,NEW,2023-CA-017642-O,10/01/2026 11:00 AM ET,"1140 SADDLEBACK RIDGE RD APOPKA, 32703",$0.00,"$249,660.00",Hidden,Property
2026-08-21T03:52:26,NEW,2017-CA-009370-O,10/06/2026 11:00 AM ET,"5584 DEER CREEK DR ORLANDO, 32821","$400,312.89","$211,742.00",Hidden,292418198100150
2026-08-21T03:52:26,NEW,2023-CA-000589-O,10/13/2026 11:00 AM ET,"12152 FLORIDA WOODS LN ORLANDO, 32824","$420,821.99","$297,436.00",Hidden,292424558613070
2026-08-21T03:52:26,NEW,2024-CA-005199-O,10/13/2026 11:00 AM ET,"5480 LESCOT LN ORLANDO, 32811",$0.00,"$32,269.00",Hidden,Property
2026-08-21T03:52:26,NEW,2025-CA-006183-O,10/15/2026 11:00 AM ET,"15531 CITRUS HARVEST RD WINTER GARDEN, 34787","$192,779.70","$607,339.00",Hidden,272233360402460
2026-08-21T03:52:26,CLOSED,2023-CC-020740-O,08/20/2026 11:00 AM ET,"4502 PACER CT ORLANDO, 32818","$56,311.94","$252,366.00",Hidden,282201372200390
2026-08-21T03:52:26,CLOSED,2024-CA-007652-O,08/20/2026 11:00 AM ET,"4727 OKEEFE CT ORLANDO, 32808","$242,286.67","$173,600.00",Hidden,292207517407150
2026-08-21T03:52:26,CLOSED,2025-CA-008323-O,08/20/2026 11:00 AM ET,"1135 GARRETT GILLIAM DR OCOEE, 34761","$241,382.78","$326,912.00","$223,300.00",282133555600510
2026-08-21T03:52:26,CLOSED,2025-CA-011004-O,08/20/2026 11:00 AM ET,"7125 TURQUOISE LN ORLANDO, 32807","$284,088.93","$230,270.00",Hidden,302214864613100
2026-08-21T03:52:26,CLOSED,2026-CA-001057-O,08/20/2026 11:00 AM ET,"1239 WYNDHAM PINE DR APOPKA, 32712","$10,534.59","$429,370.00","$10,634.62",282033709900330
2026-08-21T03:52:26,CLOSED,2026-CC-009844-O,08/20/2026 11:00 AM ET,"17154 SALTY DOG RD WINTER GARDEN, 34787","$9,842.95","$537,380.00","$9,842.95",272306890402390
2026-08-21T03:52:26,CLOSED,2022-CA-007893-O,08/26/2026 11:00 AM ET,"2229 N HIAWASSEE RD ORLANDO, 32818","$223,870.98","$166,478.00",Hidden,282213352402010
2026-08-21T03:52:26,CLOSED,2024-CA-006633-O,09/01/2026 11:00 AM ET,"139 DEEPCOVE RD WINTER GARDEN, 34787","$196,094.53","$242,231.00",Hidden,272226199202110
2026-08-21T03:52:26,CLOSED,2026-CA-002655-O,09/30/2026 11:00 AM ET,"304 E SOUTH ST UNIT 5022 ORLANDO, 32801","$113,659.91","$162,200.00",Hidden,292236313055022
2026-08-21T03:52:26,CLOSED,2026-CA-002642-O,10/01/2026 11:00 AM ET,"1140 SADDLEBACK RIDGE RD APOPKA, 32703","$18,479.66","$249,660.00",Hidden,282123796400640
2026-08-21T03:52:26,CLOSED,2024-CA-005605-O,10/13/2026 11:00 AM ET,"5480 LESCOT LN ORLANDO, 32811","$204,200.30","$32,269.00",Hidden,292231182606260
2026-08-21T03:52:26,CLOSED,2025-CA-009787-O,10/20/2026 11:00 AM ET,"34 N HYER AVE ORLANDO, 32801","$2,211.20","$417,823.00",Hidden,TIMESHARE
2026-08-24T03:52:42,NEW,2025-CA-005997-O,08/25/2026 11:00 AM ET,"702 STARKE LAKE CIR OCOEE, 34761","$4,338.50","$255,738.00",Hidden,TIMESHARE
2026-08-24T03:52:42,NEW,2025-CA-005899-O,09/23/2026 11:00 AM ET,"14501 GROVE RESORT AVE # 3420 WINTER GARDEN, 34787","$260,631.74","$372,922.00",Hidden,Property
2026-08-24T03:52:42,NEW,2026-CA-002642-O,10/01/2026 11:00 AM ET,"1140 SADDLEBACK RIDGE RD APOPKA, 32703","$18,479.66","$249,660.00",Hidden,282123796400640
2026-08-24T03:52:42,NEW,2024-CA-005605-O,10/13/2026 11:00 AM ET,"5480 LESCOT LN ORLANDO, 32811","$204,200.30","$32,269.00",Hidden,292231182606260
2026-08-24T03:52:42,NEW,2026-CA-001637-O,10/14/2026 11:00 AM ET,"619 MERCADO AVE ORLANDO, 32807","$261,513.32","$261,880.00",Hidden,302233570010180
2026-08-24T03:52:42,NEW,2024-CA-010169-O,10/29/2026 11:00 AM ET,"2227 CATALINA DR ORLANDO, 32805","$2,060,966.11","$213,960.00",Hidden,MULTIPLE
2026-08-24T03:52:42,CLOSED,2021-CA-000100-O,08/25/2026 11:00 AM ET,"1310 AGUACATE CT ORLANDO, 32837","$1,104,572.17","$256,055.00",Hidden,292427822800130
2026-08-24T03:52:42,CLOSED,2022-CA-002098-O,08/25/2026 11:00 AM ET,"3327 ROYAL ST WINTER PARK, 32792","$375,017.54","$247,295.00",Hidden,302210173600050
2026-08-24T03:52:42,CLOSED,2025-CC-011139-O,08/26/2026 11:00 AM ET,"918 LAKESIDE ESTATES DR APOPKA, 32703","$11,586.34","$413,120.00",Hidden,282117483902060
2026-08-24T03:52:42,CLOSED,2024-CC-017099-O,09/01/2026 11:00 AM ET,"2514 SUGARSAND CT APOPKA, 32712","$10,472.20","$165,969.00",Hidden,282030023103360
2026-08-24T03:52:42,CLOSED,2025-CA-012097-O,09/23/2026 11:00 AM ET,"1409 AVLEIGH CIR ORLANDO, 32824","$388,340.81","$372,922.00",Hidden,292436824368030
2026-08-26T03:52:41,NEW,2025-CA-011333-O,08/27/2026 11:00 AM ET,"2225 KINGSLAND AVE ORLANDO, 32808","$143,818.66","$135,935.00",Hidden,292218253502040
2026-08-26T03:52:41,NEW,2025-CA-002900-O,09/29/2026 11:00 AM ET,"4816 OAKBROOKE PL ORLANDO, 32812","$3,048.94","$420,600.00",Hidden,TIMESHARE
2026-08-26T03:52:41,NEW,2025-CA-009844-O,09/30/2026 11:00 AM ET,"4327 INWOOD LANDING DR ORLANDO, 32812","$11,847.89","$529,872.00",Hidden,TIMESHARE
2026-08-26T03:52:41,NEW,2024-CC-021030-O,10/06/2026 11:00 AM ET,"1692 SCRUB JAY RD APOPKA, 32703",$0.00,"$396,547.00",Hidden,Property
2026-08-26T03:52:41,NEW,2022-CA-009021-O,10/07/2026 11:00 AM ET,"12525 BEACONTREE WAY ORLANDO, 32837","$9,381.58","$395,407.00",Hidden,292422823301640
2026-08-26T03:52:41,NEW,2026-CA-000891-O,10/08/2026 11:00 AM ET,"8322 LAKE AMHURST TRL ORLANDO, 32829","$333,842.15","$337,439.00",Hidden,302324897600100
2026-08-26T03:52:41,NEW,2025-CA-003057-O,10/21/2026 11:00 AM ET,"129 CORNWALL RD WINTER PARK, 32792","$114,276.28","$392,253.00",Hidden,302204942301140
2026-08-26T03:52:41,NEW,2025-CA-008358-O,10/29/2026 11:00 AM ET,"1624 RENEE AVE ORLANDO, 32825","$314,165.45","$323,952.00",Hidden,302224806801040
2026-08-26T03:52:41,NEW,2025-CA-000399-O,11/03/2026 11:00 AM ET,"1204 1206 1210 41ST STREET ORLANDO, 32839","$1,668,630.91","$221,239.00",Hidden,Property
2026-08-26T03:52:41,NEW,2025-CA-011224-O,11/03/2026 11:00 AM ET,"7716 TERN DR ORLANDO, 32822","$162,721.38","$264,170.00",Hidden,302311727402780
2026-08-26T03:52:41,CLOSED,2025-CC-027227-O,08/24/2026 11:00 AM ET,"3830 SOUTHPOINTE DR UNIT L-2 ORLANDO, 32822","$23,814.96","$141,885.00","$23,814.96",302310818216102
2026-08-26T03:52:41,CLOSED,2024-CA-008450-O,08/25/2026 11:00 AM ET,"7878 TANBIER DR ORLANDO, 32818","$7,195.80","$326,310.00",Hidden,282202756500140
2026-08-26T03:52:41,CLOSED,2025-CA-005997-O,08/25/2026 11:00 AM ET,"702 STARKE LAKE CIR OCOEE, 34761","$4,338.50","$255,738.00",Hidden,TIMESHARE
2026-08-26T03:52:41,CLOSED,2025-CC-005115-O,08/26/2026 11:00 AM ET,"10514 LINGER LN ORLANDO, 32821","$9,457.31","$259,110.00",Hidden,292407472001360
2026-08-26T03:52:41,CLOSED,2025-CA-005592-O,08/27/2026 11:00 AM ET,"2810 PALM ISLE WAY ORLANDO, 32829","$86,199.71","$138,619.00",Hidden,302312234100350
2026-08-26T03:52:41,CLOSED,2025-CA-010177-O,09/30/2026 11:00 AM ET,"4327 INWOOD LANDING DR ORLANDO, 32812","$332,534.72","$529,872.00",Hidden,302308385200010
2026-08-26T03:52:41,CLOSED,2025-CA-000623-O,10/06/2026 11:00 AM ET,"1692 SCRUB JAY RD APOPKA, 32703","$511,438.84","$396,547.00",Hidden,282107554800660
2026-08-26T03:52:41,CLOSED,2026-CA-001882-O,10/06/2026 11:00 AM ET,"2106 ELIO RIDGE DR ZELLWOOD, 32798","$474,036.75","$366,900.00",Hidden,272025930001070
2026-08-26T03:52:41,CLOSED,2025-CA-010027-O,10/07/2026 11:00 AM ET,"340 SMUGGLERS WAY APOPKA, 32712","$378,287.96","$306,650.00",Hidden,282109351500240
2026-08-27T03:52:50,NEW,2024-CA-010427-O,09/29/2026 11:00 AM ET,"4816 OAKBROOKE PL ORLANDO, 32812",$0.00,"$420,600.00",Hidden,Property
2026-08-27T03:52:50,NEW,2026-CA-002747-O,10/05/2026 11:00 AM ET,"2540 WOODGATE BLVD UNIT 203 ORLANDO, 32822","$82,928.81","$28,176.00",Hidden,302303211309203
2026-08-27T03:52:50,NEW,2025-CA-000623-O,10/06/2026 11:00 AM ET,"1692 SCRUB JAY RD APOPKA, 32703","$511,438.84","$396,547.00",Hidden,282107554800660
2026-08-27T03:52:50,NEW,2025-CA-007102-O,10/07/2026 11:00 AM ET,"8007 MEADOWGLEN DR ORLANDO, 32810",$0.00,"$299,800.00",Hidden,Property
2026-08-27T03:52:50,NEW,2022-CA-005059-O,10/14/2026 11:00 AM ET,"619 MERCADO AVE ORLANDO, 32807",$0.00,"$261,880.00",Hidden,Property
2026-08-27T03:52:50,NEW,2019-CA-014793-O,10/21/2026 11:00 AM ET,"129 CORNWALL RD WINTER PARK, 32792",$0.00,"$392,253.00",Hidden,Property
2026-08-27T03:52:50,NEW,2024-CA-004265-O,11/10/2026 11:00 AM ET,"6419 CHANTRY ST ORLANDO, 32835","$104,700.95","$126,908.00",Hidden,282225642016150
2026-08-27T03:52:50,NEW,2025-CA-006710-O,11/10/2026 11:00 AM ET,"825 BELLA VISTA WAY ORLANDO, 32825",$0.00,"$273,269.00",Hidden,Property
2026-08-27T03:52:50,CLOSED,2024-CA-006365-O,08/26/2026 11:00 AM ET,"1820 W GRANT ST ORLANDO, 32805","$295,273.50","$228,690.00",Hidden,292303743503060
2026-08-27T03:52:50,CLOSED,2025-CA-012081-O,08/26/2026 11:00 AM ET,"10514 LINGER LN ORLANDO, 32821","$63,359.26","$259,110.00",Hidden,TIMESHARE
2026-08-27T03:52:50,CLOSED,2025-CC-017771-O,08/26/2026 11:00 AM ET,"4833 CYPRESS WOODS DR APT 4301 ORLANDO, 32811","$17,965.90","$189,800.00","$17,965.90",292318832004301
2026-08-27T03:52:50,CLOSED,2025-CC-017877-O,08/26/2026 11:00 AM ET,"2942 S SEMORAN BLVD UNIT 1103 ORLANDO, 32822","$10,640.00","$104,908.00",Hidden,302304127111030
2026-08-27T03:52:50,CLOSED,2026-CA-001031-O,08/26/2026 11:00 AM ET,"2149 MONTE CARLO TRL ORLANDO, 32805","$186,797.95","$105,640.00",Hidden,TIMESHARE
2026-08-27T03:52:50,CLOSED,2026-CA-004577-O,08/26/2026 11:00 AM ET,"7601 CANADA AVE ORLANDO, 32819","$171,905.29","$149,000.00",Hidden,282325345900433
2026-08-27T03:52:50,CLOSED,2024-CA-001256-O,08/28/2026 11:00 AM ET,"6418 S GOLDENROD RD UNIT 9C ORLANDO, 32822","$209,082.82","$282,704.00",Hidden,302323120509030
2026-08-27T03:52:50,CLOSED,2025-CA-002900-O,09/29/2026 11:00 AM ET,"4816 OAKBROOKE PL ORLANDO, 32812","$3,048.94","$420,600.00",Hidden,TIMESHARE
2026-08-27T03:52:50,CLOSED,2025-CA-012379-O,09/30/2026 11:00 AM ET,"304 E SOUTH ST UNIT 5022 ORLANDO, 32801","$9,207.02","$162,200.00",Hidden,TIMESHARE
2026-08-27T03:52:50,CLOSED,2025-CA-007969-O,10/07/2026 11:00 AM ET,"8007 MEADOWGLEN DR ORLANDO, 32810","$292,752.75","$299,800.00",Hidden,292127714004030
2026-08-27T03:52:50,CLOSED,2025-CA-009965-O,10/07/2026 11:00 AM ET,"7707 SENJILL CT ORLANDO, 32818","$6,640.81","$137,368.00",Hidden,282202755802450
2026-08-27T03:52:50,CLOSED,2026-CA-001637-O,10/14/2026 11:00 AM ET,"619 MERCADO AVE ORLANDO, 32807","$261,513.32","$261,880.00",Hidden,302233570010180
2026-08-27T03:52:50,CLOSED,2025-CA-003057-O,10/21/2026 11:00 AM ET,"129 CORNWALL RD WINTER PARK, 32792","$114,276.28","$392,253.00",Hidden,302204942301140
2026-08-28T03:52:48,NEW,2024-CA-008117-O,09/28/2026 11:00 AM ET,"118 W 12TH ST APOPKA, 32703","$114,472.46","$219,493.00",Hidden,282116590900440
2026-08-28T03:52:48,NEW,2025-CA-002900-O,09/29/2026 11:00 AM ET,"4816 OAKBROOKE PL ORLANDO, 32812","$3,048.94","$420,600.00",Hidden,TIMESHARE
2026-08-28T03:52:48,NEW,2025-CA-002176-O,09/30/2026 11:00 AM ET,"5505 CARDER RD ORLANDO, 32810","$8,212,466.85","$1,619,352.00",Hidden,292204876405080
2026-08-28T03:52:48,NEW,2025-CA-007969-O,10/07/2026 11:00 AM ET,"8007 MEADOWGLEN DR ORLANDO, 32810","$292,752.75","$299,800.00",Hidden,292127714004030
2026-08-28T03:52:48,NEW,2026-CA-001637-O,10/14/2026 11:00 AM ET,"619 MERCADO AVE ORLANDO, 32807","$261,513.32","$261,880.00",Hidden,302233570010180
2026-08-28T03:52:48,NEW,2025-CA-003057-O,10/21/2026 11:00 AM ET,"129 CORNWALL RD WINTER PARK, 32792","$114,276.28","$392,253.00",Hidden,302204942301140
2026-08-28T03:52:48,NEW,2023-CA-016936-O,10/23/2026 11:00 AM ET,"7029 CARNA CT ORLANDO, 32807","$163,220.60","$110,579.00",Hidden,302226797300210
2026-08-28T03:52:48,CLOSED,2025-CA-005234-O,08/27/2026 11:00 AM ET,"3934 ROCK HILL LOOP APOPKA, 32712","$615,539.40","$544,124.00","$561,000.00",282017742406570
2026-08-28T03:52:48,CLOSED,2025-CA-005648-O,08/27/2026 11:00 AM ET,"2080 COBBLEFIELD CIR APOPKA, 32703","$24,680.71","$310,239.00",Hidden,TIMESHARE
2026-08-28T03:52:48,CLOSED,2025-CA-011333-O,08/27/2026 11:00 AM ET,"2225 KINGSLAND AVE ORLANDO, 32808","$143,818.66","$135,935.00",Hidden,292218253502040
2026-08-28T03:52:48,CLOSED,2023-CA-013464-O,08/28/2026 11:00 AM ET,"1268 DEGRAW DR APOPKA, 32712","$387,636.58","$327,171.00",Hidden,282017743101098
2026-08-28T03:52:48,CLOSED,2017-CA-009370-O,10/06/2026 11:00 AM ET,"5584 DEER CREEK DR ORLANDO, 32821","$400,312.89","$211,742.00",Hidden,292418198100150
2026-08-28T03:52:48,CLOSED,2026-CA-001568-O,10/06/2026 11:00 AM ET,"6819 SUGARBUSH DR ORLANDO, 32819","$417,219.48","$197,317.00",Hidden,282327780701920
2026-08-31T03:52:54,NEW,2026-CA-001376-O,09/02/2026 11:00 AM ET,"4231 TALL TREE DR ORLANDO, 32810","$302,997.69","$377,520.00",Hidden,292129433200650
2026-08-31T03:52:54,NEW,2024-CA-005626-O,09/30/2026 11:00 AM ET,"1984 CASABA COVE AVE OCOEE, 34761","$33,263.02","$401,900.00",Hidden,282204627400500
2026-08-31T03:52:54,NEW,2017-CA-009370-O,10/06/2026 11:00 AM ET,"5584 DEER CREEK DR ORLANDO, 32821","$400,312.89","$211,742.00",Hidden,292418198100150
2026-08-31T03:52:54,NEW,2024-CA-003117-O,10/08/2026 11:00 AM ET,"8322 LAKE AMHURST TRL ORLANDO, 32829",$0.00,"$337,439.00",Hidden,Property
2026-08-31T03:52:54,NEW,2026-CC-005415-O,10/26/2026 11:00 AM ET,"6418 CARTMEL LN WINDERMERE, 34786","$51,213.86","$794,684.00",Hidden,282319739200900
2026-08-31T03:52:54,NEW,2025-CA-009787-O,10/27/2026 11:00 AM ET,"12916 LOWER RIVER BLVD ORLANDO, 32828","$4,050.38","$168,375.00",Hidden,TIMESHARE
2026-08-31T03:52:54,NEW,2025-CA-007864-O,10/28/2026 11:00 AM ET,"81 JAKE CT OCOEE, 34761","$87,693.77","$261,480.00",Hidden,282131285500980
2026-08-31T03:52:54,NEW,2025-CA-009230-O,10/28/2026 11:00 AM ET,"14668 BRADDOCK OAK DR ORLANDO, 32837","$467,393.96","$415,514.00",Hidden,292431386300320
2026-08-31T03:52:54,NEW,2025-CA-008446-O,11/10/2026 11:00 AM ET,"825 BELLA VISTA WAY ORLANDO, 32825","$228,360.77","$273,269.00",Hidden,312219388800385
2026-08-31T03:52:54,NEW,2025-CA-009411-O,11/10/2026 11:00 AM ET,"702 STARKE LAKE CIR OCOEE, 34761","$292,895.10","$255,738.00",Hidden,282217494701150
2026-08-31T03:52:54,NEW,2025-CA-003929-O,11/17/2026 11:00 AM ET,"5006 MONET AVE BELLE ISLE, 32812","$433,564.58","$490,026.00",Hidden,302317437803100
2026-08-31T03:52:54,NEW,2025-CA-011591-O,11/17/2026 11:00 AM ET,"4206 FLORA VISTA DR ORLANDO, 32837","$269,832.07","$317,962.00",Hidden,292430310800970
2026-08-31T03:52:54,NEW,2025-CA-011283-O,11/18/2026 11:00 AM ET,"14501 GROVE RESORT AVE # 2334 WINTER GARDEN, 34787","$261,680.27","$88,276.00",Hidden,Property
2026-08-31T03:52:54,NEW,2025-CA-007841-O,11/19/2026 11:00 AM ET,"1926 PARK MANOR DR ORLANDO, 32817","$376,304.07","$350,453.00",Hidden,312216807902010
2026-08-31T03:52:54,NEW,2026-CA-000746-O,11/23/2026 11:00 AM ET,"7978 ELMSTONE CIR ORLANDO, 32822","$190,370.84","$175,859.00",Hidden,302323945001000
2026-08-31T03:52:54,NEW,2026-CA-002181-O,12/01/2026 11:00 AM ET,"5440 AMAZON ST ORLANDO, 32810","$302,498.84","$115,295.00",Hidden,292129035710420
2026-08-31T03:52:54,NEW,2025-CA-002443-O,12/10/2026 11:00 AM ET,"13785 ABBERWICK DR ORLANDO, 32832","$2,060,454.31","$1,745,100.00",Hidden,312433229902930
2026-08-31T03:52:54,NEW,2025-CA-002213-O,12/14/2026 11:00 AM ET,"10613 SANDRIDGE CT ORLANDO, 32817","$117,638.13","$403,245.00",Hidden,312205841000880
2026-08-31T03:52:54,NEW,2026-CA-004469-O,12/15/2026 11:00 AM ET,"297 LANCER OAK DR APOPKA, 32712","$7,677.35","$161,724.00",Hidden,282033710800510
2026-08-31T03:52:54,NEW,2025-CA-001918-O,12/17/2026 11:00 AM ET,"2225 BAKER AVE ORLANDO, 32833","$255,045.87","$218,204.00",Hidden,322301759727070
2026-08-31T03:52:54,NEW,2024-CA-008178-O,12/21/2026 11:00 AM ET,"9621 WINDY RIDGE RD WINDERMERE, 34786","$128,676.72","$850,000.00",Hidden,282304936700005
2026-08-31T03:52:54,NEW,2025-CA-006125-O,01/05/2027 11:00 AM ET,"7828 CHEDISTON CIR ORLANDO, 32817","$141,078.66","$73,459.00",Hidden,302211555400230
2026-08-31T03:52:54,CLOSED,2026-CA-003985-O,08/28/2026 11:00 AM ET,"8455 A D MIMS RD ORLANDO, 32818","$439,931.71","$78,650.00","$439,931.71",282210000000139
2026-08-31T03:52:54,CLOSED,2026-CA-000891-O,10/08/2026 11:00 AM ET,"8322 LAKE AMHURST TRL ORLANDO, 32829","$333,842.15","$337,439.00",Hidden,302324897600100
2026-08-31T03:52:54,CLOSED,2024-CA-004265-O,11/10/2026 11:00 AM ET,"6419 CHANTRY ST ORLANDO, 32835","$104,700.95","$126,908.00",Hidden,282225642016150
2026-08-31T03:52:54,CLOSED,2025-CA-006710-O,11/10/2026 11:00 AM ET,"825 BELLA VISTA WAY ORLANDO, 32825",$0.00,"$273,269.00",Hidden,Property
